# ************************************************************
# Sequel Pro SQL dump
# Version 4096
#
# http://www.sequelpro.com/
# http://code.google.com/p/sequel-pro/
#
# Host: 127.0.0.1 (MySQL 5.6.26)
# Database: moviedb
# Generation Time: 2015-09-06 20:05:10 +0000
# ************************************************************


/*!40101 SET @OLD_CHARACTER_SET_CLIENT=@@CHARACTER_SET_CLIENT */;
/*!40101 SET @OLD_CHARACTER_SET_RESULTS=@@CHARACTER_SET_RESULTS */;
/*!40101 SET @OLD_COLLATION_CONNECTION=@@COLLATION_CONNECTION */;
/*!40101 SET NAMES utf8 */;
/*!40014 SET @OLD_FOREIGN_KEY_CHECKS=@@FOREIGN_KEY_CHECKS, FOREIGN_KEY_CHECKS=0 */;
/*!40101 SET @OLD_SQL_MODE=@@SQL_MODE, SQL_MODE='NO_AUTO_VALUE_ON_ZERO' */;
/*!40111 SET @OLD_SQL_NOTES=@@SQL_NOTES, SQL_NOTES=0 */;


# Dump of table accounts_userprofile
# ------------------------------------------------------------

DROP TABLE IF EXISTS `accounts_userprofile`;

CREATE TABLE `accounts_userprofile` (
  `id` int(11) NOT NULL AUTO_INCREMENT,
  `public` tinyint(1) NOT NULL,
  `source` varchar(10) NOT NULL,
  `user_id` int(11) NOT NULL,
  PRIMARY KEY (`id`),
  UNIQUE KEY `user_id` (`user_id`),
  CONSTRAINT `accounts_userprofile_user_id_3c4c1a3843c1abe_fk_auth_user_id` FOREIGN KEY (`user_id`) REFERENCES `auth_user` (`id`)
) ENGINE=InnoDB DEFAULT CHARSET=utf8;



# Dump of table auth_group
# ------------------------------------------------------------

DROP TABLE IF EXISTS `auth_group`;

CREATE TABLE `auth_group` (
  `id` int(11) NOT NULL AUTO_INCREMENT,
  `name` varchar(80) NOT NULL,
  PRIMARY KEY (`id`),
  UNIQUE KEY `name` (`name`)
) ENGINE=InnoDB DEFAULT CHARSET=utf8;



# Dump of table auth_group_permissions
# ------------------------------------------------------------

DROP TABLE IF EXISTS `auth_group_permissions`;

CREATE TABLE `auth_group_permissions` (
  `id` int(11) NOT NULL AUTO_INCREMENT,
  `group_id` int(11) NOT NULL,
  `permission_id` int(11) NOT NULL,
  PRIMARY KEY (`id`),
  UNIQUE KEY `group_id` (`group_id`,`permission_id`),
  KEY `auth_group__permission_id_1f49ccbbdc69d2fc_fk_auth_permission_id` (`permission_id`),
  CONSTRAINT `auth_group__permission_id_1f49ccbbdc69d2fc_fk_auth_permission_id` FOREIGN KEY (`permission_id`) REFERENCES `auth_permission` (`id`),
  CONSTRAINT `auth_group_permission_group_id_689710a9a73b7457_fk_auth_group_id` FOREIGN KEY (`group_id`) REFERENCES `auth_group` (`id`)
) ENGINE=InnoDB DEFAULT CHARSET=utf8;



# Dump of table auth_permission
# ------------------------------------------------------------

DROP TABLE IF EXISTS `auth_permission`;

CREATE TABLE `auth_permission` (
  `id` int(11) NOT NULL AUTO_INCREMENT,
  `name` varchar(255) NOT NULL,
  `content_type_id` int(11) NOT NULL,
  `codename` varchar(100) NOT NULL,
  PRIMARY KEY (`id`),
  UNIQUE KEY `content_type_id` (`content_type_id`,`codename`),
  CONSTRAINT `auth__content_type_id_508cf46651277a81_fk_django_content_type_id` FOREIGN KEY (`content_type_id`) REFERENCES `django_content_type` (`id`)
) ENGINE=InnoDB DEFAULT CHARSET=utf8;

LOCK TABLES `auth_permission` WRITE;
/*!40000 ALTER TABLE `auth_permission` DISABLE KEYS */;

INSERT INTO `auth_permission` (`id`, `name`, `content_type_id`, `codename`)
VALUES
	(1,'Can add permission',1,'add_permission'),
	(2,'Can change permission',1,'change_permission'),
	(3,'Can delete permission',1,'delete_permission'),
	(4,'Can add group',2,'add_group'),
	(5,'Can change group',2,'change_group'),
	(6,'Can delete group',2,'delete_group'),
	(7,'Can add user',3,'add_user'),
	(8,'Can change user',3,'change_user'),
	(9,'Can delete user',3,'delete_user'),
	(10,'Can add content type',4,'add_contenttype'),
	(11,'Can change content type',4,'change_contenttype'),
	(12,'Can delete content type',4,'delete_contenttype'),
	(13,'Can add session',5,'add_session'),
	(14,'Can change session',5,'change_session'),
	(15,'Can delete session',5,'delete_session'),
	(16,'Can add site',6,'add_site'),
	(17,'Can change site',6,'change_site'),
	(18,'Can delete site',6,'delete_site'),
	(19,'Can add log entry',7,'add_logentry'),
	(20,'Can change log entry',7,'change_logentry'),
	(21,'Can delete log entry',7,'delete_logentry'),
	(22,'Can add user profile',8,'add_userprofile'),
	(23,'Can change user profile',8,'change_userprofile'),
	(24,'Can delete user profile',8,'delete_userprofile'),
	(25,'Can add person',9,'add_person'),
	(26,'Can change person',9,'change_person'),
	(27,'Can delete person',9,'delete_person'),
	(28,'Can add director',10,'add_director'),
	(29,'Can change director',10,'change_director'),
	(30,'Can delete director',10,'delete_director'),
	(31,'Can add writer',11,'add_writer'),
	(32,'Can change writer',11,'change_writer'),
	(33,'Can delete writer',11,'delete_writer'),
	(34,'Can add actor',12,'add_actor'),
	(35,'Can change actor',12,'change_actor'),
	(36,'Can delete actor',12,'delete_actor'),
	(37,'Can add genre',13,'add_genre'),
	(38,'Can change genre',13,'change_genre'),
	(39,'Can delete genre',13,'delete_genre'),
	(40,'Can add movie',14,'add_movie'),
	(41,'Can change movie',14,'change_movie'),
	(42,'Can delete movie',14,'delete_movie'),
	(43,'Can add widget',15,'add_widget'),
	(44,'Can change widget',15,'change_widget'),
	(45,'Can delete widget',15,'delete_widget'),
	(46,'Can add page to widget',16,'add_pagetowidget'),
	(47,'Can change page to widget',16,'change_pagetowidget'),
	(48,'Can delete page to widget',16,'delete_pagetowidget'),
	(49,'Can add page',17,'add_page'),
	(50,'Can change page',17,'change_page'),
	(51,'Can delete page',17,'delete_page'),
	(52,'Can add block of text',18,'add_textwidget'),
	(53,'Can change block of text',18,'change_textwidget'),
	(54,'Can delete block of text',18,'delete_textwidget'),
	(55,'Can add movie focus widget',19,'add_moviefocuswidget'),
	(56,'Can change movie focus widget',19,'change_moviefocuswidget'),
	(57,'Can delete movie focus widget',19,'delete_moviefocuswidget'),
	(58,'Can add group of movies',20,'add_movieswidget'),
	(59,'Can change group of movies',20,'change_movieswidget'),
	(60,'Can delete group of movies',20,'delete_movieswidget'),
	(61,'Can add row of ads',21,'add_adgroupwidget'),
	(62,'Can change row of ads',21,'change_adgroupwidget'),
	(63,'Can delete row of ads',21,'delete_adgroupwidget'),
	(64,'Can add banner',22,'add_bannerwidget'),
	(65,'Can change banner',22,'change_bannerwidget'),
	(66,'Can delete banner',22,'delete_bannerwidget'),
	(67,'Can add ad',23,'add_adgroupitem'),
	(68,'Can change ad',23,'change_adgroupitem'),
	(69,'Can delete ad',23,'delete_adgroupitem'),
	(70,'Can add carousel of big ads',24,'add_adcarouselwidget'),
	(71,'Can change carousel of big ads',24,'change_adcarouselwidget'),
	(72,'Can delete carousel of big ads',24,'delete_adcarouselwidget'),
	(73,'Can add ad',25,'add_adcarouselitem'),
	(74,'Can change ad',25,'change_adcarouselitem'),
	(75,'Can delete ad',25,'delete_adcarouselitem'),
	(76,'Can add Viewing',26,'add_viewing'),
	(77,'Can change Viewing',26,'change_viewing'),
	(78,'Can delete Viewing',26,'delete_viewing');

/*!40000 ALTER TABLE `auth_permission` ENABLE KEYS */;
UNLOCK TABLES;


# Dump of table auth_user
# ------------------------------------------------------------

DROP TABLE IF EXISTS `auth_user`;

CREATE TABLE `auth_user` (
  `id` int(11) NOT NULL AUTO_INCREMENT,
  `password` varchar(128) NOT NULL,
  `last_login` datetime(6) DEFAULT NULL,
  `is_superuser` tinyint(1) NOT NULL,
  `username` varchar(30) NOT NULL,
  `first_name` varchar(30) NOT NULL,
  `last_name` varchar(30) NOT NULL,
  `email` varchar(254) NOT NULL,
  `is_staff` tinyint(1) NOT NULL,
  `is_active` tinyint(1) NOT NULL,
  `date_joined` datetime(6) NOT NULL,
  PRIMARY KEY (`id`),
  UNIQUE KEY `username` (`username`)
) ENGINE=InnoDB DEFAULT CHARSET=utf8;

LOCK TABLES `auth_user` WRITE;
/*!40000 ALTER TABLE `auth_user` DISABLE KEYS */;

INSERT INTO `auth_user` (`id`, `password`, `last_login`, `is_superuser`, `username`, `first_name`, `last_name`, `email`, `is_staff`, `is_active`, `date_joined`)
VALUES
	(1,'pbkdf2_sha256$20000$ZzBSgIohEqpV$sVrIkY2h0CnaKRlBtWV6JDcLEM7pTo72Iao1RF+IRmo=','2015-09-06 18:40:25.481315',1,'zachc','','','zacharym.calvert@gmail.com',1,1,'2015-09-03 19:31:34.158120');

/*!40000 ALTER TABLE `auth_user` ENABLE KEYS */;
UNLOCK TABLES;


# Dump of table auth_user_groups
# ------------------------------------------------------------

DROP TABLE IF EXISTS `auth_user_groups`;

CREATE TABLE `auth_user_groups` (
  `id` int(11) NOT NULL AUTO_INCREMENT,
  `user_id` int(11) NOT NULL,
  `group_id` int(11) NOT NULL,
  PRIMARY KEY (`id`),
  UNIQUE KEY `user_id` (`user_id`,`group_id`),
  KEY `auth_user_groups_group_id_33ac548dcf5f8e37_fk_auth_group_id` (`group_id`),
  CONSTRAINT `auth_user_groups_group_id_33ac548dcf5f8e37_fk_auth_group_id` FOREIGN KEY (`group_id`) REFERENCES `auth_group` (`id`),
  CONSTRAINT `auth_user_groups_user_id_4b5ed4ffdb8fd9b0_fk_auth_user_id` FOREIGN KEY (`user_id`) REFERENCES `auth_user` (`id`)
) ENGINE=InnoDB DEFAULT CHARSET=utf8;



# Dump of table auth_user_user_permissions
# ------------------------------------------------------------

DROP TABLE IF EXISTS `auth_user_user_permissions`;

CREATE TABLE `auth_user_user_permissions` (
  `id` int(11) NOT NULL AUTO_INCREMENT,
  `user_id` int(11) NOT NULL,
  `permission_id` int(11) NOT NULL,
  PRIMARY KEY (`id`),
  UNIQUE KEY `user_id` (`user_id`,`permission_id`),
  KEY `auth_user_u_permission_id_384b62483d7071f0_fk_auth_permission_id` (`permission_id`),
  CONSTRAINT `auth_user_u_permission_id_384b62483d7071f0_fk_auth_permission_id` FOREIGN KEY (`permission_id`) REFERENCES `auth_permission` (`id`),
  CONSTRAINT `auth_user_user_permissi_user_id_7f0938558328534a_fk_auth_user_id` FOREIGN KEY (`user_id`) REFERENCES `auth_user` (`id`)
) ENGINE=InnoDB DEFAULT CHARSET=utf8;



# Dump of table django_admin_log
# ------------------------------------------------------------

DROP TABLE IF EXISTS `django_admin_log`;

CREATE TABLE `django_admin_log` (
  `id` int(11) NOT NULL AUTO_INCREMENT,
  `action_time` datetime(6) NOT NULL,
  `object_id` longtext,
  `object_repr` varchar(200) NOT NULL,
  `action_flag` smallint(5) unsigned NOT NULL,
  `change_message` longtext NOT NULL,
  `content_type_id` int(11) DEFAULT NULL,
  `user_id` int(11) NOT NULL,
  PRIMARY KEY (`id`),
  KEY `djang_content_type_id_697914295151027a_fk_django_content_type_id` (`content_type_id`),
  KEY `django_admin_log_user_id_52fdd58701c5f563_fk_auth_user_id` (`user_id`),
  CONSTRAINT `djang_content_type_id_697914295151027a_fk_django_content_type_id` FOREIGN KEY (`content_type_id`) REFERENCES `django_content_type` (`id`),
  CONSTRAINT `django_admin_log_user_id_52fdd58701c5f563_fk_auth_user_id` FOREIGN KEY (`user_id`) REFERENCES `auth_user` (`id`)
) ENGINE=InnoDB DEFAULT CHARSET=utf8;

LOCK TABLES `django_admin_log` WRITE;
/*!40000 ALTER TABLE `django_admin_log` DISABLE KEYS */;

INSERT INTO `django_admin_log` (`id`, `action_time`, `object_id`, `object_repr`, `action_flag`, `change_message`, `content_type_id`, `user_id`)
VALUES
	(1,'2015-09-03 19:32:20.686262','1','New Releases group of movies',1,'',20,1),
	(2,'2015-09-03 19:32:36.256281','2','Comedies group of movies',1,'',20,1),
	(3,'2015-09-03 19:33:04.093246','1','Featured',1,'',17,1),
	(4,'2015-09-04 04:03:46.823972','2','All Movies',1,'',17,1),
	(5,'2015-09-04 04:04:17.676825','3','All Movies group of movies',1,'',20,1),
	(6,'2015-09-04 04:04:29.398149','2','All Movies',2,'Added page to widget \"All Movies\".',17,1),
	(7,'2015-09-04 04:17:30.375919','2','All',2,'Changed name.',17,1),
	(8,'2015-09-04 04:27:33.104519','2','All',2,'Added page to widget \"Comedies\".',17,1),
	(9,'2015-09-04 17:50:41.367267','1','Featured',2,'Deleted page to widget \"Comedies\".',17,1),
	(10,'2015-09-04 17:51:01.025917','1','Featured',2,'Added page to widget \"Comedies\".',17,1),
	(11,'2015-09-04 17:51:25.421276','1','All New Releases group of movies',2,'Changed name.',20,1),
	(12,'2015-09-06 19:11:00.633729','4','Dramas group of movies',1,'',20,1),
	(13,'2015-09-06 19:11:24.787981','5','2011 Movies group of movies',1,'',20,1),
	(14,'2015-09-06 19:11:44.104767','1','Featured',2,'Added page to widget \"Dramas\". Added page to widget \"2011 Movies\".',17,1),
	(15,'2015-09-06 19:13:14.992573','5','Movies from 2011 group of movies',2,'Changed name.',20,1);

/*!40000 ALTER TABLE `django_admin_log` ENABLE KEYS */;
UNLOCK TABLES;


# Dump of table django_content_type
# ------------------------------------------------------------

DROP TABLE IF EXISTS `django_content_type`;

CREATE TABLE `django_content_type` (
  `id` int(11) NOT NULL AUTO_INCREMENT,
  `app_label` varchar(100) NOT NULL,
  `model` varchar(100) NOT NULL,
  PRIMARY KEY (`id`),
  UNIQUE KEY `django_content_type_app_label_45f3b1d93ec8c61c_uniq` (`app_label`,`model`)
) ENGINE=InnoDB DEFAULT CHARSET=utf8;

LOCK TABLES `django_content_type` WRITE;
/*!40000 ALTER TABLE `django_content_type` DISABLE KEYS */;

INSERT INTO `django_content_type` (`id`, `app_label`, `model`)
VALUES
	(8,'accounts','userprofile'),
	(7,'admin','logentry'),
	(2,'auth','group'),
	(1,'auth','permission'),
	(3,'auth','user'),
	(4,'contenttypes','contenttype'),
	(12,'movies','actor'),
	(10,'movies','director'),
	(13,'movies','genre'),
	(14,'movies','movie'),
	(9,'movies','person'),
	(11,'movies','writer'),
	(25,'pages','adcarouselitem'),
	(24,'pages','adcarouselwidget'),
	(23,'pages','adgroupitem'),
	(21,'pages','adgroupwidget'),
	(22,'pages','bannerwidget'),
	(19,'pages','moviefocuswidget'),
	(20,'pages','movieswidget'),
	(17,'pages','page'),
	(16,'pages','pagetowidget'),
	(18,'pages','textwidget'),
	(15,'pages','widget'),
	(5,'sessions','session'),
	(6,'sites','site'),
	(26,'viewing','viewing');

/*!40000 ALTER TABLE `django_content_type` ENABLE KEYS */;
UNLOCK TABLES;


# Dump of table django_migrations
# ------------------------------------------------------------

DROP TABLE IF EXISTS `django_migrations`;

CREATE TABLE `django_migrations` (
  `id` int(11) NOT NULL AUTO_INCREMENT,
  `app` varchar(255) NOT NULL,
  `name` varchar(255) NOT NULL,
  `applied` datetime(6) NOT NULL,
  PRIMARY KEY (`id`)
) ENGINE=InnoDB DEFAULT CHARSET=utf8;

LOCK TABLES `django_migrations` WRITE;
/*!40000 ALTER TABLE `django_migrations` DISABLE KEYS */;

INSERT INTO `django_migrations` (`id`, `app`, `name`, `applied`)
VALUES
	(1,'contenttypes','0001_initial','2015-09-03 19:20:43.285210'),
	(2,'auth','0001_initial','2015-09-03 19:20:43.439540'),
	(3,'accounts','0001_initial','2015-09-03 19:20:43.472537'),
	(4,'admin','0001_initial','2015-09-03 19:20:43.517587'),
	(5,'contenttypes','0002_remove_content_type_name','2015-09-03 19:20:43.581033'),
	(6,'auth','0002_alter_permission_name_max_length','2015-09-03 19:20:43.606527'),
	(7,'auth','0003_alter_user_email_max_length','2015-09-03 19:20:43.630571'),
	(8,'auth','0004_alter_user_username_opts','2015-09-03 19:20:43.643301'),
	(9,'auth','0005_alter_user_last_login_null','2015-09-03 19:20:43.669217'),
	(10,'auth','0006_require_contenttypes_0002','2015-09-03 19:20:43.671264'),
	(11,'movies','0001_initial','2015-09-03 19:20:43.820853'),
	(12,'movies','0002_movie_poster_url','2015-09-03 19:20:43.852112'),
	(13,'movies','0003_auto_20150827_1517','2015-09-03 19:20:43.876185'),
	(14,'movies','0004_auto_20150827_1748','2015-09-03 19:20:44.040836'),
	(15,'movies','0005_auto_20150827_2327','2015-09-03 19:20:44.156755'),
	(16,'movies','0006_auto_20150903_1210','2015-09-03 19:20:44.392920'),
	(17,'pages','0001_initial','2015-09-03 19:20:45.306483'),
	(18,'pages','0002_auto_20150831_2028','2015-09-03 19:20:45.861379'),
	(19,'pages','0003_auto_20150831_2122','2015-09-03 19:20:46.303310'),
	(20,'pages','0004_auto_20150901_2159','2015-09-03 19:20:46.462971'),
	(21,'pages','0005_auto_20150902_1117','2015-09-03 19:20:46.503118'),
	(22,'sessions','0001_initial','2015-09-03 19:20:46.528874'),
	(23,'sites','0001_initial','2015-09-03 19:20:46.544545'),
	(24,'viewing','0001_initial','2015-09-03 19:20:46.676550'),
	(25,'viewing','0002_viewing_timestamp','2015-09-03 19:20:46.740834'),
	(26,'viewing','0003_viewing_rating','2015-09-03 19:20:46.804499'),
	(27,'pages','0006_auto_20150903_2106','2015-09-04 04:06:13.285471'),
	(28,'movies','0007_auto_20150904_1506','2015-09-04 22:06:36.350490'),
	(29,'viewing','0004_auto_20150904_1506','2015-09-04 22:06:36.433511');

/*!40000 ALTER TABLE `django_migrations` ENABLE KEYS */;
UNLOCK TABLES;


# Dump of table django_session
# ------------------------------------------------------------

DROP TABLE IF EXISTS `django_session`;

CREATE TABLE `django_session` (
  `session_key` varchar(40) NOT NULL,
  `session_data` longtext NOT NULL,
  `expire_date` datetime(6) NOT NULL,
  PRIMARY KEY (`session_key`),
  KEY `django_session_de54fa62` (`expire_date`)
) ENGINE=InnoDB DEFAULT CHARSET=utf8;

LOCK TABLES `django_session` WRITE;
/*!40000 ALTER TABLE `django_session` DISABLE KEYS */;

INSERT INTO `django_session` (`session_key`, `session_data`, `expire_date`)
VALUES
	('6pjq62ksj2x8ezcnnjtqn0fpnhuy8n6p','ZmE1YTJlYjYyOTBkNWE4NDYxZTlkM2JlZTNmMDM1YTczOTc5OTdkYzp7Il9hdXRoX3VzZXJfYmFja2VuZCI6ImRqYW5nby5jb250cmliLmF1dGguYmFja2VuZHMuTW9kZWxCYWNrZW5kIiwiX2F1dGhfdXNlcl9oYXNoIjoiYzg3N2JkNTRmYzE2NjhhNGZhNmEzNzIzNGYyMTZlYTk3MjczNTgwNiIsIl9hdXRoX3VzZXJfaWQiOiIxIn0=','2015-09-18 22:13:39.301077'),
	('8xwel4hw4wi3sng3ukuekme7hise2hg4','NGNkN2U3OTdlZmI0ZDRhOTI4YjFjNWRmM2YwN2FhOGM1Y2MxOWVjZTp7Il9hdXRoX3VzZXJfaGFzaCI6ImM4NzdiZDU0ZmMxNjY4YTRmYTZhMzcyMzRmMjE2ZWE5NzI3MzU4MDYiLCJfYXV0aF91c2VyX2JhY2tlbmQiOiJkamFuZ28uY29udHJpYi5hdXRoLmJhY2tlbmRzLk1vZGVsQmFja2VuZCIsIl9hdXRoX3VzZXJfaWQiOiIxIn0=','2015-09-18 04:02:56.957143'),
	('qdkwsilisbn62tzpcoapakdnciumkn0z','NGNkN2U3OTdlZmI0ZDRhOTI4YjFjNWRmM2YwN2FhOGM1Y2MxOWVjZTp7Il9hdXRoX3VzZXJfaGFzaCI6ImM4NzdiZDU0ZmMxNjY4YTRmYTZhMzcyMzRmMjE2ZWE5NzI3MzU4MDYiLCJfYXV0aF91c2VyX2JhY2tlbmQiOiJkamFuZ28uY29udHJpYi5hdXRoLmJhY2tlbmRzLk1vZGVsQmFja2VuZCIsIl9hdXRoX3VzZXJfaWQiOiIxIn0=','2015-09-17 19:31:48.835416'),
	('tliqy7pj9stqpc0sbfwta69h1in4mi4q','NGNkN2U3OTdlZmI0ZDRhOTI4YjFjNWRmM2YwN2FhOGM1Y2MxOWVjZTp7Il9hdXRoX3VzZXJfaGFzaCI6ImM4NzdiZDU0ZmMxNjY4YTRmYTZhMzcyMzRmMjE2ZWE5NzI3MzU4MDYiLCJfYXV0aF91c2VyX2JhY2tlbmQiOiJkamFuZ28uY29udHJpYi5hdXRoLmJhY2tlbmRzLk1vZGVsQmFja2VuZCIsIl9hdXRoX3VzZXJfaWQiOiIxIn0=','2015-09-18 17:50:11.345451'),
	('ukjos2jftdrlyqlq5jm2phd5n121kb1j','NGNkN2U3OTdlZmI0ZDRhOTI4YjFjNWRmM2YwN2FhOGM1Y2MxOWVjZTp7Il9hdXRoX3VzZXJfaGFzaCI6ImM4NzdiZDU0ZmMxNjY4YTRmYTZhMzcyMzRmMjE2ZWE5NzI3MzU4MDYiLCJfYXV0aF91c2VyX2JhY2tlbmQiOiJkamFuZ28uY29udHJpYi5hdXRoLmJhY2tlbmRzLk1vZGVsQmFja2VuZCIsIl9hdXRoX3VzZXJfaWQiOiIxIn0=','2015-09-17 23:29:42.128423'),
	('v1tgakrzmkn2jxczkzmunutrg5r9hfe9','NGNkN2U3OTdlZmI0ZDRhOTI4YjFjNWRmM2YwN2FhOGM1Y2MxOWVjZTp7Il9hdXRoX3VzZXJfaGFzaCI6ImM4NzdiZDU0ZmMxNjY4YTRmYTZhMzcyMzRmMjE2ZWE5NzI3MzU4MDYiLCJfYXV0aF91c2VyX2JhY2tlbmQiOiJkamFuZ28uY29udHJpYi5hdXRoLmJhY2tlbmRzLk1vZGVsQmFja2VuZCIsIl9hdXRoX3VzZXJfaWQiOiIxIn0=','2015-09-20 18:40:25.483903');

/*!40000 ALTER TABLE `django_session` ENABLE KEYS */;
UNLOCK TABLES;


# Dump of table django_site
# ------------------------------------------------------------

DROP TABLE IF EXISTS `django_site`;

CREATE TABLE `django_site` (
  `id` int(11) NOT NULL AUTO_INCREMENT,
  `domain` varchar(100) NOT NULL,
  `name` varchar(50) NOT NULL,
  PRIMARY KEY (`id`)
) ENGINE=InnoDB DEFAULT CHARSET=utf8;

LOCK TABLES `django_site` WRITE;
/*!40000 ALTER TABLE `django_site` DISABLE KEYS */;

INSERT INTO `django_site` (`id`, `domain`, `name`)
VALUES
	(1,'example.com','example.com');

/*!40000 ALTER TABLE `django_site` ENABLE KEYS */;
UNLOCK TABLES;


# Dump of table movies_actor
# ------------------------------------------------------------

DROP TABLE IF EXISTS `movies_actor`;

CREATE TABLE `movies_actor` (
  `id` int(11) NOT NULL AUTO_INCREMENT,
  `person_id` int(11) NOT NULL,
  PRIMARY KEY (`id`),
  KEY `movies_actor_a8452ca7` (`person_id`),
  CONSTRAINT `movies_actor_person_id_344422518dc986c2_fk_movies_person_id` FOREIGN KEY (`person_id`) REFERENCES `movies_person` (`id`)
) ENGINE=InnoDB DEFAULT CHARSET=utf8;

LOCK TABLES `movies_actor` WRITE;
/*!40000 ALTER TABLE `movies_actor` DISABLE KEYS */;

INSERT INTO `movies_actor` (`id`, `person_id`)
VALUES
	(1,2),
	(2,3),
	(3,4),
	(4,5),
	(5,7),
	(6,8),
	(7,9),
	(8,10),
	(9,18),
	(10,19),
	(11,20),
	(12,21),
	(13,25),
	(14,26),
	(15,27),
	(16,28),
	(133,29),
	(17,30),
	(18,31),
	(19,32),
	(20,33),
	(21,36),
	(22,37),
	(23,38),
	(24,39),
	(25,41),
	(26,42),
	(27,43),
	(28,44),
	(29,46),
	(30,47),
	(31,48),
	(32,49),
	(33,52),
	(34,53),
	(35,54),
	(36,55),
	(37,56),
	(38,57),
	(39,58),
	(40,59),
	(41,62),
	(42,63),
	(43,64),
	(44,65),
	(45,69),
	(46,70),
	(47,71),
	(48,72),
	(49,77),
	(50,78),
	(51,79),
	(52,80),
	(53,82),
	(54,83),
	(55,84),
	(56,85),
	(57,91),
	(58,92),
	(59,93),
	(60,94),
	(61,99),
	(62,100),
	(63,101),
	(64,102),
	(65,106),
	(66,107),
	(67,108),
	(68,109),
	(69,112),
	(70,113),
	(71,114),
	(72,115),
	(73,118),
	(74,119),
	(75,120),
	(76,121),
	(77,128),
	(78,129),
	(79,130),
	(80,131),
	(81,135),
	(82,136),
	(83,137),
	(84,138),
	(85,141),
	(86,142),
	(87,143),
	(88,144),
	(89,159),
	(90,160),
	(91,161),
	(92,162),
	(93,167),
	(96,168),
	(94,169),
	(95,170),
	(97,172),
	(98,173),
	(99,174),
	(100,175),
	(101,177),
	(102,178),
	(103,179),
	(104,180),
	(105,181),
	(106,182),
	(107,183),
	(108,184),
	(109,189),
	(110,190),
	(111,191),
	(112,192),
	(113,196),
	(114,197),
	(115,198),
	(116,199),
	(117,202),
	(118,203),
	(119,204),
	(120,205),
	(121,207),
	(122,208),
	(123,209),
	(124,210),
	(125,211),
	(126,212),
	(127,213),
	(128,214),
	(129,216),
	(130,217),
	(131,218),
	(132,219),
	(134,222),
	(135,223),
	(136,224),
	(137,225),
	(138,229),
	(139,230),
	(140,231),
	(141,232),
	(142,235),
	(143,236),
	(144,237),
	(145,238),
	(147,239),
	(148,240),
	(146,242),
	(149,243),
	(150,245),
	(151,246),
	(152,247),
	(153,248),
	(154,251),
	(155,254),
	(156,255),
	(157,256),
	(158,257),
	(159,261),
	(160,262),
	(161,263),
	(162,264),
	(163,266),
	(164,267),
	(165,268),
	(166,271),
	(167,272),
	(168,273),
	(169,275),
	(170,276),
	(171,277),
	(172,278),
	(173,281),
	(174,282),
	(175,283),
	(176,284),
	(177,289),
	(178,290),
	(179,291),
	(180,292),
	(181,296),
	(182,297),
	(183,298),
	(184,299),
	(185,304),
	(186,305),
	(187,306),
	(188,307),
	(189,309),
	(190,310),
	(191,311),
	(192,312),
	(193,313),
	(793,316),
	(194,317),
	(195,318),
	(196,319),
	(197,320),
	(198,323),
	(199,324),
	(200,325),
	(201,326),
	(202,329),
	(203,330),
	(204,331),
	(205,332),
	(206,334),
	(207,335),
	(208,336),
	(209,337),
	(210,342),
	(211,343),
	(212,344),
	(213,345),
	(214,348),
	(215,349),
	(216,350),
	(217,351),
	(218,352),
	(219,353),
	(220,354),
	(221,355),
	(222,357),
	(223,358),
	(224,359),
	(225,360),
	(401,361),
	(226,362),
	(227,363),
	(228,364),
	(229,365),
	(230,369),
	(231,370),
	(232,371),
	(233,372),
	(234,374),
	(235,375),
	(236,376),
	(237,377),
	(238,387),
	(239,388),
	(240,389),
	(241,390),
	(245,394),
	(242,395),
	(243,396),
	(244,397),
	(246,401),
	(247,402),
	(248,403),
	(249,404),
	(250,408),
	(251,409),
	(252,410),
	(253,411),
	(254,413),
	(255,414),
	(256,415),
	(257,416),
	(259,417),
	(258,418),
	(260,419),
	(261,420),
	(262,422),
	(263,423),
	(264,424),
	(265,425),
	(269,426),
	(266,428),
	(267,429),
	(268,430),
	(270,436),
	(271,437),
	(272,438),
	(273,439),
	(274,441),
	(275,442),
	(276,443),
	(277,444),
	(278,447),
	(279,448),
	(280,449),
	(281,450),
	(282,453),
	(283,454),
	(284,455),
	(285,456),
	(286,458),
	(287,460),
	(288,461),
	(289,462),
	(290,465),
	(291,466),
	(292,467),
	(293,468),
	(294,473),
	(295,477),
	(296,478),
	(297,479),
	(298,481),
	(299,482),
	(300,483),
	(301,484),
	(302,490),
	(303,491),
	(304,492),
	(305,493),
	(306,497),
	(307,498),
	(308,499),
	(309,500),
	(310,504),
	(311,505),
	(312,506),
	(313,509),
	(314,510),
	(315,511),
	(316,514),
	(317,515),
	(318,516),
	(319,517),
	(693,520),
	(320,521),
	(321,522),
	(322,523),
	(323,524),
	(324,526),
	(325,527),
	(326,528),
	(327,529),
	(328,532),
	(329,533),
	(330,534),
	(331,535),
	(332,537),
	(333,538),
	(334,539),
	(335,540),
	(336,543),
	(337,544),
	(338,545),
	(339,550),
	(340,551),
	(341,552),
	(342,553),
	(343,555),
	(344,556),
	(345,557),
	(346,558),
	(347,560),
	(348,561),
	(349,562),
	(350,564),
	(351,565),
	(352,566),
	(353,567),
	(354,569),
	(355,570),
	(356,573),
	(357,574),
	(358,575),
	(359,576),
	(360,580),
	(361,581),
	(362,582),
	(363,583),
	(364,586),
	(365,587),
	(366,588),
	(367,593),
	(368,594),
	(369,595),
	(370,596),
	(371,599),
	(372,600),
	(373,601),
	(374,602),
	(375,607),
	(376,608),
	(377,609),
	(378,610),
	(379,614),
	(380,615),
	(381,616),
	(382,617),
	(383,621),
	(384,622),
	(385,623),
	(386,628),
	(387,629),
	(388,630),
	(389,631),
	(390,633),
	(391,634),
	(392,635),
	(393,636),
	(394,639),
	(395,640),
	(396,641),
	(397,645),
	(398,646),
	(399,647),
	(400,648),
	(402,650),
	(403,651),
	(404,652),
	(405,654),
	(406,655),
	(407,656),
	(408,658),
	(409,659),
	(410,660),
	(411,661),
	(412,663),
	(413,664),
	(414,665),
	(415,671),
	(416,672),
	(417,673),
	(418,674),
	(419,679),
	(420,680),
	(421,685),
	(422,686),
	(423,687),
	(424,688),
	(427,690),
	(425,691),
	(426,692),
	(428,693),
	(429,697),
	(430,698),
	(431,699),
	(432,700),
	(433,703),
	(434,704),
	(435,705),
	(436,708),
	(437,709),
	(438,710),
	(439,714),
	(440,715),
	(441,716),
	(442,717),
	(443,720),
	(444,721),
	(445,722),
	(446,723),
	(447,724),
	(448,725),
	(449,727),
	(450,728),
	(451,729),
	(452,730),
	(453,739),
	(454,740),
	(455,741),
	(456,742),
	(457,745),
	(458,746),
	(459,747),
	(460,748),
	(461,752),
	(462,753),
	(463,754),
	(464,757),
	(465,758),
	(466,759),
	(467,760),
	(468,762),
	(469,763),
	(470,766),
	(471,767),
	(472,768),
	(473,769),
	(474,771),
	(475,772),
	(476,773),
	(477,776),
	(478,777),
	(479,778),
	(480,779),
	(481,783),
	(482,784),
	(483,785),
	(484,786),
	(485,789),
	(486,790),
	(487,791),
	(488,792),
	(489,797),
	(490,798),
	(491,799),
	(492,800),
	(493,802),
	(494,803),
	(495,804),
	(496,805),
	(497,811),
	(498,812),
	(499,813),
	(500,814),
	(501,820),
	(502,823),
	(503,824),
	(504,825),
	(505,826),
	(506,828),
	(507,829),
	(508,830),
	(510,832),
	(509,834),
	(511,835),
	(512,836),
	(513,840),
	(514,841),
	(515,842),
	(516,846),
	(517,849),
	(518,850),
	(519,851),
	(520,852),
	(521,853),
	(522,856),
	(523,857),
	(524,860),
	(525,861),
	(526,862),
	(527,863),
	(528,864),
	(529,865),
	(530,866),
	(531,867),
	(532,868),
	(533,869),
	(534,871),
	(535,872),
	(536,873),
	(537,878),
	(538,881),
	(539,882),
	(540,883),
	(541,886),
	(542,887),
	(543,888),
	(544,889),
	(545,893),
	(546,894),
	(547,895),
	(548,896),
	(550,899),
	(549,904),
	(551,905),
	(552,906),
	(553,912),
	(554,913),
	(555,914),
	(556,915),
	(557,917),
	(558,918),
	(559,919),
	(560,920),
	(561,923),
	(562,924),
	(563,925),
	(564,928),
	(565,929),
	(566,930),
	(567,931),
	(568,938),
	(569,939),
	(570,940),
	(571,941),
	(572,946),
	(573,947),
	(574,948),
	(575,949),
	(576,953),
	(577,954),
	(578,955),
	(579,958),
	(580,959),
	(581,960),
	(582,961),
	(583,963),
	(584,964),
	(585,965),
	(586,966),
	(587,971),
	(588,972),
	(589,973),
	(590,974),
	(591,976),
	(592,977),
	(593,978),
	(594,982),
	(595,983),
	(596,984),
	(597,985),
	(598,987),
	(599,988),
	(601,989),
	(600,990),
	(602,991),
	(603,992),
	(604,995),
	(605,996),
	(606,997),
	(607,998),
	(608,1000),
	(609,1001),
	(610,1002),
	(611,1003),
	(612,1010),
	(613,1011),
	(614,1012),
	(615,1013),
	(616,1016),
	(617,1017),
	(618,1018),
	(619,1019),
	(620,1022),
	(621,1023),
	(622,1024),
	(623,1026),
	(624,1028),
	(625,1029),
	(626,1031),
	(627,1032),
	(628,1033),
	(629,1034),
	(630,1036),
	(631,1037),
	(632,1040),
	(633,1041),
	(634,1043),
	(635,1044),
	(636,1045),
	(637,1048),
	(638,1049),
	(639,1051),
	(640,1052),
	(641,1056),
	(642,1057),
	(643,1059),
	(644,1060),
	(645,1061),
	(646,1062),
	(647,1066),
	(648,1067),
	(649,1068),
	(650,1069),
	(651,1071),
	(652,1072),
	(653,1073),
	(654,1074),
	(655,1080),
	(656,1081),
	(657,1082),
	(658,1083),
	(659,1085),
	(660,1086),
	(661,1087),
	(662,1088),
	(663,1091),
	(664,1092),
	(665,1093),
	(666,1094),
	(667,1097),
	(668,1098),
	(669,1099),
	(670,1100),
	(671,1101),
	(672,1102),
	(673,1103),
	(674,1104),
	(675,1106),
	(676,1107),
	(677,1108),
	(678,1109),
	(679,1114),
	(680,1115),
	(681,1116),
	(682,1117),
	(683,1119),
	(684,1120),
	(685,1121),
	(686,1122),
	(687,1126),
	(688,1127),
	(689,1128),
	(690,1129),
	(691,1130),
	(692,1131),
	(694,1133),
	(695,1134),
	(696,1135),
	(697,1137),
	(698,1138),
	(699,1139),
	(700,1140),
	(701,1141),
	(702,1142),
	(703,1143),
	(704,1144),
	(705,1147),
	(706,1148),
	(707,1149),
	(708,1150),
	(709,1154),
	(710,1155),
	(711,1156),
	(712,1159),
	(713,1160),
	(714,1161),
	(715,1165),
	(716,1166),
	(717,1169),
	(718,1170),
	(719,1173),
	(720,1174),
	(721,1175),
	(722,1176),
	(723,1180),
	(724,1181),
	(725,1182),
	(726,1183),
	(727,1185),
	(728,1186),
	(729,1187),
	(730,1188),
	(731,1192),
	(732,1193),
	(733,1194),
	(734,1195),
	(735,1197),
	(736,1198),
	(737,1199),
	(738,1200),
	(739,1202),
	(740,1203),
	(741,1204),
	(742,1205),
	(743,1206),
	(744,1207),
	(745,1208),
	(746,1209),
	(747,1213),
	(748,1214),
	(749,1215),
	(750,1216),
	(751,1222),
	(752,1223),
	(753,1224),
	(754,1225),
	(755,1228),
	(756,1229),
	(757,1230),
	(758,1231),
	(759,1234),
	(760,1235),
	(761,1236),
	(762,1242),
	(763,1243),
	(764,1244),
	(765,1245),
	(766,1247),
	(767,1248),
	(768,1249),
	(769,1250),
	(770,1251),
	(771,1252),
	(772,1253),
	(773,1254),
	(774,1260),
	(775,1261),
	(776,1263),
	(777,1264),
	(778,1265),
	(779,1266),
	(780,1269),
	(781,1270),
	(782,1271),
	(783,1272),
	(784,1275),
	(785,1276),
	(786,1277),
	(787,1278),
	(788,1283),
	(789,1284),
	(790,1285),
	(791,1286),
	(792,1287),
	(794,1288),
	(795,1289),
	(796,1290),
	(797,1291),
	(798,1292),
	(799,1293),
	(800,1297),
	(801,1298),
	(802,1299),
	(803,1300),
	(804,1305),
	(805,1306),
	(806,1307),
	(807,1308),
	(808,1312),
	(809,1313),
	(810,1314),
	(811,1315),
	(812,1317),
	(813,1318),
	(814,1319),
	(815,1320),
	(816,1324),
	(817,1325),
	(818,1326),
	(819,1327),
	(820,1328),
	(821,1329),
	(822,1330),
	(823,1333),
	(824,1334),
	(825,1335),
	(826,1336),
	(827,1339),
	(828,1340),
	(829,1341),
	(830,1342),
	(831,1346),
	(832,1347),
	(833,1348),
	(834,1349),
	(835,1353),
	(836,1354),
	(837,1355),
	(838,1356),
	(839,1357),
	(840,1358),
	(841,1359),
	(842,1360),
	(843,1362),
	(844,1363),
	(845,1364),
	(846,1365),
	(847,1370),
	(848,1371),
	(849,1372),
	(850,1375),
	(851,1376),
	(852,1377),
	(854,1378),
	(853,1381),
	(855,1385),
	(856,1389),
	(857,1390),
	(858,1391),
	(859,1393),
	(860,1394),
	(861,1395),
	(862,1396),
	(863,1398),
	(864,1399),
	(865,1400),
	(866,1401),
	(867,1405),
	(868,1406),
	(869,1409),
	(870,1410),
	(871,1411),
	(872,1412),
	(873,1414),
	(874,1415),
	(875,1416),
	(876,1417),
	(877,1419),
	(878,1420),
	(879,1422),
	(880,1423),
	(881,1424),
	(882,1425),
	(884,1427),
	(883,1428),
	(885,1429),
	(886,1430),
	(887,1434),
	(888,1435),
	(889,1436),
	(890,1437),
	(891,1438),
	(892,1439),
	(893,1440),
	(894,1441),
	(895,1442),
	(897,1443),
	(896,1444),
	(898,1445),
	(899,1448),
	(900,1449),
	(901,1450),
	(902,1451),
	(903,1452),
	(904,1453),
	(905,1454),
	(906,1457),
	(907,1458),
	(908,1461),
	(909,1462),
	(910,1463),
	(911,1467),
	(912,1468),
	(913,1469),
	(914,1471),
	(915,1472),
	(916,1473),
	(917,1474),
	(918,1478),
	(919,1479),
	(920,1480),
	(921,1481),
	(922,1485),
	(923,1486),
	(924,1487),
	(925,1488),
	(926,1492),
	(927,1493),
	(928,1494),
	(929,1495),
	(930,1499),
	(931,1500),
	(932,1501),
	(933,1502),
	(934,1505),
	(935,1506),
	(936,1509),
	(937,1510),
	(938,1511),
	(939,1512),
	(940,1513),
	(941,1516),
	(942,1519),
	(943,1520),
	(944,1521),
	(945,1522),
	(946,1527),
	(947,1528),
	(948,1529),
	(949,1534),
	(950,1535),
	(951,1536),
	(952,1540),
	(953,1541),
	(954,1544),
	(955,1545),
	(956,1546),
	(957,1547),
	(958,1549),
	(959,1550),
	(960,1553),
	(961,1554),
	(962,1555),
	(963,1556),
	(964,1561),
	(965,1562),
	(966,1563),
	(967,1564),
	(968,1565),
	(969,1566),
	(970,1567),
	(971,1568),
	(972,1569),
	(973,1572),
	(974,1573),
	(975,1574),
	(976,1575),
	(977,1577),
	(978,1579),
	(979,1580),
	(980,1581),
	(981,1583),
	(982,1584),
	(983,1586),
	(984,1587),
	(985,1588),
	(986,1590),
	(987,1591),
	(988,1595),
	(989,1596),
	(990,1597),
	(991,1598),
	(992,1601),
	(993,1602),
	(994,1603),
	(995,1604),
	(996,1606),
	(997,1607),
	(998,1608),
	(999,1609),
	(1000,1611),
	(1001,1612),
	(1002,1613),
	(1003,1614),
	(1004,1615),
	(1005,1616),
	(1006,1617),
	(1007,1624),
	(1008,1625),
	(1009,1626),
	(1010,1627),
	(1011,1630),
	(1012,1631),
	(1013,1632),
	(1014,1633),
	(1015,1634),
	(1016,1635),
	(1017,1636),
	(1018,1637),
	(1019,1642),
	(1020,1643),
	(1021,1644),
	(1022,1645),
	(1023,1646),
	(1024,1647),
	(1025,1648),
	(1026,1649),
	(1027,1651),
	(1028,1652),
	(1029,1653),
	(1030,1654),
	(1031,1655),
	(1032,1656),
	(1033,1657),
	(1034,1658),
	(1035,1661),
	(1036,1663),
	(1037,1664),
	(1038,1665),
	(1039,1666),
	(1040,1667),
	(1041,1668),
	(1042,1669),
	(1043,1671),
	(1044,1672),
	(1045,1673),
	(1046,1674),
	(1047,1677),
	(1048,1678),
	(1049,1679),
	(1050,1683),
	(1051,1684),
	(1052,1685),
	(1053,1697),
	(1054,1698),
	(1055,1699),
	(1056,1700),
	(1057,1703),
	(1058,1704),
	(1059,1705),
	(1060,1706),
	(1061,1710),
	(1062,1711),
	(1063,1712),
	(1064,1713),
	(1065,1716),
	(1066,1717),
	(1067,1718),
	(1068,1719),
	(1069,1721),
	(1070,1722),
	(1071,1723),
	(1072,1724),
	(1073,1726),
	(1074,1727),
	(1075,1728),
	(1076,1731),
	(1077,1732),
	(1078,1733),
	(1079,1737),
	(1080,1738),
	(1081,1739),
	(1082,1740),
	(1083,1742),
	(1084,1743),
	(1085,1744),
	(1086,1748),
	(1087,1749),
	(1088,1750),
	(1089,1751),
	(1090,1752),
	(1091,1753),
	(1092,1754),
	(1093,1755),
	(1094,1760),
	(1095,1761),
	(1096,1762),
	(1097,1763),
	(1098,1767),
	(1099,1768),
	(1100,1769),
	(1101,1770),
	(1102,1771),
	(1103,1772),
	(1104,1773),
	(1105,1774),
	(1106,1775),
	(1107,1776),
	(1108,1777),
	(1109,1780),
	(1110,1781),
	(1111,1782),
	(1112,1784),
	(1113,1785),
	(1114,1786),
	(1115,1790),
	(1116,1791),
	(1117,1792),
	(1118,1793),
	(1119,1796),
	(1120,1797),
	(1121,1798),
	(1122,1799),
	(1123,1801),
	(1124,1802),
	(1125,1803),
	(1126,1804),
	(1127,1805),
	(1128,1806),
	(1129,1807),
	(1130,1808),
	(1131,1809),
	(1132,1810),
	(1133,1811),
	(1134,1813),
	(1135,1814),
	(1136,1817),
	(1137,1818),
	(1138,1819),
	(1139,1822),
	(1140,1823),
	(1141,1824),
	(1142,1825),
	(1143,1827),
	(1144,1828),
	(1145,1829),
	(1146,1830),
	(1147,1834),
	(1148,1835),
	(1149,1839),
	(1150,1842),
	(1151,1843),
	(1152,1844),
	(1153,1845),
	(1154,1846),
	(1155,1847),
	(1156,1848),
	(1157,1851),
	(1158,1852),
	(1159,1853),
	(1160,1854),
	(1161,1857),
	(1162,1858),
	(1163,1859),
	(1164,1863),
	(1165,1864),
	(1166,1867),
	(1167,1868),
	(1168,1869),
	(1169,1871),
	(1170,1872),
	(1171,1873),
	(1172,1874),
	(1173,1875),
	(1174,1876),
	(1175,1877),
	(1176,1880),
	(1177,1881),
	(1178,1882),
	(1179,1884),
	(1180,1885),
	(1181,1886),
	(1182,1887),
	(1183,1888),
	(1184,1892),
	(1185,1893),
	(1186,1894),
	(1187,1895),
	(1188,1898),
	(1189,1899),
	(1190,1900),
	(1191,1901),
	(1192,1903),
	(1193,1904),
	(1194,1905),
	(1195,1906),
	(1196,1910),
	(1197,1911),
	(1198,1912),
	(1199,1915),
	(1200,1916),
	(1201,1917),
	(1202,1918),
	(1204,1919),
	(1203,1921),
	(1205,1922),
	(1206,1923),
	(1207,1927),
	(1208,1928),
	(1209,1929),
	(1210,1930),
	(1211,1933),
	(1212,1934),
	(1213,1936),
	(1214,1937),
	(1215,1938),
	(1216,1940),
	(1217,1941),
	(1218,1942),
	(1219,1943),
	(1220,1945),
	(1221,1946),
	(1222,1947),
	(1223,1948),
	(1224,1949),
	(1225,1950),
	(1226,1951),
	(1227,1957),
	(1228,1958),
	(1229,1959),
	(1230,1960),
	(1231,1962),
	(1232,1963),
	(1233,1964),
	(1234,1967),
	(1235,1968),
	(1236,1969),
	(1237,1971),
	(1238,1972),
	(1239,1976),
	(1240,1977),
	(1241,1978),
	(1242,1981),
	(1243,1982),
	(1244,1983),
	(1245,1984),
	(1246,1987),
	(1247,1988),
	(1248,1989),
	(1249,1993),
	(1250,1994),
	(1251,1995),
	(1252,1998),
	(1253,1999),
	(1254,2000),
	(1255,2003),
	(1256,2004),
	(1257,2005),
	(1258,2006),
	(1259,2008),
	(1260,2009),
	(1261,2014),
	(1262,2015),
	(1263,2017),
	(1264,2018),
	(1265,2019),
	(1266,2020),
	(1267,2022),
	(1268,2023),
	(1269,2024),
	(1270,2025),
	(1271,2027),
	(1272,2028),
	(1273,2029),
	(1274,2030),
	(1275,2032),
	(1276,2033),
	(1277,2034),
	(1278,2035),
	(1279,2038),
	(1280,2039),
	(1281,2040),
	(1282,2041),
	(1283,2043),
	(1284,2044),
	(1285,2045),
	(1286,2046),
	(1287,2047),
	(1288,2048),
	(1289,2049),
	(1290,2050),
	(1291,2053),
	(1292,2054),
	(1293,2055),
	(1294,2056),
	(1295,2060),
	(1296,2063),
	(1297,2064),
	(1298,2065),
	(1299,2066),
	(1300,2068),
	(1301,2069),
	(1302,2070);

/*!40000 ALTER TABLE `movies_actor` ENABLE KEYS */;
UNLOCK TABLES;


# Dump of table movies_director
# ------------------------------------------------------------

DROP TABLE IF EXISTS `movies_director`;

CREATE TABLE `movies_director` (
  `id` int(11) NOT NULL AUTO_INCREMENT,
  `person_id` int(11) NOT NULL,
  PRIMARY KEY (`id`),
  KEY `movies_director_a8452ca7` (`person_id`),
  CONSTRAINT `movies_director_person_id_40a38a864ec3f902_fk_movies_person_id` FOREIGN KEY (`person_id`) REFERENCES `movies_person` (`id`)
) ENGINE=InnoDB DEFAULT CHARSET=utf8;

LOCK TABLES `movies_director` WRITE;
/*!40000 ALTER TABLE `movies_director` DISABLE KEYS */;

INSERT INTO `movies_director` (`id`, `person_id`)
VALUES
	(1,1),
	(2,11),
	(3,22),
	(4,23),
	(5,24),
	(285,30),
	(28,31),
	(272,32),
	(6,34),
	(7,35),
	(8,40),
	(9,45),
	(10,51),
	(11,60),
	(12,66),
	(13,67),
	(14,68),
	(15,81),
	(138,82),
	(16,86),
	(17,87),
	(18,103),
	(19,104),
	(20,116),
	(21,117),
	(22,132),
	(23,133),
	(288,141),
	(24,145),
	(111,154),
	(25,156),
	(26,163),
	(27,164),
	(29,176),
	(30,185),
	(31,186),
	(32,193),
	(33,200),
	(34,206),
	(35,211),
	(36,212),
	(37,215),
	(38,220),
	(39,221),
	(40,227),
	(41,233),
	(43,239),
	(42,240),
	(44,244),
	(45,249),
	(46,258),
	(47,259),
	(48,265),
	(49,269),
	(50,270),
	(51,274),
	(52,280),
	(53,293),
	(54,300),
	(55,301),
	(56,308),
	(57,314),
	(58,315),
	(59,316),
	(60,327),
	(61,328),
	(62,333),
	(63,336),
	(64,338),
	(65,339),
	(66,340),
	(67,347),
	(68,352),
	(69,356),
	(70,361),
	(71,366),
	(72,373),
	(73,391),
	(74,392),
	(75,393),
	(76,398),
	(77,405),
	(78,406),
	(79,412),
	(80,417),
	(81,421),
	(82,426),
	(83,434),
	(84,440),
	(85,445),
	(86,446),
	(87,457),
	(88,459),
	(89,463),
	(90,469),
	(91,480),
	(92,485),
	(93,487),
	(94,494),
	(95,495),
	(97,503),
	(96,507),
	(98,512),
	(99,518),
	(100,519),
	(365,521),
	(101,525),
	(102,530),
	(103,531),
	(104,536),
	(105,546),
	(106,548),
	(107,554),
	(108,559),
	(109,563),
	(110,568),
	(112,584),
	(113,585),
	(114,590),
	(115,598),
	(116,611),
	(117,612),
	(118,618),
	(119,627),
	(120,632),
	(121,642),
	(122,643),
	(123,653),
	(124,657),
	(125,662),
	(126,675),
	(127,681),
	(128,682),
	(129,689),
	(131,690),
	(130,694),
	(132,695),
	(133,701),
	(134,702),
	(135,711),
	(136,718),
	(137,719),
	(139,731),
	(140,743),
	(141,744),
	(142,749),
	(143,755),
	(144,756),
	(145,764),
	(146,765),
	(147,770),
	(148,774),
	(149,787),
	(150,788),
	(151,793),
	(152,801),
	(153,815),
	(154,816),
	(155,818),
	(156,821),
	(157,822),
	(158,831),
	(159,833),
	(160,838),
	(161,851),
	(162,854),
	(163,858),
	(164,864),
	(165,866),
	(166,874),
	(167,875),
	(168,876),
	(169,880),
	(170,890),
	(171,897),
	(172,907),
	(173,908),
	(174,911),
	(175,921),
	(176,922),
	(177,932),
	(178,935),
	(179,950),
	(180,956),
	(181,957),
	(182,967),
	(183,970),
	(184,979),
	(185,986),
	(186,993),
	(187,1004),
	(188,1006),
	(189,1014),
	(190,1025),
	(191,1030),
	(192,1035),
	(194,1038),
	(193,1039),
	(195,1042),
	(196,1053),
	(197,1055),
	(198,1058),
	(199,1063),
	(200,1070),
	(201,1084),
	(202,1089),
	(203,1095),
	(204,1096),
	(205,1101),
	(206,1105),
	(207,1110),
	(208,1111),
	(209,1112),
	(210,1123),
	(211,1124),
	(212,1125),
	(213,1132),
	(214,1136),
	(215,1145),
	(216,1146),
	(217,1157),
	(218,1158),
	(219,1171),
	(220,1172),
	(221,1184),
	(222,1189),
	(223,1196),
	(224,1201),
	(225,1210),
	(226,1212),
	(228,1217),
	(227,1219),
	(229,1232),
	(230,1237),
	(231,1238),
	(232,1246),
	(233,1255),
	(234,1262),
	(235,1263),
	(236,1267),
	(237,1279),
	(238,1281),
	(239,1282),
	(240,1294),
	(241,1295),
	(242,1296),
	(243,1309),
	(244,1310),
	(245,1316),
	(246,1323),
	(247,1331),
	(248,1332),
	(249,1343),
	(250,1344),
	(251,1351),
	(252,1352),
	(253,1361),
	(254,1366),
	(255,1367),
	(256,1369),
	(257,1373),
	(258,1374),
	(260,1378),
	(259,1379),
	(261,1386),
	(262,1387),
	(263,1392),
	(264,1397),
	(265,1402),
	(266,1408),
	(267,1413),
	(268,1421),
	(269,1426),
	(270,1427),
	(271,1432),
	(273,1446),
	(274,1455),
	(275,1464),
	(276,1466),
	(277,1475),
	(278,1482),
	(279,1489),
	(280,1490),
	(281,1496),
	(282,1503),
	(283,1504),
	(284,1512),
	(286,1523),
	(287,1530),
	(289,1542),
	(290,1548),
	(291,1557),
	(292,1558),
	(294,1568),
	(293,1569),
	(295,1570),
	(296,1578),
	(297,1585),
	(298,1593),
	(299,1599),
	(300,1605),
	(301,1610),
	(302,1619),
	(303,1628),
	(304,1629),
	(305,1638),
	(306,1639),
	(307,1640),
	(308,1650),
	(309,1659),
	(310,1660),
	(311,1670),
	(312,1675),
	(313,1676),
	(314,1681),
	(367,1688),
	(315,1701),
	(316,1702),
	(317,1707),
	(318,1708),
	(319,1709),
	(320,1714),
	(321,1715),
	(322,1720),
	(323,1724),
	(324,1734),
	(325,1735),
	(326,1746),
	(327,1756),
	(328,1757),
	(329,1758),
	(330,1759),
	(331,1778),
	(332,1783),
	(333,1788),
	(334,1794),
	(335,1800),
	(336,1812),
	(337,1815),
	(338,1816),
	(339,1821),
	(340,1826),
	(341,1833),
	(342,1836),
	(343,1855),
	(344,1860),
	(345,1861),
	(346,1862),
	(347,1866),
	(348,1870),
	(349,1878),
	(350,1879),
	(351,1883),
	(352,1889),
	(353,1890),
	(354,1897),
	(355,1902),
	(356,1908),
	(357,1913),
	(358,1919),
	(359,1931),
	(360,1935),
	(361,1939),
	(362,1948),
	(363,1952),
	(364,1964),
	(366,1973),
	(368,1974),
	(369,1979),
	(370,1990),
	(371,1991),
	(372,2001),
	(373,2002),
	(374,2010),
	(375,2021),
	(376,2031),
	(377,2036),
	(378,2037),
	(379,2042),
	(380,2051),
	(381,2052),
	(382,2057),
	(383,2061),
	(384,2067);

/*!40000 ALTER TABLE `movies_director` ENABLE KEYS */;
UNLOCK TABLES;


# Dump of table movies_genre
# ------------------------------------------------------------

DROP TABLE IF EXISTS `movies_genre`;

CREATE TABLE `movies_genre` (
  `id` int(11) NOT NULL AUTO_INCREMENT,
  `name` varchar(100) NOT NULL,
  PRIMARY KEY (`id`)
) ENGINE=InnoDB DEFAULT CHARSET=utf8;

LOCK TABLES `movies_genre` WRITE;
/*!40000 ALTER TABLE `movies_genre` DISABLE KEYS */;

INSERT INTO `movies_genre` (`id`, `name`)
VALUES
	(1,'Drama'),
	(2,'Biography'),
	(3,'History'),
	(4,'Animation'),
	(5,'Adventure'),
	(6,'Comedy'),
	(7,'Horror'),
	(8,'Thriller'),
	(9,'Documentary'),
	(10,'Action'),
	(11,'Crime'),
	(12,'Music'),
	(13,'Sci-Fi'),
	(14,'Mystery'),
	(15,'Family'),
	(16,'Romance'),
	(17,'News'),
	(18,'War'),
	(19,'Western'),
	(20,'Fantasy'),
	(21,'Sport'),
	(22,'Short'),
	(23,'Musical');

/*!40000 ALTER TABLE `movies_genre` ENABLE KEYS */;
UNLOCK TABLES;


# Dump of table movies_movie
# ------------------------------------------------------------

DROP TABLE IF EXISTS `movies_movie`;

CREATE TABLE `movies_movie` (
  `id` int(11) NOT NULL AUTO_INCREMENT,
  `title` varchar(100) NOT NULL,
  `year` varchar(4) NOT NULL,
  `released` date DEFAULT NULL,
  `rated` varchar(10) NOT NULL,
  `plot` varchar(300) DEFAULT NULL,
  `imdb_id` varchar(10) NOT NULL,
  `imdb_rating` decimal(2,1) NOT NULL,
  `notes` varchar(200) DEFAULT NULL,
  `on_netflix` tinyint(1) NOT NULL,
  `on_amazon` tinyint(1) NOT NULL,
  `on_hulu` tinyint(1) NOT NULL,
  `poster_url` varchar(200),
  PRIMARY KEY (`id`),
  UNIQUE KEY `title` (`title`)
) ENGINE=InnoDB DEFAULT CHARSET=utf8;

LOCK TABLES `movies_movie` WRITE;
/*!40000 ALTER TABLE `movies_movie` DISABLE KEYS */;

INSERT INTO `movies_movie` (`id`, `title`, `year`, `released`, `rated`, `plot`, `imdb_id`, `imdb_rating`, `notes`, `on_netflix`, `on_amazon`, `on_hulu`, `poster_url`)
VALUES
	(49,'Mad Max: Fury Road','2015',NULL,'R','In a stark desert landscape where humanity is broken, two rebels just might be able to restore order: Max, a man of action and of few words, and Furiosa, a woman of action who is looking to make it back to her childhood homeland.','tt1392190',8.0,'2 nominations.',0,0,0,'http://ia.media-imdb.com/images/M/MV5BMTUyMTE0ODcxNF5BMl5BanBnXkFtZTgwODE4NDQzNTE@._V1_SX300.jpg'),
	(50,'Inside Out','2015',NULL,'PG','After young Riley is uprooted from her Midwest life and moved to San Francisco, her emotions - Joy, Fear, Anger, Disgust and Sadness - conflict on how best to navigate a new city, house, and school.','tt2096673',8.0,'1 win & 3 nominations.',0,0,0,'http://ia.media-imdb.com/images/M/MV5BOTgxMDQwMDk0OF5BMl5BanBnXkFtZTgwNjU5OTg2NDE@._V1_SX300.jpg'),
	(51,'Selma','2014',NULL,'PG-13','A chronicle of Martin Luther King\'s campaign to secure equal voting rights via an epic march from Selma to Montgomery, Alabama in 1965.','tt1020072',8.0,'Won 1 Oscar. Another 53 wins & 73 nominations.',0,0,0,'http://ia.media-imdb.com/images/M/MV5BODMxNjAwODA2Ml5BMl5BanBnXkFtZTgwMzc0NjgzMzE@._V1_SX300.jpg'),
	(52,'It Follows','2014',NULL,'R','A young woman is followed by an unknown supernatural force after getting involved in a sexual encounter.','tt3235888',8.0,'8 wins & 5 nominations.',0,0,0,'http://ia.media-imdb.com/images/M/MV5BMTUwMDEzNDI1MF5BMl5BanBnXkFtZTgwNzAyODU5MzE@._V1_SX300.jpg'),
	(53,'Amy','2015',NULL,'R','The story of Amy Winehouse in her own words, featuring unseen archival footage and unheard tracks.','tt2870648',8.0,'5 nominations.',0,0,0,'http://ia.media-imdb.com/images/M/MV5BMTQ1MzE4MTE3OF5BMl5BanBnXkFtZTgwOTcyNDM3NTE@._V1_SX300.jpg'),
	(54,'Paddington','2014',NULL,'PG','A young Peruvian bear travels to London in search of a home. Finding himself lost and alone at Paddington Station, he meets the kindly Brown family, who offer him a temporary haven.','tt1109624',8.0,'Nominated for 1 BAFTA Film Award. Another 1 win & 4 nominations.',0,0,0,'http://ia.media-imdb.com/images/M/MV5BMTAxOTMwOTkwNDZeQTJeQWpwZ15BbWU4MDEyMTI1NjMx._V1_SX300.jpg'),
	(55,'Mission: Impossible - Rogue Nation','2015',NULL,'PG-13','Ethan and team take on their most impossible mission yet, eradicating the Syndicate - an International rogue organization as highly skilled as they are, committed to destroying the IMF.','tt2381249',8.0,'N/A',0,0,0,'http://ia.media-imdb.com/images/M/MV5BMTQ1NDI2MzU2MF5BMl5BanBnXkFtZTgwNTExNTU5NDE@._V1_SX300.jpg'),
	(56,'Timbuktu','2014',NULL,'PG-13','A cattle herder and his family who reside in the dunes of Timbuktu find their quiet lives -- which are typically free of the Jihadists determined to control their faith -- abruptly disturbed.','tt3409392',8.0,'Nominated for 1 Oscar. Another 19 wins & 9 nominations.',0,0,0,'http://ia.media-imdb.com/images/M/MV5BMjMwOTQ0NTUyMF5BMl5BanBnXkFtZTgwNDg3NDUxNDE@._V1_SX300.jpg'),
	(57,'Spy','2015',NULL,'R','A desk-bound CIA analyst volunteers to go undercover to infiltrate the world of a deadly arms dealer, and prevent diabolical global disaster.','tt3079380',8.0,'N/A',0,0,0,'http://ia.media-imdb.com/images/M/MV5BNjI5OTQ0MDQxM15BMl5BanBnXkFtZTgwMzcwNjMyNTE@._V1_SX300.jpg'),
	(58,'What We Do in the Shadows','2014',NULL,'R','Viago, Deacon, and Vladislav are vampires who are finding that modern life has them struggling with the mundane - like paying rent, keeping up with the chore wheel, trying to get into nightclubs, and overcoming flatmate conflicts.','tt3416742',8.0,'13 wins & 8 nominations.',0,0,0,'http://ia.media-imdb.com/images/M/MV5BMjAwNDA5NzEwM15BMl5BanBnXkFtZTgwMTA1MDUyNDE@._V1_SX300.jpg'),
	(59,'Wild Tales','2014',NULL,'R','Six short stories involving distressed people.','tt3011894',8.0,'Nominated for 1 Oscar. Another 39 wins & 44 nominations.',0,0,0,'http://ia.media-imdb.com/images/M/MV5BNzAzMjA1ODAxOV5BMl5BanBnXkFtZTgwODg4NTQzNDE@._V1_SX300.jpg'),
	(60,'The Look of Silence','2014',NULL,'PG-13','A family that survives the genocide in Indonesia confronts the men who killed one of their brothers.','tt3521134',8.0,'25 wins & 6 nominations.',0,0,0,'http://ia.media-imdb.com/images/M/MV5BOTMwMjI4MjQ3MF5BMl5BanBnXkFtZTgwMjkwOTM2NTE@._V1_SX300.jpg'),
	(61,'Ex Machina','2015',NULL,'R','A young programmer is selected to participate in a ground-breaking experiment in artificial intelligence by evaluating the human qualities of a breath-taking female A.I.','tt0470752',8.0,'1 win & 1 nomination.',0,0,0,'http://ia.media-imdb.com/images/M/MV5BMTUxNzc0OTIxMV5BMl5BanBnXkFtZTgwNDI3NzU2NDE@._V1_SX300.jpg'),
	(62,'Iris','2001',NULL,'R','True story of the lifelong romance between novelist Iris Murdoch and her husband John Bayley, from their student days through her battle with Alzheimer\'s disease.','tt0280778',8.0,'Won 1 Oscar. Another 14 wins & 26 nominations.',0,0,0,'http://ia.media-imdb.com/images/M/MV5BMTMxMjQ3NjQ3MF5BMl5BanBnXkFtZTcwNTc4NDEzMQ@@._V1_SX300.jpg'),
	(63,'About Elly','2009',NULL,'N/A','The mysterious disappearance of a kindergarten teacher during a picnic in the north of Iran is followed by a series of misadventures for her follow travelers.','tt1360860',8.0,'13 wins & 8 nominations.',0,0,0,'http://ia.media-imdb.com/images/M/MV5BMTQ0MzQxODQ0MV5BMl5BanBnXkFtZTgwNTQ0NzY4NDE@._V1_SX300.jpg'),
	(64,'The Salt of the Earth','2014',NULL,'PG-13','For the last 40 years, the photographer Sebastião Salgado has been travelling through the continents, in the footsteps of an ever-changing humanity. He has witnessed some of the major ...','tt3674140',8.0,'Nominated for 1 Oscar. Another 10 wins & 7 nominations.',0,0,0,'http://ia.media-imdb.com/images/M/MV5BNjkyNjI3ODc0Ml5BMl5BanBnXkFtZTgwMTU0MjM2NDE@._V1_SX300.jpg'),
	(65,'Red Army','2014',NULL,'PG','The story of the Soviet Union\'s famed Red Army hockey team through the eyes of its players.','tt3264102',8.0,'3 wins & 6 nominations.',0,0,0,'http://ia.media-imdb.com/images/M/MV5BMjIxMDYwMTg3M15BMl5BanBnXkFtZTgwMDQ1NzQ0MzE@._V1_SX300.jpg'),
	(66,'Listen to Me Marlon','2015',NULL,'N/A','A documentary that utilizes hundreds of hours of audio that Marlon Brandon recorded over the course of his life to tell the screen legend\'s story.','tt4145178',8.0,'2 nominations.',0,0,0,'http://ia.media-imdb.com/images/M/MV5BMjEyNDQyMTc2NF5BMl5BanBnXkFtZTgwMjMzMTAwNjE@._V1_SX300.jpg'),
	(67,'The Gift','2000',NULL,'R','A woman with extrasensory perception is asked to help find a young woman who has disappeared.','tt0219699',8.0,'8 nominations.',0,0,0,'http://ia.media-imdb.com/images/M/MV5BMTM5MTcwNjg5NF5BMl5BanBnXkFtZTYwNDAwOTg4._V1_SX300.jpg'),
	(68,'Tangerine','2015',NULL,'R','A working girl tears through Tinseltown on Christmas Eve searching for the pimp who broke her heart.','tt3824458',8.0,'2 wins & 1 nomination.',0,0,0,'http://ia.media-imdb.com/images/M/MV5BMjEzNzY2NjYwOV5BMl5BanBnXkFtZTgwOTY1MDU1NTE@._V1_SX300.jpg'),
	(69,'A Most Violent Year','2014',NULL,'R','In New York City 1981, an ambitious immigrant fights to protect his business and family during the most dangerous year in the city\'s history.','tt2937898',8.0,'Nominated for 1 Golden Globe. Another 10 wins & 37 nominations.',0,0,0,'http://ia.media-imdb.com/images/M/MV5BMjE4OTY4ODg3Ml5BMl5BanBnXkFtZTgwMTI1MTg1MzE@._V1_SX300.jpg'),
	(70,'Best of Enemies','2015',NULL,'R','A documentary on the series of televised debates in 1968 between the liberal Gore Vidal and the conservative William F. Buckley Jr.','tt3518012',8.0,'1 win & 2 nominations.',0,0,0,'http://ia.media-imdb.com/images/M/MV5BMjA0MzA1ODA5NF5BMl5BanBnXkFtZTgwMDc3OTU5NTE@._V1_SX300.jpg'),
	(71,'Girlhood','2014',NULL,'UNRATED','A girl with few real prospects joins a gang, reinventing herself and gaining a sense of self confidence in the process. However, she soon finds that this new life does not necessarily make her any happier.','tt3655522',8.0,'6 wins & 11 nominations.',0,0,0,'http://ia.media-imdb.com/images/M/MV5BMjA5MDM1ODE5NV5BMl5BanBnXkFtZTgwNjg0MTk5MzE@._V1_SX300.jpg'),
	(72,'The Diary of a Teenage Girl','2015',NULL,'R','A teen artist living in 1970s San Francisco enters into an affair with her mother\'s boyfriend.','tt3172532',8.0,'5 wins & 3 nominations.',0,0,0,'http://ia.media-imdb.com/images/M/MV5BMjE4MTQ3NTgwOF5BMl5BanBnXkFtZTgwMDQ3NTc5NTE@._V1_SX300.jpg'),
	(73,'Straight Outta Compton','2015',NULL,'R','The group NWA emerges from the streets of Compton, California in the mid-1980s and revolutionizes pop culture with their music and tales about life in the hood.','tt1398426',8.0,'N/A',0,0,0,'http://ia.media-imdb.com/images/M/MV5BMTA5MzkyMzIxNjJeQTJeQWpwZ15BbWU4MDU0MDk0OTUx._V1_SX300.jpg'),
	(74,'The End of the Tour','2015',NULL,'R','The story of the five-day interview between Rolling Stone reporter David Lipsky and acclaimed novelist David Foster Wallace, which took place right after the 1996 publication of Wallace\'s groundbreaking epic novel, \'Infinite Jest.\'','tt3416744',8.0,'2 wins.',0,0,0,'http://ia.media-imdb.com/images/M/MV5BMTUwODU3NjQxNF5BMl5BanBnXkFtZTgwODE2NTE4NTE@._V1_SX300.jpg'),
	(75,'Dr. Strangelove or: How I Learned to Stop Worrying and Love the Bomb','1964',NULL,'PG','An insane general triggers a path to nuclear holocaust that a war room full of politicians and generals frantically try to stop.','tt0057012',8.0,'Nominated for 4 Oscars. Another 15 wins & 4 nominations.',0,0,0,'http://ia.media-imdb.com/images/M/MV5BMTU2ODM2NTkxNF5BMl5BanBnXkFtZTcwOTMwMzU3Mg@@._V1_SX300.jpg'),
	(76,'The Duke of Burgundy','2014',NULL,'UNRATED','A woman who studies butterflies and moths tests the limits of her relationship with her lover.','tt2570858',8.0,'3 wins & 4 nominations.',0,0,0,'http://ia.media-imdb.com/images/M/MV5BMjE3MDY2NTQ5Nl5BMl5BanBnXkFtZTgwMDIxMDI5MzE@._V1_SX300.jpg'),
	(77,'Monkey Kingdom','2015',NULL,'G','A nature documentary that follows a newborn monkey and its mother as they struggle to survive within the competitive social hierarchy of the Temple Troop, a dynamic group of monkeys who ...','tt3660770',8.0,'N/A',0,0,0,'http://ia.media-imdb.com/images/M/MV5BMzIxNDc1MDg0MF5BMl5BanBnXkFtZTgwNTI3ODE4MzE@._V1_SX300.jpg'),
	(78,'Going Clear: Scientology and the Prison of Belief','2015',NULL,'NOT RATED','An in-depth look at the inner-workings of the Church of Scientology.','tt4257858',8.0,'N/A',0,0,0,'http://ia.media-imdb.com/images/M/MV5BMjMwMTQyOTA0MV5BMl5BanBnXkFtZTgwODQxNjY3MzE@._V1_SX300.jpg'),
	(79,'The Wrecking Crew','1968',NULL,'PG','The count has stolen enough gold to cause a financial crisis in the world markets so I.C.E. sends in ace spy Matt Helm to stop him. As Matt works alone, the British send in Freya to aid ...','tt0065225',8.0,'N/A',0,0,0,'http://ia.media-imdb.com/images/M/MV5BMTYzNDIzMjQ0N15BMl5BanBnXkFtZTcwNjQ5MTkxMQ@@._V1_SX300.jpg'),
	(80,'Slow West','2015',NULL,'R','A young Scottish man travels across America in pursuit of the woman he loves, attracting the attention of an outlaw who is willing to serve as a guide.','tt3205376',8.0,'1 win & 3 nominations.',0,0,0,'http://ia.media-imdb.com/images/M/MV5BNTYxNDA5ODk5NF5BMl5BanBnXkFtZTgwNzMwMzIwNTE@._V1_SX300.jpg'),
	(81,'Cartel Land','2015',NULL,'R','A physician in Michoacán, Mexico leads a citizen uprising against the drug cartel that has wrecked havoc on the region for years. Across the U.S. border, a veteran heads a paramilitary ...','tt4126304',8.0,'5 wins & 5 nominations.',0,0,0,'http://ia.media-imdb.com/images/M/MV5BMjE1MzI2MzcxOV5BMl5BanBnXkFtZTgwNTE2Mjk4NTE@._V1_SX300.jpg'),
	(82,'Meru','2015',NULL,'R','Three elite climbers struggle to find their way through obsession and loss as they attempt to climb Mount Meru, one of the most coveted prizes in the high stakes game of Himalayan big wall climbing.','tt2545428',8.0,'1 win & 2 nominations.',0,0,0,'http://ia.media-imdb.com/images/M/MV5BMTQ4MDM3NjY2Nl5BMl5BanBnXkFtZTgwNjkyNTIzNjE@._V1_SX300.jpg'),
	(83,'Still Alice','2014',NULL,'PG-13','A linguistics professor and her family find their bonds tested when she is diagnosed with Alzheimer\'s Disease.','tt3316960',8.0,'Won 1 Oscar. Another 34 wins & 15 nominations.',0,0,0,'http://ia.media-imdb.com/images/M/MV5BMjIzNzAxNjY1Nl5BMl5BanBnXkFtZTgwMDg4ODQxMzE@._V1_SX300.jpg'),
	(84,'Grandma','1979',NULL,'PG','The story about a family that must maintain a insatiable grandmother.','tt0121598',8.0,'N/A',0,0,0,'N/A'),
	(85,'The Hunting Ground','2015',NULL,'PG-13','An exposé of rape crimes on U.S. college campuses, their institutional cover-ups, and the devastating toll they take on students and their families.','tt4185572',8.0,'1 nomination.',0,0,0,'http://ia.media-imdb.com/images/M/MV5BNjc4Mjk3ODgxMl5BMl5BanBnXkFtZTgwMjc3OTQ1NDE@._V1_SX300.jpg'),
	(86,'Clouds of Sils Maria','2014',NULL,'R','A veteran actress comes face-to-face with an uncomfortable reflection of herself when she agrees to take part in a revival of the play that launched her career 20 years earlier.','tt2452254',8.0,'5 wins & 14 nominations.',0,0,0,'http://ia.media-imdb.com/images/M/MV5BMjAwMTg3MDE0NF5BMl5BanBnXkFtZTgwNjQ1ODQyNTE@._V1_SX300.jpg'),
	(87,'Mommy','2014',NULL,'R','A widowed single mother, raising her violent son alone, finds new hope when a mysterious neighbor inserts herself into their household.','tt3612616',8.0,'45 wins & 51 nominations.',0,0,0,'http://ia.media-imdb.com/images/M/MV5BMjE3NjMwMjc3N15BMl5BanBnXkFtZTgwNDk4MjA0MzE@._V1_SX300.jpg'),
	(88,'White God','2014',NULL,'R','Thirteen-year-old Lili fights to protect her dog Hagen. She is devastated when her father eventually sets Hagen free on the streets. Still innocently believing love can conquer any difficulty, Lili sets out to find her dog and save him.','tt2844798',8.0,'3 wins & 7 nominations.',0,0,0,'http://ia.media-imdb.com/images/M/MV5BNjk4MzkyOTQwNF5BMl5BanBnXkFtZTgwODE5MTk1MzE@._V1_SX300.jpg'),
	(89,'A Pigeon Sat on a Branch Reflecting on Existence','2014',NULL,'PG-13','Sam and Jonathan, a pair of hapless novelty salesman, embark on a tour of the human condition in reality and fantasy that unfold in a series of absurdist episodes.','tt1883180',8.0,'3 wins & 6 nominations.',0,0,0,'http://ia.media-imdb.com/images/M/MV5BMTY0MzQ5MTQzMl5BMl5BanBnXkFtZTgwMTUzNTA4NTE@._V1_SX300.jpg'),
	(90,'Cinderella','1950',NULL,'APPROVED','When Cinderella\'s cruel stepmother prevents her from attending the Royal Ball, she gets some unexpected help from the lovable mice Gus and Jaq, and from her Fairy Godmother.','tt0042332',8.0,'Nominated for 3 Oscars. Another 4 wins & 4 nominations.',0,0,0,'http://ia.media-imdb.com/images/M/MV5BMjI5NTcxMjE5N15BMl5BanBnXkFtZTgwNzYyNTM3MjE@._V1_SX300.jpg'),
	(91,'Trainwreck','2015',NULL,'R','Having thought that monogamy was never possible, a commitment-phobic career woman may have to face her fears when she meets a good guy.','tt3152624',8.0,'N/A',0,0,0,'http://ia.media-imdb.com/images/M/MV5BMTQ4MjgwNTMyOV5BMl5BanBnXkFtZTgwMTc1MjI0NDE@._V1_SX300.jpg'),
	(92,'Mr. Holmes','2015',NULL,'PG','An aged, retired Sherlock Holmes looks back on his life, and grapples with an unsolved case involving a beautiful woman.','tt3168230',8.0,'1 win & 1 nomination.',0,0,0,'http://ia.media-imdb.com/images/M/MV5BMTg5MjE0Njk0MF5BMl5BanBnXkFtZTgwNTgwMjQ4NTE@._V1_SX300.jpg'),
	(93,'Jauja','2014',NULL,'NOT RATED','A father and daughter journey from Denmark to an unknown desert that exists in a realm beyond the confines of civilization.','tt2514338',8.0,'4 wins & 8 nominations.',0,0,0,'http://ia.media-imdb.com/images/M/MV5BMjA5OTAwOTYzOF5BMl5BanBnXkFtZTgwMDQ4MDE0NDE@._V1_SX300.jpg'),
	(94,'Dope','2015',NULL,'R','Life changes for Malcolm, a geek who\'s surviving life in a tough neighborhood, after a chance invitation to an underground party leads him and his friends into a Los Angeles adventure.','tt3850214',8.0,'1 win & 4 nominations.',0,0,0,'http://ia.media-imdb.com/images/M/MV5BMjA3MjYyNTk0Nl5BMl5BanBnXkFtZTgwODc1NzQ1NTE@._V1_SX300.jpg'),
	(95,'Sunshine Superman','2014',NULL,'PG','A heart-racing documentary portrait of Carl Boenish, the father of the BASE jumping movement, whose early passion for skydiving led him to ever more spectacular -and dangerous- feats of foot-launched human flight.','tt1322313',8.0,'3 wins & 2 nominations.',0,0,0,'http://ia.media-imdb.com/images/M/MV5BMTEwNDQyODk1OTReQTJeQWpwZ15BbWU4MDQwNzIzOTQx._V1_SX300.jpg'),
	(96,'Amour fou','2014',NULL,'N/A','Berlin, the Romantic Era. Young poet Heinrich wishes to conquer the inevitability of death through love, yet is unable to convince his skeptical cousin Marie to join him in a suicide pact. ...','tt3003800',8.0,'4 wins & 7 nominations.',0,0,0,'http://ia.media-imdb.com/images/M/MV5BMTQyODgwNDM5MF5BMl5BanBnXkFtZTgwNTA1MTQ0NDE@._V1_SX300.jpg'),
	(97,'Kumiko, the Treasure Hunter','2014',NULL,'N/A','A jaded Japanese woman discovers a hidden copy of Fargo (1996) on VHS, believing it to be a treasure map indicating the location of a large case of money.','tt3263614',8.0,'8 wins & 6 nominations.',0,0,0,'http://ia.media-imdb.com/images/M/MV5BMTAzNzI1MTkyNzBeQTJeQWpwZ15BbWU4MDQ0NDU0MzQx._V1_SX300.jpg'),
	(98,'When Marnie Was There','2014',NULL,'PG','A young girl is sent to the country for health reasons, where she meets an unlikely friend in the form of Marnie, a young girl with flowing blonde hair. As the friendship unravels it is ...','tt3398268',8.0,'1 win & 2 nominations.',0,0,0,'http://ia.media-imdb.com/images/M/MV5BMTQ1ODY3MTc5MF5BMl5BanBnXkFtZTgwOTUyNDI2NTE@._V1_SX300.jpg'),
	(99,'Spring','2014',NULL,'NOT RATED','A young man in a personal tailspin flees the US to Italy, where he sparks up a romance with a woman harboring a dark, primordial secret.','tt3395184',8.0,'3 wins & 3 nominations.',0,0,0,'http://ia.media-imdb.com/images/M/MV5BMjMwNzM2OTk3OF5BMl5BanBnXkFtZTgwNjExOTU0NDE@._V1_SX300.jpg'),
	(100,'The Tribe','2014',NULL,'N/A','A deaf teenager struggles to fit into the boarding school system.','tt1745787',8.0,'24 wins & 10 nominations.',0,0,0,'http://ia.media-imdb.com/images/M/MV5BMzYxMTI5MTgxN15BMl5BanBnXkFtZTgwMDM5NzAwNjE@._V1_SX300.jpg'),
	(101,'Far from the Madding Crowd','2015',NULL,'PG-13','In Victorian England, the independent and headstrong Bathsheba Everdene attracts three very different suitors: Gabriel Oak, a sheep farmer; Frank Troy, a reckless Sergeant; and William Boldwood, a prosperous and mature bachelor.','tt2935476',8.0,'N/A',0,0,0,'http://ia.media-imdb.com/images/M/MV5BMTQzNjE5Mjk5MV5BMl5BanBnXkFtZTgwMzQ3NDMwNTE@._V1_SX300.jpg'),
	(102,'Lambert','2009',NULL,'N/A','N/A','tt2327377',8.0,'N/A',0,0,0,'N/A'),
	(103,'Furious 7 High Octane','2015',NULL,'N/A','N/A','tt4565392',8.0,'N/A',0,0,0,'http://ia.media-imdb.com/images/M/MV5BMTg0Nzg2MTUwM15BMl5BanBnXkFtZTgwMDIwMjQxNTE@._V1_SX300.jpg'),
	(104,'Me and Earl and the Dying Girl','2015',NULL,'PG-13','High schooler Greg, who spends most of his time making parodies of classic movies with his co-worker Earl, finds his outlook forever altered after befriending a classmate who has just been diagnosed with cancer.','tt2582496',8.0,'10 wins & 5 nominations.',0,0,0,'http://ia.media-imdb.com/images/M/MV5BNTA1NzUzNjY4MV5BMl5BanBnXkFtZTgwNDU0MDI0NTE@._V1_SX300.jpg'),
	(105,'Ant-Man','2015',NULL,'PG-13','Armed with a super-suit with the astonishing ability to shrink in scale but increase in strength, cat burglar Scott Lang must embrace his inner hero and help his mentor, Dr. Hank Pym, plan and pull off a heist that will save the world.','tt0478970',8.0,'2 nominations.',0,0,0,'http://ia.media-imdb.com/images/M/MV5BMjM2NTQ5Mzc2M15BMl5BanBnXkFtZTgwNTcxMDI2NTE@._V1_SX300.jpg'),
	(106,'The Wolfpack','2015',NULL,'R','Locked away from society in an apartment on the Lower East Side of Manhattan, the Angulo brothers learn about the outside world through the films that they watch. Nicknamed, \'The Wolfpack,\'...','tt2415458',8.0,'3 wins & 4 nominations.',0,0,0,'http://ia.media-imdb.com/images/M/MV5BMzg2NjE5OTQwNl5BMl5BanBnXkFtZTgwNjYwNDk2NTE@._V1_SX300.jpg'),
	(107,'Merchants of Doubt','2014',NULL,'PG-13','A documentary that looks at pundits-for-hire who present themselves as scientific authorities as they speak about topics like toxic chemicals, pharmaceuticals and climate change.','tt3675568',8.0,'3 nominations.',0,0,0,'http://ia.media-imdb.com/images/M/MV5BMTA0MDMzMzU2ODJeQTJeQWpwZ15BbWU4MDQxMTE4NTQx._V1_SX300.jpg'),
	(108,'Predestination','2014',NULL,'R','The life of a time-traveling Temporal Agent. On his final assignment, he must pursue the one criminal that has eluded him throughout time.','tt2397535',8.0,'11 wins & 15 nominations.',0,0,0,'http://ia.media-imdb.com/images/M/MV5BMTAzODc3NjU1NzNeQTJeQWpwZ15BbWU4MDk5NTQ4NTMx._V1_SX300.jpg'),
	(109,'Heaven Knows What','2014',NULL,'R','Harley loves Ilya. He gives her life purpose and sets her passion ablaze. So, when he asks her to prove her love by slitting her wrists, she obliges with only mild hesitation, perhaps because of her other all-consuming love: heroin.','tt3687186',8.0,'5 wins & 6 nominations.',0,0,0,'http://ia.media-imdb.com/images/M/MV5BMTg2ODQzNzgzN15BMl5BanBnXkFtZTgwMzkxOTY2NTE@._V1_SX300.jpg'),
	(110,'Black Sea','2014',NULL,'R','In order to make good with his former employers, a submarine captain takes a job with a shadowy backer to search the depths of the Black Sea for a submarine rumored to be loaded with gold.','tt2261331',8.0,'N/A',0,0,0,'http://ia.media-imdb.com/images/M/MV5BMjMyNzI1ODA3OF5BMl5BanBnXkFtZTgwMTI5OTczMzE@._V1._CR54,54,1274,1940_SX89_AL_.jpg_V1_SX300.jpg'),
	(111,'The Stanford Prison Experiment','2015',NULL,'R','Twenty-four male students out of seventy-five were selected to take on randomly assigned roles of prisoners and guards in a mock prison situated in the basement of the Stanford psychology building.','tt0420293',8.0,'3 wins & 3 nominations.',0,0,0,'http://ia.media-imdb.com/images/M/MV5BMTUyNDIyMTA4NV5BMl5BanBnXkFtZTgwODM2MDMxNjE@._V1_SX300.jpg'),
	(112,'Mistress America','2015',NULL,'R','A lonely college freshman\'s life is turned upside down by her impetuous, adventurous soon-to-be stepsister.','tt2872462',8.0,'N/A',0,0,0,'http://ia.media-imdb.com/images/M/MV5BMjEzNzgzNDgzNV5BMl5BanBnXkFtZTgwODcyMjk4NTE@._V1_SX300.jpg'),
	(113,'I Am Big Bird: The Caroll Spinney Story','2014',NULL,'N/A','Caroll Spinney has been Sesame Street\'s Big Bird and Oscar the Grouch since 1969; at 78-years-old, he has no intention of stopping.','tt2358456',8.0,'2 wins & 4 nominations.',0,0,0,'http://ia.media-imdb.com/images/M/MV5BMTkyMDEyMjYxMF5BMl5BanBnXkFtZTgwODE2Mzc3NDE@._V1_SX300.jpg'),
	(114,'The Overnight','2015',NULL,'R','Alex, Emily, and their son, RJ, are new to Los Angeles. A chance meeting at the park introduces them to the mysterious Kurt, Charlotte, and Max. A family \"playdate\" becomes increasingly interesting as the night goes on.','tt3844362',8.0,'1 win & 2 nominations.',0,0,0,'http://ia.media-imdb.com/images/M/MV5BMTQ0MjQ3MTY3OF5BMl5BanBnXkFtZTgwMjg2MjQ5NTE@._V1_SX300.jpg'),
	(115,'Avengers: Age of Ultron','2015',NULL,'PG-13','When Tony Stark and Bruce Banner try to jump-start a dormant peacekeeping program called Ultron, things go horribly wrong and it\'s up to Earth\'s Mightiest Heroes to stop the villainous Ultron from enacting his terrible plans.','tt2395427',8.0,'7 nominations.',0,0,0,'http://ia.media-imdb.com/images/M/MV5BMTU4MDU3NDQ5Ml5BMl5BanBnXkFtZTgwOTU5MDUxNTE@._V1_SX300.jpg'),
	(116,'Testament of Youth','2014',NULL,'PG-13','A British woman recalls coming of age during World War I - a story of young love, the futility of war, and how to make sense of the darkest times.','tt1441953',8.0,'3 nominations.',0,0,0,'http://ia.media-imdb.com/images/M/MV5BMTAyOTI3OTgwMTdeQTJeQWpwZ15BbWU4MDAwNzM2NDUx._V1_SX300.jpg'),
	(117,'Eden','2012',NULL,'R','A young Korean-American girl, abducted and forced into prostitution by domestic human traffickers, joins forces with her captors in a desperate plea to survive.','tt1734433',8.0,'12 wins & 1 nomination.',0,0,0,'http://ia.media-imdb.com/images/M/MV5BNzAxNTg3NTUzN15BMl5BanBnXkFtZTcwMTMwMDcwOQ@@._V1_SX300.jpg'),
	(118,'Tangerines','2013',NULL,'NOT RATED','War in Georgia, Apkhazeti region in 1990. An Estonian man Ivo has stayed behind to harvest his crops of tangerines. In a bloody conflict at his door, a wounded man is left behind, and Ivo is forced to take him in.','tt2991224',8.0,'Nominated for 1 Oscar. Another 11 wins & 6 nominations.',0,0,0,'http://ia.media-imdb.com/images/M/MV5BMTgwNzA3MDQzOV5BMl5BanBnXkFtZTgwNTE5MDE5NDE@._V1_SX300.jpg'),
	(119,'Results','2015',NULL,'R','Two mismatched personal trainers\' lives are upended by the actions of a new, wealthy client.','tt3824412',8.0,'2 nominations.',0,0,0,'http://ia.media-imdb.com/images/M/MV5BMTQ4MjEzMzQ1Ml5BMl5BanBnXkFtZTgwODUyNTQzNTE@._V1_SX300.jpg'),
	(120,'Queen and Country','2014',NULL,'N/A','In this sequel to Hope and Glory (1987), Bill Rohan has grown up and is drafted into the army, where he and his eccentric best mate, Percy, battle their snooty superiors on the base and look for love in town.','tt2392810',8.0,'1 win & 2 nominations.',0,0,0,'http://ia.media-imdb.com/images/M/MV5BMjM3MDkzMzUyMF5BMl5BanBnXkFtZTgwODY0MzA4MTE@._V1_SX300.jpg'),
	(121,'Infinitely Polar Bear','2014',NULL,'R','A manic-depressive mess of a father tries to win back his wife by attempting to take full responsibility of their two young, spirited daughters, who don\'t make the overwhelming task any easier.','tt1969062',8.0,'1 win & 1 nomination.',0,0,0,'http://ia.media-imdb.com/images/M/MV5BMjA2NzQ0Njk5MV5BMl5BanBnXkFtZTgwOTQzOTMyNTE@._V1_SX300.jpg'),
	(122,'Kingsman: The Secret Service','2014',NULL,'R','A spy organization recruits an unrefined, but promising street kid into the agency\'s ultra-competitive training program, just as a global threat emerges from a twisted tech genius.','tt2802144',8.0,'2 wins & 2 nominations.',0,0,0,'http://ia.media-imdb.com/images/M/MV5BMTkxMjgwMDM4Ml5BMl5BanBnXkFtZTgwMTk3NTIwNDE@._V1_SX300.jpg'),
	(123,'McFarland, USA','2015',NULL,'PG','A cross country coach in a small California town transforms a team of athletes into championship contenders.','tt2097298',8.0,'1 win & 2 nominations.',0,0,0,'http://ia.media-imdb.com/images/M/MV5BMjMwNjY2Mjk5OV5BMl5BanBnXkFtZTgwODM2NTA0MzE@._V1_SX300.jpg'),
	(124,'Dior and I','2014',NULL,'R','Dior and I brings the viewer inside the storied world of the Christian Dior fashion house with a privileged, behind-the-scenes look at the creation of Raf Simons\' first haute couture ...','tt3539664',8.0,'1 win & 4 nominations.',0,0,0,'http://ia.media-imdb.com/images/M/MV5BOTAzMDE4MzMzNl5BMl5BanBnXkFtZTgwMjE4MzM2NDE@._V1_SX300.jpg'),
	(125,'Human Capital','2013',NULL,'N/A','The destinies of two families are irrevocably tied together after a cyclist is hit off the road by a jeep in the night before Christmas Eve.','tt2465578',8.0,'42 wins & 29 nominations.',0,0,0,'http://ia.media-imdb.com/images/M/MV5BMjM0MTExMTkxNl5BMl5BanBnXkFtZTgwMzgwNDI0MzE@._V1_SX300.jpg'),
	(126,'Batkid Begins','2015',NULL,'PG','On one day, in one city, the world comes together to grant one 5 year old cancer patient his wish. Batkid Begins looks at the \'why\' of this flash phenomenon.','tt3884528',8.0,'3 wins & 1 nomination.',0,0,0,'http://ia.media-imdb.com/images/M/MV5BMTg3MTAxMjczM15BMl5BanBnXkFtZTgwNjc3MzY3NTE@._V1_SX300.jpg'),
	(127,'American Sniper','2014',NULL,'R','Navy SEAL sniper Chris Kyle\'s pinpoint accuracy saves countless lives on the battlefield and turns him into a legend. Back home to his wife and kids after four tours of duty, however, Chris finds that it is the war he can\'t leave behind.','tt2179136',8.0,'Won 1 Oscar. Another 10 wins & 31 nominations.',0,0,0,'http://ia.media-imdb.com/images/M/MV5BMTkxNzI3ODI4Nl5BMl5BanBnXkFtZTgwMjkwMjY4MjE@._V1_SX300.jpg'),
	(128,'Cop Car','2015',NULL,'R','A small town sheriff sets out to find the two kids who have taken his car on a joy ride.','tt3813310',8.0,'1 nomination.',0,0,0,'http://ia.media-imdb.com/images/M/MV5BOTMyMDc5OTUwMl5BMl5BanBnXkFtZTgwMjEwNjc3NTE@._V1_SX300.jpg'),
	(129,'Jurassic World','2015',NULL,'PG-13','A new theme park is built on the original site of Jurassic Park. Everything is going well until the park\'s newest attraction--a genetically modified giant stealth killing machine--escapes containment and goes on a killing spree.','tt0369610',8.0,'5 nominations.',0,0,0,'http://ia.media-imdb.com/images/M/MV5BMTQ5MTE0MTk3Nl5BMl5BanBnXkFtZTgwMjczMzk2NTE@._V1_SX300.jpg'),
	(130,'The SpongeBob Movie: Sponge Out of Water','2015',NULL,'PG','When a diabolical pirate above the sea steals the secret Krabby Patty formula, SpongeBob and his nemesis Plankton must team up in order to get it back.','tt2279373',8.0,'1 nomination.',0,0,0,'http://ia.media-imdb.com/images/M/MV5BMjYyNDczNTE0MF5BMl5BanBnXkFtZTgwNjkzNDYxMzE@._V1_SX300.jpg'),
	(131,'Danny Collins','2015',NULL,'R','An aging rock star decides to change his life when he discovers a 40-year-old letter written to him by John Lennon.','tt1772288',8.0,'N/A',0,0,0,'http://ia.media-imdb.com/images/M/MV5BNDk5NTYxOTk2MV5BMl5BanBnXkFtZTgwMzIxMjE0MzE@._V1_SX300.jpg'),
	(132,'Z for Zachariah','2015',NULL,'PG-13','In the wake of a disaster that wipes out most of civilization, two men and a young woman find themselves in an emotionally charged love triangle as the last known survivors.','tt1598642',8.0,'1 nomination.',0,0,0,'http://ia.media-imdb.com/images/M/MV5BMTUwMTUwODUzNV5BMl5BanBnXkFtZTgwMDIxMDE5NTE@._V1_SX300.jpg'),
	(133,'Inherent Vice','2014',NULL,'R','In 1970, drug-fueled Los Angeles private investigator Larry \"Doc\" Sportello investigates the disappearance of a former girlfriend.','tt1791528',8.0,'Nominated for 2 Oscars. Another 27 wins & 65 nominations.',0,0,0,'http://ia.media-imdb.com/images/M/MV5BMjI2ODQ2NzUwMl5BMl5BanBnXkFtZTgwNjU3NTE4MjE@._V1_SX300.jpg'),
	(134,'Tom at the Farm','2013',NULL,'N/A','A grieving man meets his lover\'s family, who were not aware of their son\'s sexual orientation.','tt2427892',8.0,'7 wins & 23 nominations.',0,0,0,'http://ia.media-imdb.com/images/M/MV5BMTQ2MDU0MzE4N15BMl5BanBnXkFtZTgwNTM3ODk4NTE@._V1_SX300.jpg'),
	(135,'Good Kill','2014',NULL,'R','A family man begins to question the ethics of his job as a drone pilot.','tt3297330',8.0,'1 nomination.',0,0,0,'http://ia.media-imdb.com/images/M/MV5BMTkzNDIxNzE5OF5BMl5BanBnXkFtZTgwODMxMTExNTE@._V1_SX300.jpg'),
	(136,'Big Game','2014',NULL,'PG-13','A young teenager camping in the woods helps rescue the President of the United States when Air Force One is shot down near his campsite.','tt2917694',8.0,'N/A',0,0,0,'http://ia.media-imdb.com/images/M/MV5BMjQxNTc1ODA1Ml5BMl5BanBnXkFtZTgwMTQ1NDM3NDE@._V1_SX300.jpg'),
	(137,'People Places Things','2015',NULL,'R','Will Henry is a newly single graphic novelist balancing parenting his young twin daughters and a classroom full of students while exploring and navigating the rich complexities of new love and letting go of the woman who left him.','tt4104022',8.0,'1 nomination.',0,0,0,'http://ia.media-imdb.com/images/M/MV5BMTg2NjI2MTMzNV5BMl5BanBnXkFtZTgwMTcwODIwNjE@._V1._CR80,50,1280,1800_SY132_CR2,0,89,132_AL_.jpg_V1_SX300.jpg'),
	(138,'Boyhood','2014',NULL,'R','The life of Mason, from early childhood to his arrival at college.','tt1065073',8.0,'Won 1 Oscar. Another 183 wins & 161 nominations.',0,0,0,'http://ia.media-imdb.com/images/M/MV5BMTYzNDc2MDc0N15BMl5BanBnXkFtZTgwOTcwMDQ5MTE@._V1_SX300.jpg'),
	(139,'Mr. Turner','2014',NULL,'R','An exploration of the last quarter century of the great, if eccentric, British painter J.M.W. Turner\'s life.','tt2473794',8.0,'Nominated for 4 Oscars. Another 27 wins & 42 nominations.',0,0,0,'http://ia.media-imdb.com/images/M/MV5BMjUzNTg0MzM3NF5BMl5BanBnXkFtZTgwNDg3NTY5MjE@._V1_SX300.jpg'),
	(140,'The Lego Movie','2014',NULL,'PG','An ordinary Lego construction worker, thought to be the prophesied \'Special\', is recruited to join a quest to stop an evil tyrant from gluing the Lego universe into eternal stasis.','tt1490017',8.0,'Nominated for 1 Oscar. Another 65 wins & 56 nominations.',0,0,0,'http://ia.media-imdb.com/images/M/MV5BMTg4MDk1ODExN15BMl5BanBnXkFtZTgwNzIyNjg3MDE@._V1_SX300.jpg'),
	(141,'The Babadook','2014',NULL,'NOT RATED','A single mother, plagued by the violent death of her husband, battles with her son\'s fear of a monster lurking in the house, but soon discovers a sinister presence all around her.','tt2321549',8.0,'44 wins & 48 nominations.',0,0,0,'http://ia.media-imdb.com/images/M/MV5BMTk0NzMzODc2NF5BMl5BanBnXkFtZTgwOTYzNTM1MzE@._V1_SX300.jpg'),
	(142,'Life Itself','2014',NULL,'R','The life and career of the renowned film critic and social commentator, Roger Ebert.','tt2382298',8.0,'26 wins & 21 nominations.',0,0,0,'http://ia.media-imdb.com/images/M/MV5BMTQ2OTQzMjcxNF5BMl5BanBnXkFtZTgwMzc2Njk3MTE@._V1_SX300.jpg'),
	(143,'Nightcrawler','2014',NULL,'R','When Louis Bloom, a driven man desperate for work, muscles into the world of L.A. crime journalism, he blurs the line between observer and participant to become the star of his own story. Aiding him in his effort is Nina, a TV-news veteran.','tt2872718',8.0,'Nominated for 1 Oscar. Another 49 wins & 82 nominations.',0,0,0,'http://ia.media-imdb.com/images/M/MV5BMjM5NjkzMjE5MV5BMl5BanBnXkFtZTgwNTMzNTk4MjE@._V1_SX300.jpg'),
	(144,'Whiplash','2014',NULL,'R','A promising young drummer enrolls at a cut-throat music conservatory where his dreams of greatness are mentored by an instructor who will stop at nothing to realize a student\'s potential.','tt2582802',8.0,'Won 3 Oscars. Another 87 wins & 96 nominations.',0,0,0,'http://ia.media-imdb.com/images/M/MV5BMTU4OTQ3MDUyMV5BMl5BanBnXkFtZTgwOTA2MjU0MjE@._V1_SX300.jpg'),
	(145,'Gloria','1980',NULL,'PG','When a young boy\'s family is killed by the mob, their tough neighbor Gloria becomes his reluctant guardian. In possession of a book that the gangsters want, the pair go on the run in New York.','tt0080798',8.0,'Nominated for 1 Oscar. Another 4 wins & 1 nomination.',0,0,0,'http://ia.media-imdb.com/images/M/MV5BMjA2MTQyMTIzM15BMl5BanBnXkFtZTcwNDczODMyMQ@@._V1_SX300.jpg'),
	(146,'Leviathan','2014',NULL,'R','In a Russian coastal town, Kolya is forced to fight the corrupt mayor when he is told that his house will be demolished. He recruits a lawyer friend to help, but the man\'s arrival brings further misfortune for Kolya and his family.','tt2802154',8.0,'Nominated for 1 Oscar. Another 25 wins & 29 nominations.',0,0,0,'http://ia.media-imdb.com/images/M/MV5BMjAwMTY3MTU0Ml5BMl5BanBnXkFtZTgwNzE0ODAwMzE@._V1_SX300.jpg'),
	(147,'Citizenfour','2014',NULL,'R','A documentarian and a reporter travel to Hong Kong for the first of many meetings with Edward Snowden.','tt4044364',8.0,'Won 1 Oscar. Another 43 wins & 20 nominations.',0,0,0,'http://ia.media-imdb.com/images/M/MV5BMTc0MTM0MTA5MF5BMl5BanBnXkFtZTgwNzEwODEwMzE@._V1_SX300.jpg'),
	(148,'Starred Up','2013',NULL,'NOT RATED','Eric Love (O\'Connell) is a 19 year old teenager who is so violent he has been \'Starred Up\' (Moved to Adult prison) where he finds his father Neville (Mendelsohn) who Eric hasn\'t seen since ...','tt2567712',8.0,'16 wins & 17 nominations.',0,0,0,'http://ia.media-imdb.com/images/M/MV5BMTczOTY4MTg2OF5BMl5BanBnXkFtZTgwNTM2NzcxMjE@._V1_SX300.jpg'),
	(149,'Two Days, One Night','2014',NULL,'PG-13','Sandra, a young Belgian mother, discovers that her workmates have opted for a significant pay bonus, in exchange for her dismissal. She has only one weekend to convince her colleagues to give up their bonuses so that she can keep her job.','tt2737050',8.0,'Nominated for 1 Oscar. Another 40 wins & 64 nominations.',0,0,0,'http://ia.media-imdb.com/images/M/MV5BMjIyMzczMDI0NF5BMl5BanBnXkFtZTgwNjI5Nzk3MTE@._V1_SX300.jpg'),
	(150,'The Grand Budapest Hotel','2014',NULL,'R','The adventures of Gustave H, a legendary concierge at a famous hotel from the fictional Republic of Zubrowka between the first and second World Wars, and Zero Moustafa, the lobby boy who becomes his most trusted friend.','tt2278388',8.0,'Won 4 Oscars. Another 142 wins & 153 nominations.',0,0,0,'http://ia.media-imdb.com/images/M/MV5BMzM5NjUxOTEyMl5BMl5BanBnXkFtZTgwNjEyMDM0MDE@._V1_SX300.jpg'),
	(151,'Jodorowsky\'s Dune','2013',NULL,'PG-13','The story of cult film director Alejandro Jodorowsky\'s ambitious but ultimately doomed film adaptation of the seminal science fiction novel.','tt1935156',8.0,'11 wins & 21 nominations.',0,0,0,'http://ia.media-imdb.com/images/M/MV5BMTU0MzcxMTAxMl5BMl5BanBnXkFtZTgwODMyMTIxMTE@._V1_SX300.jpg'),
	(152,'Guardians of the Galaxy','2014',NULL,'PG-13','A group of intergalactic criminals are forced to work together to stop a fanatical warrior from taking control of the universe.','tt2015381',8.0,'Nominated for 2 Oscars. Another 42 wins & 81 nominations.',0,0,0,'http://ia.media-imdb.com/images/M/MV5BMTAwMjU5OTgxNjZeQTJeQWpwZ15BbWU4MDUxNDYxODEx._V1_SX300.jpg'),
	(153,'X-Men: Days of Future Past','2014',NULL,'PG-13','The X-Men send Wolverine to the past in a desperate effort to change history and prevent an event that results in doom for both humans and mutants.','tt1877832',8.0,'Nominated for 1 Oscar. Another 9 wins & 38 nominations.',0,0,0,'http://ia.media-imdb.com/images/M/MV5BMjEwMDk2NzY4MF5BMl5BanBnXkFtZTgwNTY2OTcwMDE@._V1_SX300.jpg'),
	(154,'We Are the Best!','2013',NULL,'NOT RATED','Three girls in 1980s Stockholm decide to form a punk band -- despite not having any instruments and being told by everyone that punk is dead.','tt2364975',8.0,'12 wins & 17 nominations.',0,0,0,'http://ia.media-imdb.com/images/M/MV5BMTg2MDY4NTAwM15BMl5BanBnXkFtZTgwNjQyOTM1MTE@._V1_SX300.jpg'),
	(155,'Ida','2013',NULL,'PG-13','Anna, a young novitiate nun in 1960s Poland, is on the verge of taking her vows when she discovers a dark family secret dating back to the years of the Nazi occupation.','tt2718492',8.0,'Won 1 Oscar. Another 70 wins & 62 nominations.',0,0,0,'http://ia.media-imdb.com/images/M/MV5BMTUzNzI0Mjk3N15BMl5BanBnXkFtZTgwNjczMDM1MTE@._V1_SX300.jpg'),
	(156,'Blue Ruin','2013',NULL,'R','A mysterious outsider\'s quiet life is turned upside down when he returns to his childhood home to carry out an act of vengeance. Proving himself an amateur assassin, he winds up in a brutal fight to protect his estranged family.','tt2359024',8.0,'7 wins & 14 nominations.',0,0,0,'http://ia.media-imdb.com/images/M/MV5BMTY4NTM2MDg5OV5BMl5BanBnXkFtZTgwMDA3OTAwMTE@._V1_SX300.jpg'),
	(157,'Dawn of the Planet of the Apes','2014',NULL,'PG-13','A growing nation of genetically evolved apes led by Caesar is threatened by a band of human survivors of the devastating virus unleashed a decade earlier.','tt2103281',8.0,'Nominated for 1 Oscar. Another 14 wins & 41 nominations.',0,0,0,'http://ia.media-imdb.com/images/M/MV5BMTgwODk3NDc1N15BMl5BanBnXkFtZTgwNTc1NjQwMjE@._V1_SX300.jpg'),
	(158,'Love Is Strange','2014',NULL,'R','After Ben and George get married, George is fired from his teaching post, forcing them to stay with friends separately while they sell their place and look for cheaper housing -- a situation that weighs heavily on all involved.','tt2639344',8.0,'1 win & 15 nominations.',0,0,0,'http://ia.media-imdb.com/images/M/MV5BMTk5MTkxOTI1N15BMl5BanBnXkFtZTgwNzAwNDA4MTE@._V1_SX300.jpg'),
	(159,'Gone Girl','2014',NULL,'R','With his wife\'s disappearance having become the focus of an intense media circus, a man sees the spotlight turned on him when it\'s suspected that he may not be innocent.','tt2267998',8.0,'Nominated for 1 Oscar. Another 68 wins & 134 nominations.',0,0,0,'http://ia.media-imdb.com/images/M/MV5BMTk0MDQ3MzAzOV5BMl5BanBnXkFtZTgwNzU1NzE3MjE@._V1_SX300.jpg'),
	(160,'The Imitation Game','2014',NULL,'PG-13','During World War II, mathematician Alan Turing tries to crack the enigma code with help from fellow mathematicians.','tt2084970',8.0,'Won 1 Oscar. Another 52 wins & 125 nominations.',0,0,0,'http://ia.media-imdb.com/images/M/MV5BNDkwNTEyMzkzNl5BMl5BanBnXkFtZTgwNTAwNzk3MjE@._V1_SX300.jpg'),
	(161,'Captain America: The Winter Soldier','2014',NULL,'PG-13','As Steve Rogers struggles to embrace his role in the modern world, he teams up with another super soldier, the black widow, to battle a new threat from old history: an assassin known as the Winter Soldier.','tt1843866',8.0,'Nominated for 1 Oscar. Another 5 wins & 46 nominations.',0,0,0,'http://ia.media-imdb.com/images/M/MV5BMzA2NDkwODAwM15BMl5BanBnXkFtZTgwODk5MTgzMTE@._V1_SX300.jpg'),
	(162,'Wild','2014',NULL,'R','A chronicle of one woman\'s 1,100-mile solo hike undertaken as a way to recover from a recent personal tragedy.','tt2305051',8.0,'Nominated for 2 Oscars. Another 8 wins & 52 nominations.',0,0,0,'http://ia.media-imdb.com/images/M/MV5BMTczNzI2MDc1Ml5BMl5BanBnXkFtZTgwOTU5NTYxMjE@._V1_SX300.jpg'),
	(163,'Locker','2009',NULL,'N/A','LOCKER follows the emotional journey of a teenager suffering depression and loss. Faced with the recent loss of his mother, a father who is not coping and has become aggressive towards him,...<a href=\"//m.imdb.com/title/tt1756600/plotsummary?ref_=m_tt_ov_pl\">','tt1756600',8.0,'N/A',0,0,0,'http://ia.media-imdb.com/images/M/MV5BMjExNjcyMTQxM15BMl5BanBnXkFtZTgwNjA4ODA4MTE@._V1_SX300.jpg'),
	(164,'How to Train Your Dragon 2','2014',NULL,'PG','When Hiccup and Toothless discover an ice cave that is home to hundreds of new wild dragons and the mysterious Dragon Rider, the two friends find themselves at the center of a battle to protect the peace.','tt1646971',8.0,'Nominated for 1 Oscar. Another 17 wins & 52 nominations.',0,0,0,'http://ia.media-imdb.com/images/M/MV5BMzMwMTAwODczN15BMl5BanBnXkFtZTgwMDk2NDA4MTE@._V1_SX300.jpg'),
	(165,'20,000 Days on Earth','2014',NULL,'N/A','Writer and musician Nick Cave marks his 20,000th day on the planet Earth.','tt2920540',8.0,'Nominated for 1 BAFTA Film Award. Another 7 wins & 14 nominations.',0,0,0,'http://ia.media-imdb.com/images/M/MV5BMTQzOTI2NjkxM15BMl5BanBnXkFtZTgwNjg4MDgyMjE@._V1_SX300.jpg'),
	(166,'Frank','2014',NULL,'R','Jon, a young wanna-be musician, discovers he\'s bitten off more than he can chew when he joins an eccentric pop band led by the mysterious and enigmatic Frank.','tt1605717',8.0,'13 wins & 15 nominations.',0,0,0,'http://ia.media-imdb.com/images/M/MV5BMjM0OTczMTcxOV5BMl5BanBnXkFtZTgwMDU1MDUwMjE@._V1_SX300.jpg'),
	(167,'Last Days in Vietnam','2014',NULL,'NOT RATED','During the chaotic final weeks of the Vietnam War, the North Vietnamese Army closes in on Saigon as the panicked South Vietnamese people desperately attempt to escape. On the ground, ...','tt3279124',8.0,'Nominated for 1 Oscar. Another 4 wins & 7 nominations.',0,0,0,'http://ia.media-imdb.com/images/M/MV5BMjIzOTU1Njg2M15BMl5BanBnXkFtZTgwMjg0NzI2MjE@._V1_SX300.jpg'),
	(168,'Force Majeure','2014',NULL,'R','A family on a ski holiday in the French Alps find themselves staring down an avalanche during lunch one day; in the aftermath, their dynamic has been shaken to its core, with a question mark hanging over their patriarch in particular.','tt3630276',8.0,'Nominated for 1 Golden Globe. Another 30 wins & 26 nominations.',0,0,0,'http://ia.media-imdb.com/images/M/MV5BMjQ4NzY0ODg0N15BMl5BanBnXkFtZTgwNjY3OTc2MjE@._V1_SX300.jpg'),
	(169,'The Dance of Reality','2013',NULL,'UNRATED','Alejandro Jodorowsky was born in 1929 in Tocopilla, a coastal town on the edge of the Chilean desert where this film was shot. It was there that Jodorowsky underwent an unhappy and ...','tt2301592',8.0,'2 wins & 5 nominations.',0,0,0,'http://ia.media-imdb.com/images/M/MV5BMjE2MzI3Mzk3OV5BMl5BanBnXkFtZTgwMTM0NDMyMTE@._V1_SX300.jpg'),
	(170,'Pride','2014',NULL,'R','U.K. gay activists work to help miners during their lengthy strike of the National Union of Mineworkers in the summer of 1984.','tt3169706',8.0,'Nominated for 1 Golden Globe. Another 8 wins & 15 nominations.',0,0,0,'http://ia.media-imdb.com/images/M/MV5BMTU2OTcyOTE3MF5BMl5BanBnXkFtZTgwNTg5Mjc1MjE@._V1_SX300.jpg'),
	(171,'Big Hero 6','2014',NULL,'PG','The special bond that develops between plus-sized inflatable robot Baymax, and prodigy Hiro Hamada, who team up with a group of friends to form a band of high-tech heroes.','tt2245084',8.0,'Won 1 Oscar. Another 16 wins & 45 nominations.',0,0,0,'http://ia.media-imdb.com/images/M/MV5BMjI4MTIzODU2NV5BMl5BanBnXkFtZTgwMjE0NDAwMjE@._V1_SX300.jpg'),
	(172,'Particle Fever','2013',NULL,'N/A','As the Large Hadron Collider is about to be launched for the first time, physicists are on the cusp of the greatest scientific discovery of all time -- or perhaps their greatest failure.','tt1385956',8.0,'4 wins & 3 nominations.',0,0,0,'http://ia.media-imdb.com/images/M/MV5BODg3MTM3NTY1OF5BMl5BanBnXkFtZTcwNDg5NTM2OQ@@._V1_SX300.jpg'),
	(173,'Foxcatcher','2014',NULL,'R','The greatest Olympic Wrestling Champion brother team joins Team Foxcatcher led by multimillionaire sponsor John E. du Pont as they train for the 1988 games in Seoul - a union that leads to unlikely circumstances.','tt1100089',8.0,'Nominated for 5 Oscars. Another 14 wins & 59 nominations.',0,0,0,'http://ia.media-imdb.com/images/M/MV5BMTQ2MjQxNjYxOV5BMl5BanBnXkFtZTgwMzIwODUxMzE@._V1_SX300.jpg'),
	(174,'Stranger by the Lake','2013',NULL,'UNRATED','Summertime. A cruising spot for men, tucked away on the shores of a lake. Franck falls in love with Michel. An attractive, potent and lethally dangerous man. Franck knows this, but wants to live out his passion anyway.','tt2852458',8.0,'21 wins & 27 nominations.',0,0,0,'http://ia.media-imdb.com/images/M/MV5BMjE5MjcxODYxMl5BMl5BanBnXkFtZTgwNzA2NjYwMTE@._V1_SX300.jpg'),
	(175,'The Drop','2014',NULL,'R','Bob Saginowski finds himself at the center of a robbery gone awry and entwined in an investigation that digs deep into the neighborhood\'s past where friends, families, and foes all work together to make a living - no matter the cost.','tt1600196',8.0,'3 wins & 4 nominations.',0,0,0,'http://ia.media-imdb.com/images/M/MV5BMTkyNjMzODUzNV5BMl5BanBnXkFtZTgwNjIxNDI1MTE@._V1_SX300.jpg'),
	(176,'In Blood','2002',NULL,'N/A','When a virus is released upon the human race, Zombie Hunters and Vampire Killers fight to find a cure before it\'s too late. In the process, they also have to battle with The Executioner!','tt0472623',8.0,'1 win.',0,0,0,'N/A'),
	(177,'Dear White People','2014',NULL,'R','The lives of four black students at an Ivy League college.','tt2235108',8.0,'12 wins & 22 nominations.',0,0,0,'http://ia.media-imdb.com/images/M/MV5BMjMzMjc5MjIzNV5BMl5BanBnXkFtZTgwNTY4OTQ2MjE@._V1_SX300.jpg'),
	(178,'The Wind Rises','2013',NULL,'PG-13','A look at the life of Jiro Horikoshi, the man who designed Japanese fighter planes during World War II.','tt2013293',8.0,'Nominated for 1 Oscar. Another 34 wins & 38 nominations.',0,0,0,'http://ia.media-imdb.com/images/M/MV5BMTU4NDg0MzkzNV5BMl5BanBnXkFtZTgwODA3Mzc1MDE@._V1_SX300.jpg'),
	(179,'A Most Wanted Man','2014',NULL,'R','A Chechen Muslim illegally immigrates to Hamburg, where he gets caught in the international war on terror.','tt1972571',8.0,'2 wins & 3 nominations.',0,0,0,'http://ia.media-imdb.com/images/M/MV5BODY2MTA0MjYzMl5BMl5BanBnXkFtZTgwOTE3NzE4MTE@._V1_SX300.jpg'),
	(180,'Calvary','2014',NULL,'R','After he is threatened during a confession, a good-natured priest must battle the dark forces closing in around him.','tt2234003',8.0,'9 wins & 25 nominations.',0,0,0,'http://ia.media-imdb.com/images/M/MV5BMTc3MjQ1MjE2M15BMl5BanBnXkFtZTgwNTMzNjE4MTE@._V1_SX300.jpg'),
	(181,'Obvious Child','2014',NULL,'R','A twenty-something comedienne\'s unplanned pregnancy forces her to confront the realities of independent womanhood for the first time.','tt2910274',8.0,'9 wins & 23 nominations.',0,0,0,'http://ia.media-imdb.com/images/M/MV5BMTg0MDU4NjI1OV5BMl5BanBnXkFtZTgwOTY3NDc3MTE@._V1_SX300.jpg'),
	(182,'Diplomacy','2009',NULL,'N/A','Relations between the United States and Iran take an unexpected turn when two diplomats and their interpreters meet for closed-door negotiations.','tt1403154',8.0,'8 wins & 2 nominations.',0,0,0,'http://ia.media-imdb.com/images/M/MV5BMTMzODcxNzgwOF5BMl5BanBnXkFtZTcwNzY5MjQ5Mw@@._V1_SX300.jpg'),
	(183,'Oma','1969',NULL,'N/A','N/A','tt0378486',8.0,'N/A',0,0,0,'N/A'),
	(184,'Venus in Fur','2013',NULL,'NOT RATED','An actress attempts to convince a director how she\'s perfect for a role in his upcoming production.','tt2406252',8.0,'6 wins & 18 nominations.',0,0,0,'http://ia.media-imdb.com/images/M/MV5BMjM0ODgyOTM1Ml5BMl5BanBnXkFtZTgwMzI5ODM4MTE@._V1_SX300.jpg'),
	(185,'The Do-Deca-Pentathlon','2012',NULL,'R','Two brothers compete in their own private 25-event Olympics.','tt0811137',8.0,'1 nomination.',0,0,0,'http://ia.media-imdb.com/images/M/MV5BMTQ5MjE3NTU0MF5BMl5BanBnXkFtZTcwNjczMjk2Nw@@._V1_SX300.jpg'),
	(186,'Le Week-End','2013',NULL,'R','A British couple return to Paris many years after their honeymoon there in an attempt to rejuvenate their marriage.','tt2392326',8.0,'2 wins & 9 nominations.',0,0,0,'http://ia.media-imdb.com/images/M/MV5BMTk3NzAxNTExMF5BMl5BanBnXkFtZTgwMDM0NjYwMTE@._V1_SX300.jpg'),
	(187,'Tim\'s Vermeer','2013',NULL,'PG-13','Inventor Tim Jenison seeks to understand the painting techniques used by Dutch Master Johannes Vermeer.','tt3089388',8.0,'Nominated for 1 BAFTA Film Award. Another 2 wins & 4 nominations.',0,0,0,'http://ia.media-imdb.com/images/M/MV5BMTc1MjgxNDU5OV5BMl5BanBnXkFtZTgwMTcwMzQ4MDE@._V1_SX300.jpg'),
	(188,'Under the Skin','2013',NULL,'R','A mysterious woman seduces lonely men in the evening hours in Scotland. Events lead her to begin a process of self-discovery.','tt1441395',8.0,'Nominated for 1 BAFTA Film Award. Another 45 wins & 67 nominations.',0,0,0,'http://ia.media-imdb.com/images/M/MV5BMTU1MDEwMDg4Nl5BMl5BanBnXkFtZTgwOTk3NTcxMTE@._V1_SX300.jpg'),
	(189,'22 Jump Street','2014',NULL,'R','After making their way through high school (twice), big changes are in store for officers Schmidt and Jenko when they go deep undercover at a local college.','tt2294449',8.0,'7 wins & 20 nominations.',0,0,0,'http://ia.media-imdb.com/images/M/MV5BMTcwNzAxMDU1M15BMl5BanBnXkFtZTgwNDE2NTU1MTE@._V1_SX300.jpg'),
	(190,'Chef','2014',NULL,'R','A chef who loses his restaurant job starts up a food truck in an effort to reclaim his creative promise, while piecing back together his estranged family.','tt2883512',8.0,'1 win & 2 nominations.',0,0,0,'http://ia.media-imdb.com/images/M/MV5BMTY5NTYzNTA1M15BMl5BanBnXkFtZTgwODIwODU1MTE@._V1_SX300.jpg'),
	(191,'The Skeleton Twins','2014',NULL,'R','Having both coincidentally cheated death on the same day, estranged twins reunite with the possibility of mending their relationship.','tt1571249',8.0,'4 wins & 10 nominations.',0,0,0,'http://ia.media-imdb.com/images/M/MV5BNzk5MjM3NDEwN15BMl5BanBnXkFtZTgwMDIxNjYzMjE@._V1_SX300.jpg'),
	(192,'Only Lovers Left Alive','2013',NULL,'R','A depressed musician reunites with his lover, though their romance - which has already endured several centuries - is disrupted by the arrival of uncontrollable younger sister.','tt1714915',8.0,'15 wins & 27 nominations.',0,0,0,'http://ia.media-imdb.com/images/M/MV5BMTY0NTQ1NjA0OV5BMl5BanBnXkFtZTgwMDg5NjkzMTE@._V1_SX300.jpg'),
	(193,'Cheap Thrill, Mickey Cozik in the Zombie Aquarium','1997',NULL,'N/A','N/A','tt0177622',8.0,'1 nomination.',0,0,0,'N/A'),
	(194,'Top Five','2014',NULL,'R','A comedian tries to make it as a serious actor when his reality-TV star fiancée talks him into broadcasting their wedding on her TV show.','tt2784678',8.0,'7 wins & 18 nominations.',0,0,0,'http://ia.media-imdb.com/images/M/MV5BMjIzNTg4ODM3OV5BMl5BanBnXkFtZTgwMTk0MjkxMzE@._V1_SX300.jpg'),
	(195,'John Wick','2014',NULL,'R','An ex-hitman comes out of retirement to track down the gangsters that took everything from him.','tt2911666',8.0,'5 wins & 3 nominations.',0,0,0,'http://ia.media-imdb.com/images/M/MV5BMTU2NjA1ODgzMF5BMl5BanBnXkFtZTgwMTM2MTI4MjE@._V1_SX300.jpg'),
	(196,'The Immigrant','2013',NULL,'R','1921. An innocent immigrant woman is tricked into a life of burlesque and vaudeville until a dazzling magician tries to save her and reunite her with her sister who is being held in the confines of Ellis Island.','tt1951181',8.0,'18 wins & 25 nominations.',0,0,0,'http://ia.media-imdb.com/images/M/MV5BNjQ2OTAyNTUzNl5BMl5BanBnXkFtZTgwMTkxNzA2MTE@._V1_SX300.jpg'),
	(197,'Night Moves','2013',NULL,'R','Three radical environmentalists look to execute the protest of their lives: the explosion of a hydroelectric dam.','tt2043933',8.0,'2 wins & 2 nominations.',0,0,0,'http://ia.media-imdb.com/images/M/MV5BMTc2NjM1OTU2OF5BMl5BanBnXkFtZTgwMTk4ODU2MTE@._V1_SX300.jpg'),
	(198,'Bear','2010',NULL,'R','Two young couples are driving through a remote forest when their car breaks down. When a run-in with a curious grizzly bear ends up with the bear being shot to death, the bear\'s mate ...','tt1468703',8.0,'N/A',0,0,0,'http://ia.media-imdb.com/images/M/MV5BMTcyNzU1NTI1NV5BMl5BanBnXkFtZTcwNDAyODg5Mg@@._V1_SX300.jpg'),
	(199,'Joe','2013',NULL,'R','An ex-con, who is the unlikeliest of role models, meets a 15-year-old boy and is faced with the choice of redemption or ruin.','tt2382396',8.0,'4 wins & 12 nominations.',0,0,0,'http://ia.media-imdb.com/images/M/MV5BMjExMzk5MTM1Ml5BMl5BanBnXkFtZTgwNzAzODgxMTE@._V1_SX300.jpg'),
	(200,'Alan Partridge','2013',NULL,'R','When famous DJ Alan Partridge\'s radio station is taken over by a new media conglomerate, it sets in motion a chain of events which see Alan having to work with the police to defuse a potentially violent siege.','tt0469021',8.0,'1 win & 7 nominations.',0,0,0,'http://ia.media-imdb.com/images/M/MV5BMjEzODAxODYzM15BMl5BanBnXkFtZTgwMzYwOTcwMTE@._V1_SX300.jpg'),
	(201,'Metamorphosis: Tale of a Wetland','2012',NULL,'N/A','In what appears to be just some rain-filled holes in a quarry, an array of unexpected animal life has colonized this reestablishing wetland. This human-altered ecosystem has even manifested...','tt2290513',8.0,'N/A',0,0,0,'N/A'),
	(202,'Cold in July','2014',NULL,'R','When a protective father meets a murderous ex-con, both need to deviate from the path they are on as they soon find themselves entangled in a downwards spiral of lies and violence while having to confront their own inner psyche.','tt1179031',8.0,'1 win & 6 nominations.',0,0,0,'http://ia.media-imdb.com/images/M/MV5BMTc4NTU4MTY2Nl5BMl5BanBnXkFtZTgwNDM5MjQ2MTE@._V1_SX300.jpg'),
	(203,'A Field in England','2013',NULL,'NOT RATED','Amid the Civil War in 17th-century England, a group of deserters flee from battle through an overgrown field. Captured by an alchemist, the men are forced to help him search to find a hidden treasure that he believes is buried in the field.','tt2375574',8.0,'1 win & 8 nominations.',0,0,0,'http://ia.media-imdb.com/images/M/MV5BMjcyNzQyMjI0NF5BMl5BanBnXkFtZTgwNjU2MDc5MDE@._V1_SX300.jpg'),
	(204,'The Trip to Italy','2014',NULL,'NOT RATED','Two men, six meals in six different places on a road trip around Italy. Liguria, Tuscany, Rome, Amalfi and ending in Capri.','tt3645268',8.0,'1 nomination.',0,0,0,'http://ia.media-imdb.com/images/M/MV5BNTAxMDQzNzA3Nl5BMl5BanBnXkFtZTgwNzU4MDk4MTE@._V1_SX300.jpg'),
	(205,'The Theory of Everything','2014',NULL,'PG-13','A look at the relationship between the famous physicist Stephen Hawking and his wife.','tt2980516',8.0,'Won 1 Oscar. Another 28 wins & 100 nominations.',0,0,0,'http://ia.media-imdb.com/images/M/MV5BMTAwMTU4MDA3NDNeQTJeQWpwZ15BbWU4MDk4NTMxNTIx._V1_SX300.jpg'),
	(206,'It\'s a Wonderful Life','1946',NULL,'APPROVED','An angel helps a compassionate but despairingly frustrated businessman by showing what life would have been like if he never existed.','tt0038650',8.0,'Nominated for 5 Oscars. Another 7 wins.',0,0,0,'http://ia.media-imdb.com/images/M/MV5BMTMzMzY5NDc4M15BMl5BanBnXkFtZTcwMzc4NjIxNw@@._V1_SX300.jpg'),
	(207,'One Flew Over the Cuckoo\'s Nest','1975',NULL,'R','Upon admittance to a mental institution, a brash rebel rallies the patients to take on the oppressive head nurse.','tt0073486',8.0,'Won 5 Oscars. Another 31 wins & 12 nominations.',0,0,0,'http://ia.media-imdb.com/images/M/MV5BMTk5OTA4NTc0NF5BMl5BanBnXkFtZTcwNzI5Mzg3OA@@._V1_SX300.jpg'),
	(208,'Schindler\'s List','1993',NULL,'R','In Poland during World War II, Oskar Schindler gradually becomes concerned for his Jewish workforce after witnessing their persecution by the Nazis.','tt0108052',8.0,'Won 7 Oscars. Another 74 wins & 26 nominations.',0,0,0,'http://ia.media-imdb.com/images/M/MV5BMzMwMTM4MDU2N15BMl5BanBnXkFtZTgwMzQ0MjMxMDE@._V1_SX300.jpg'),
	(209,'10','1979',NULL,'R','A Hollywood lyricist goes through a mid-life crisis and becomes infatuated with a sexy, newly married woman.','tt0078721',8.0,'Nominated for 2 Oscars. Another 9 nominations.',0,0,0,'http://ia.media-imdb.com/images/M/MV5BMTg1NDQ1OTIxOV5BMl5BanBnXkFtZTcwOTY2MzMyMQ@@._V1_SX300.jpg'),
	(210,'12 Angry Men','1957',NULL,'NOT RATED','A dissenting juror in a murder trial slowly manages to convince the others that the case is not as obviously clear as it seemed in court.','tt0050083',8.0,'Nominated for 3 Oscars. Another 18 wins & 6 nominations.',0,0,0,'http://ia.media-imdb.com/images/M/MV5BODQwOTc5MDM2N15BMl5BanBnXkFtZTcwODQxNTEzNA@@._V1_SX300.jpg'),
	(211,'1900','1976',NULL,'R','Set in Italy, the film follows the lives and interactions of two boys/men, one born a bastard of peasant stock (Depardieu), the other born to a land owner (de Niro). The drama spans from ...','tt0074084',8.0,'3 wins & 3 nominations.',0,0,0,'http://ia.media-imdb.com/images/M/MV5BMTY3NjEzMDQyNl5BMl5BanBnXkFtZTcwNjk4MTkzMQ@@._V1_SX300.jpg'),
	(212,'2001: A Space Odyssey','1968',NULL,'G','Humanity finds a mysterious, obviously artificial, object buried beneath the Lunar surface and, with the intelligent computer H.A.L. 9000, sets off on a quest.','tt0062622',8.0,'Won 1 Oscar. Another 14 wins & 6 nominations.',0,0,0,'http://ia.media-imdb.com/images/M/MV5BNDYyMDgxNDQ5Nl5BMl5BanBnXkFtZTcwMjc1ODg3OA@@._V1_SX300.jpg'),
	(213,'3 Idiots','2009',NULL,'PG-13','Two friends are searching for their long lost companion. They revisit their college days and recall the memories of their friend who inspired them to think differently, even as the rest of the world called them \"idiots\".','tt1187043',8.0,'25 wins & 13 nominations.',0,0,0,'http://ia.media-imdb.com/images/M/MV5BMTMyOTg0ODQ1OF5BMl5BanBnXkFtZTcwNjc0NTMwNQ@@._V1_SX300.jpg'),
	(214,'8 1/2','2013',NULL,'N/A','Nine Hollywood legendary actresses stuck in a retirement home take revenge on a sadistic studio head who once tortured them and made a fortune off them.','tt1745873',8.0,'N/A',0,0,0,'N/A'),
	(215,'A Brief History of Time','1991',NULL,'G','A film about the life and work of the cosmologist, Stephen Hawking, who despite his near total paralysis, is one of the great minds of all time.','tt0103882',8.0,'6 wins.',0,0,0,'http://ia.media-imdb.com/images/M/MV5BMTk2MTc1NjE1Nl5BMl5BanBnXkFtZTcwNDU1NjA0MQ@@._V1_SX300.jpg'),
	(216,'A Clockwork Orange','1971',NULL,'X','In future Britain, charismatic delinquent Alex DeLarge is jailed and volunteers for an experimental aversion therapy developed by the government in an effort to solve society\'s crime problem - but not all goes according to plan.','tt0066921',8.0,'Nominated for 4 Oscars. Another 12 wins & 13 nominations.',0,0,0,'http://ia.media-imdb.com/images/M/MV5BMTY3MjM1Mzc4N15BMl5BanBnXkFtZTgwODM0NzAxMDE@._V1_SX300.jpg'),
	(217,'A Face in the Crowd','1957',NULL,'NOT RATED','An Arkansas hobo becomes an overnight media sensation. But as he becomes drunk with fame and power, will he ever be exposed as the fraud he has become?','tt0050371',8.0,'1 win & 1 nomination.',0,0,0,'http://ia.media-imdb.com/images/M/MV5BMTUwMDU5MjQ3Nl5BMl5BanBnXkFtZTgwOTA2NDgyMTE@._V1_SX300.jpg'),
	(218,'A Foreign Affair','1948',NULL,'APPROVED','In occupied Berlin, an army captain is torn between an ex-Nazi cafe singer and the U.S. congresswoman investigating her.','tt0040367',8.0,'Nominated for 2 Oscars. Another 1 nomination.',0,0,0,'http://ia.media-imdb.com/images/M/MV5BOTAwMDQ2NDk5NV5BMl5BanBnXkFtZTgwNzYxODgxMTE@._V1_SX300.jpg'),
	(219,'Gravity','2013',NULL,'PG-13','A medical engineer and an astronaut work together to survive after a catastrophe destroys their shuttle and leaves them adrift in orbit.','tt1454468',8.0,'Won 7 Oscars. Another 224 wins & 135 nominations.',0,0,0,'http://ia.media-imdb.com/images/M/MV5BNjE5MzYwMzYxMF5BMl5BanBnXkFtZTcwOTk4MTk0OQ@@._V1_SX300.jpg'),
	(220,'12 Years a Slave','2013',NULL,'R','In the antebellum United States, Solomon Northup, a free black man from upstate New York, is abducted and sold into slavery.','tt2024544',8.0,'Won 3 Oscars. Another 264 wins & 256 nominations.',0,0,0,'http://ia.media-imdb.com/images/M/MV5BMjExMTEzODkyN15BMl5BanBnXkFtZTcwNTU4NTc4OQ@@._V1_SX300.jpg'),
	(221,'Before Midnight','2013',NULL,'R','We meet Jesse and Celine nine years on in Greece. Almost two decades have passed since their first meeting on that train bound for Vienna.','tt2209418',8.0,'Nominated for 1 Oscar. Another 23 wins & 47 nominations.',0,0,0,'http://ia.media-imdb.com/images/M/MV5BMjA5NzgxODE2NF5BMl5BanBnXkFtZTcwNTI1NTI0OQ@@._V1_SX300.jpg'),
	(222,'Short Term 12','2013',NULL,'R','A 20-something supervising staff member of a residential treatment facility navigates the troubled waters of that world alongside her co-worker and longtime boyfriend.','tt2370248',8.0,'38 wins & 59 nominations.',0,0,0,'http://ia.media-imdb.com/images/M/MV5BMTEwNjE2OTM4NDZeQTJeQWpwZ15BbWU3MDE2MTE4OTk@._V1_SX300.jpg'),
	(223,'Mud','2012',NULL,'PG-13','Two young boys encounter a fugitive and form a pact to help him evade the vigilantes that are on his trail and to reunite him with his true love.','tt1935179',8.0,'15 wins & 31 nominations.',0,0,0,'http://ia.media-imdb.com/images/M/MV5BMTU2MzcyODgyNV5BMl5BanBnXkFtZTcwNTc4MDYwOQ@@._V1_SX300.jpg'),
	(224,'Inside Llewyn Davis','2013',NULL,'R','A week in the life of a young singer as he navigates the Greenwich Village folk scene of 1961.','tt2042568',8.0,'Nominated for 2 Oscars. Another 61 wins & 125 nominations.',0,0,0,'http://ia.media-imdb.com/images/M/MV5BMjAxNjcyNDQxM15BMl5BanBnXkFtZTgwNzU2NDA0MDE@._V1_SX300.jpg'),
	(225,'Her','2013',NULL,'R','A lonely writer develops an unlikely relationship with his newly purchased operating system that\'s designed to meet his every need.','tt1798709',8.0,'Won 1 Oscar. Another 103 wins & 132 nominations.',0,0,0,'http://ia.media-imdb.com/images/M/MV5BMjA1Nzk0OTM2OF5BMl5BanBnXkFtZTgwNjU2NjEwMDE@._V1_SX300.jpg'),
	(226,'Dallas Buyers Club','2013',NULL,'R','In 1985 Dallas, electrician and hustler Ron Woodroof works around the system to help AIDS patients get the medication they need after he is diagnosed with the disease.','tt0790636',8.0,'Won 3 Oscars. Another 90 wins & 59 nominations.',0,0,0,'http://ia.media-imdb.com/images/M/MV5BMTYwMTA4MzgyNF5BMl5BanBnXkFtZTgwMjEyMjE0MDE@._V1_SX300.jpg'),
	(227,'Zero Dark Thirty','2012',NULL,'R','A chronicle of the decade-long hunt for al-Qaeda terrorist leader Osama bin Laden after the September 2001 attacks, and his death at the hands of the Navy S.E.A.L.s Team 6 in May 2011.','tt1790885',8.0,'Won 1 Oscar. Another 107 wins & 128 nominations.',0,0,0,'http://ia.media-imdb.com/images/M/MV5BMTQ4OTUyNzcwN15BMl5BanBnXkFtZTcwMTQ1NDE3OA@@._V1_SX300.jpg'),
	(228,'American Hustle','2013',NULL,'R','A con man, Irving Rosenfeld, along with his seductive partner Sydney Prosser, is forced to work for a wild FBI agent, Richie DiMaso, who pushes them into a world of Jersey powerbrokers and mafia.','tt1800241',8.0,'Nominated for 10 Oscars. Another 81 wins & 166 nominations.',0,0,0,'http://ia.media-imdb.com/images/M/MV5BNjkxMTc0MDc4N15BMl5BanBnXkFtZTgwODUyNTI1MDE@._V1_SX300.jpg'),
	(229,'Wadjda','2012',NULL,'PG','An enterprising Saudi girl signs on for her school\'s Koran recitation competition as a way to raise the remaining funds she needs in order to buy the green bicycle that has captured her interest.','tt2258858',8.0,'Nominated for 1 BAFTA Film Award. Another 26 wins & 27 nominations.',0,0,0,'http://ia.media-imdb.com/images/M/MV5BMjI4MzMyNzM2Ml5BMl5BanBnXkFtZTgwNDQ5MDgwMDE@._V1_SX300.jpg'),
	(230,'Blackfish','2013',NULL,'PG-13','A documentary following the controversial captivity of killer whales, and its dangers for both humans and whales.','tt2545118',8.0,'Nominated for 1 BAFTA Film Award. Another 12 wins & 29 nominations.',0,0,0,'http://ia.media-imdb.com/images/M/MV5BNTkyNTkwMzkxMl5BMl5BanBnXkFtZTcwMzAwOTE2OQ@@._V1_SX300.jpg'),
	(231,'Enough Said','2013',NULL,'PG-13','A divorced woman who decides to pursue the man she\'s interested in learns he\'s her new friend\'s ex-husband.','tt2390361',8.0,'Nominated for 1 Golden Globe. Another 11 wins & 27 nominations.',0,0,0,'http://ia.media-imdb.com/images/M/MV5BMjI2MjIwMDk2Ml5BMl5BanBnXkFtZTcwNTQ1MzQ5OQ@@._V1_SX300.jpg'),
	(232,'Captain Phillips','2013',NULL,'PG-13','The true story of Captain Richard Phillips and the 2009 hijacking by Somali pirates of the US-flagged MV Maersk Alabama, the first American cargo ship to be hijacked in two hundred years.','tt1535109',8.0,'Nominated for 6 Oscars. Another 21 wins & 125 nominations.',0,0,0,'http://ia.media-imdb.com/images/M/MV5BMTQzNzExMDg3Ml5BMl5BanBnXkFtZTgwODU1NzEzMDE@._V1_SX300.jpg'),
	(233,'The Square','2013',NULL,'NOT RATED','A group of Egyptian revolutionaries battle leaders and regimes, risking their lives to build a new society of conscience.','tt2486682',8.0,'Nominated for 1 Oscar. Another 16 wins & 13 nominations.',0,0,0,'http://ia.media-imdb.com/images/M/MV5BMTUxMjkwNzM5M15BMl5BanBnXkFtZTgwOTIxNDQyNDE@._V1_SX300.jpg'),
	(234,'All Is Lost','2013',NULL,'PG-13','After a collision with a shipping container at sea, a resourceful sailor finds himself, despite all efforts to the contrary, staring his mortality in the face.','tt2017038',8.0,'Nominated for 1 Oscar. Another 6 wins & 36 nominations.',0,0,0,'http://ia.media-imdb.com/images/M/MV5BMjI0MzIyMjU1N15BMl5BanBnXkFtZTgwOTk1MjQxMDE@._V1_SX300.jpg'),
	(235,'Sound City','2013',NULL,'NOT RATED','A documentary on the fabled recording studio that was located in Van Nuys, California.','tt2306745',8.0,'2 wins & 3 nominations.',0,0,0,'http://ia.media-imdb.com/images/M/MV5BMTc4MjkyODg4MF5BMl5BanBnXkFtZTcwNTk1NjM4OA@@._V1_SX300.jpg'),
	(236,'Fruitvale Station','2013',NULL,'R','The story of Oscar Grant III, a 22-year-old Bay Area resident, who crosses paths with friends, enemies, family, and strangers on the last day of 2008.','tt2334649',8.0,'41 wins & 50 nominations.',0,0,0,'http://ia.media-imdb.com/images/M/MV5BMTQ0OTU1MDkxMF5BMl5BanBnXkFtZTcwNjI5OTA3OQ@@._V1_SX300.jpg'),
	(237,'56 Up','2012',NULL,'NOT RATED','Director Michael Apted revisits the same group of British-born adults after a 7 year wait. The subjects are interviewed as to the changes that have occurred in their lives during the last seven years.','tt2147134',8.0,'2 nominations.',0,0,0,'http://ia.media-imdb.com/images/M/MV5BNDYxNDQ2NDEzNl5BMl5BanBnXkFtZTcwMzc0Mjg3OA@@._V1_SX300.jpg'),
	(238,'The Act of Killing','2012',NULL,'NOT RATED','A documentary which challenges former Indonesian death-squad leaders to reenact their mass-killings in whichever cinematic genres they wish, including classic Hollywood crime scenarios and lavish musical numbers.','tt2375605',8.0,'Nominated for 1 Oscar. Another 56 wins & 30 nominations.',0,0,0,'http://ia.media-imdb.com/images/M/MV5BNzQ0NDA1ODQ3NF5BMl5BanBnXkFtZTcwNjQwMzk0OA@@._V1_SX300.jpg'),
	(239,'The Selfish Giant','2013',NULL,'N/A','A contemporary fable about two scrappy 13-year-old working-class friends in the UK who seek fortune by getting involved with a local scrap dealer and criminal, leading to tragic consequences.','tt2304426',8.0,'14 wins & 14 nominations.',0,0,0,'http://ia.media-imdb.com/images/M/MV5BODQyMzUxODEwMF5BMl5BanBnXkFtZTgwOTc5NzE2MDE@._V1_SX300.jpg'),
	(240,'Nebraska','2013',NULL,'R','An aging, booze-addled father makes the trip from Montana to Nebraska with his estranged son in order to claim a million-dollar Mega Sweepstakes Marketing prize.','tt1821549',8.0,'Nominated for 6 Oscars. Another 41 wins & 131 nominations.',0,0,0,'http://ia.media-imdb.com/images/M/MV5BMTU2Mjk2NDkyMl5BMl5BanBnXkFtZTgwNTk0NzcyMDE@._V1_SX300.jpg'),
	(241,'Call Me Kuchu','2012',NULL,'N/A','In Uganda, a new bill threatens to make homosexuality punishable by death. David Kato - Uganda\'s first openly gay man - and his fellow activists work against the clock to defeat the ...','tt2088714',8.0,'14 wins & 10 nominations.',0,0,0,'http://ia.media-imdb.com/images/M/MV5BMjA5OTE4ODk4NV5BMl5BanBnXkFtZTcwMTE5MTYzNw@@._V1_SX300.jpg'),
	(242,'Let the Fire Burn','2013',NULL,'N/A','A history of the conflict of the City of Philadelphia and the Black Liberation organization, MOVE, that led to the disastrously violent final confrontation in 1985.','tt2119463',8.0,'6 wins & 9 nominations.',0,0,0,'http://ia.media-imdb.com/images/M/MV5BOTE5NjkwMjE3Nl5BMl5BanBnXkFtZTgwNzI4NDgyMDE@._V1_SX300.jpg'),
	(243,'Frances Ha','2012',NULL,'R','A story that follows a New York woman (who doesn\'t really have an apartment), apprentices for a dance company (though she\'s not really a dancer), and throws herself headlong into her dreams, even as their possibility dwindles.','tt2347569',8.0,'Nominated for 1 Golden Globe. Another 9 wins & 32 nominations.',0,0,0,'http://ia.media-imdb.com/images/M/MV5BOTY0NDQ2NzQ2N15BMl5BanBnXkFtZTcwMTU0OTkwOQ@@._V1_SX300.jpg'),
	(244,'A Hijacking','2012',NULL,'R','The crew of a Danish cargo ship is hijacked by Somali pirates who proceed to engage in escalating negotiations with authorities in Copenhagen.','tt2216240',8.0,'16 wins & 25 nominations.',0,0,0,'http://ia.media-imdb.com/images/M/MV5BMTQ0NDI4Nzg1N15BMl5BanBnXkFtZTcwNjE2NjcyOQ@@._V1_SX300.jpg'),
	(245,'Muscle Shoals','2013',NULL,'PG','A documentary that celebrates Rick Hall, the founder of FAME Studios in Muscle Shoals, Alabama, and the signature sound he developed in songs such as \"I\'ll Take You There\", \"Brown Sugar\", and \"When a Man Loves a Woman\".','tt2492916',8.0,'4 wins & 9 nominations.',0,0,0,'http://ia.media-imdb.com/images/M/MV5BMTUzMzU1MTA0N15BMl5BanBnXkFtZTgwMjY3MDgwMDE@._V1_SX300.jpg'),
	(246,'Stories We Tell','2012',NULL,'PG-13','A film that excavates layers of myth and memory to find the elusive truth at the core of a family of storytellers.','tt2366450',8.0,'29 wins & 31 nominations.',0,0,0,'http://ia.media-imdb.com/images/M/MV5BMTg3MDU2NjI3N15BMl5BanBnXkFtZTcwMjYwMzYyOQ@@._V1_SX300.jpg'),
	(247,'The Hunger Games: Catching Fire','2013',NULL,'PG-13','Katniss Everdeen and Peeta Mellark become targets of the Capitol after their victory in the 74th Hunger Games sparks a rebellion in the Districts of Panem.','tt1951264',8.0,'Nominated for 1 Golden Globe. Another 24 wins & 54 nominations.',0,0,0,'http://ia.media-imdb.com/images/M/MV5BMTAyMjQ3OTAxMzNeQTJeQWpwZ15BbWU4MDU0NzA1MzAx._V1_SX300.jpg'),
	(248,'Blue Jasmine','2013',NULL,'PG-13','A New York socialite, deeply troubled and in denial, arrives in San Francisco to impose upon her sister. She looks a million, but isn\'t bringing money, peace, or love...','tt2334873',8.0,'Won 1 Oscar. Another 55 wins & 62 nominations.',0,0,0,'http://ia.media-imdb.com/images/M/MV5BMTc0ODk5MzEyMV5BMl5BanBnXkFtZTcwMzI0MDY1OQ@@._V1_SX300.jpg'),
	(249,'The Spectacular Now','2013',NULL,'R','A hard-partying high school senior\'s philosophy on life changes when he meets the not-so-typical \"nice girl.\"','tt1714206',8.0,'11 wins & 29 nominations.',0,0,0,'http://ia.media-imdb.com/images/M/MV5BMjA5MTc0NTkzM15BMl5BanBnXkFtZTcwODEwNjE3OQ@@._V1_SX300.jpg'),
	(250,'Philomena','2013',NULL,'PG-13','A world-weary political journalist picks up the story of a woman\'s search for her son, who was taken away from her decades ago after she became pregnant and was forced to live in a convent.','tt2431286',8.0,'Nominated for 4 Oscars. Another 37 wins & 63 nominations.',0,0,0,'http://ia.media-imdb.com/images/M/MV5BMjA5ODgyNzcxMV5BMl5BanBnXkFtZTgwMzkzOTYzMDE@._V1_SX300.jpg'),
	(251,'Cutie and the Boxer','2013',NULL,'R','This candid New York love story explores the chaotic 40-year marriage of famed boxing painter Ushio Shinohara and his wife, Noriko. Anxious to shed her role as her overbearing husband\'s assistant, Noriko finds an identity of her own.','tt2355540',8.0,'Nominated for 1 Oscar. Another 8 wins & 10 nominations.',0,0,0,'http://ia.media-imdb.com/images/M/MV5BMjEyNzgyMjUzNl5BMl5BanBnXkFtZTcwODk3NjQyOQ@@._V1_SX300.jpg'),
	(252,'Behind the Candelabra','2013',NULL,'TV-MA','Based on the autobiographical novel, the tempestuous 6-year relationship between Liberace and his (much younger) lover, Scott Thorson, is recounted.','tt1291580',8.0,'Won 2 Golden Globes. Another 39 wins & 43 nominations.',0,0,0,'http://ia.media-imdb.com/images/M/MV5BMTg0OTY2OTM0OF5BMl5BanBnXkFtZTcwMTk4OTQ1OQ@@._V1_SX300.jpg'),
	(253,'The Past','2013',NULL,'PG-13','An Iranian man deserts his French wife and her two children to return to his homeland. Meanwhile, his wife starts up a new relationship, a reality her husband confronts upon his wife\'s request for a divorce.','tt2404461',8.0,'Nominated for 1 Golden Globe. Another 15 wins & 30 nominations.',0,0,0,'http://ia.media-imdb.com/images/M/MV5BMTcxNTgzNDg1N15BMl5BanBnXkFtZTgwNjg4MzI1MDE@._V1_SX300.jpg'),
	(254,'Lore','2012',NULL,'NOT RATED','As the Allies sweep across Germany, Lore leads her siblings on a journey that exposes them to the truth of their parents\' beliefs. An encounter with a mysterious refugee forces Lore to rely on a person she has always been taught to hate.','tt1996310',8.0,'29 wins & 34 nominations.',0,0,0,'http://ia.media-imdb.com/images/M/MV5BMjMxMDA5MDUwNl5BMl5BanBnXkFtZTcwNTM1NjM5OA@@._V1_SX300.jpg'),
	(255,'Blancanieves','2001',NULL,'N/A','N/A','tt1339424',8.0,'N/A',0,0,0,'N/A'),
	(256,'I Am Divine','2013',NULL,'NOT RATED','How Divine, aka Harris Glenn Milstead, became John Waters\' cinematic muse and an international drag icon.','tt1356790',8.0,'2 wins & 3 nominations.',0,0,0,'http://ia.media-imdb.com/images/M/MV5BMjA5NDg0MDQ0OF5BMl5BanBnXkFtZTgwODU1MzA1MDE@._V1_SX300.jpg'),
	(257,'The Hunt','2012',NULL,'R','A teacher lives a lonely life, all the while struggling over his son\'s custody. His life slowly gets better as he finds love and receives good news from his son, but his new luck is about to be brutally shattered by an innocent little lie.','tt2106476',8.0,'Nominated for 1 Oscar. Another 42 wins & 54 nominations.',0,0,0,'http://ia.media-imdb.com/images/M/MV5BMTg2NDg3ODg4NF5BMl5BanBnXkFtZTcwNzk3NTc3Nw@@._V1_SX300.jpg'),
	(258,'Room 237','2012',NULL,'NOT RATED','An exploration of various interpretations of Stanley Kubrick\'s horror film, The Shining (1980).','tt2085910',8.0,'3 wins & 13 nominations.',0,0,0,'http://ia.media-imdb.com/images/M/MV5BMzQyMjgzNzAwNl5BMl5BanBnXkFtZTcwODI0NjIzNw@@._V1_SX300.jpg'),
	(259,'The Crash Reel','2013',NULL,'N/A','Fifteen years of verite footage show the epic rivalry between half-pipe legends Shaun White and Kevin Pearce, childhood friends who become number one and two in the world leading up to the ...','tt2499076',8.0,'12 wins & 5 nominations.',0,0,0,'http://ia.media-imdb.com/images/M/MV5BMjAzNjUxNjgxNF5BMl5BanBnXkFtZTcwMzQ0NzI4OQ@@._V1_SX300.jpg'),
	(260,'Frozen','2013',NULL,'PG','When the newly crowned Queen Elsa accidentally uses her power to turn things into ice to curse her home in infinite winter, her sister, Anna, teams up with a mountain man, his playful reindeer, and a snowman to change the weather condition.','tt2294629',8.0,'Won 2 Oscars. Another 76 wins & 53 nominations.',0,0,0,'http://ia.media-imdb.com/images/M/MV5BMTQ1MjQwMTE5OF5BMl5BanBnXkFtZTgwNjk3MTcyMDE@._V1_SX300.jpg'),
	(261,'No','2012',NULL,'R','An ad executive comes up with a campaign to defeat Augusto Pinochet in Chile\'s 1988 referendum.','tt2059255',8.0,'Nominated for 1 Oscar. Another 11 wins & 13 nominations.',0,0,0,'http://ia.media-imdb.com/images/M/MV5BMTM3ODAzNjcwMV5BMl5BanBnXkFtZTcwMTUzMjc4OA@@._V1_SX300.jpg'),
	(262,'Rush','2013',NULL,'R','The merciless 1970s rivalry between Formula One rivals James Hunt and Niki Lauda.','tt1979320',8.0,'Nominated for 2 Golden Globes. Another 8 wins & 50 nominations.',0,0,0,'http://ia.media-imdb.com/images/M/MV5BMTQyMDE0MTY0OV5BMl5BanBnXkFtZTcwMjI2OTI0OQ@@._V1_SX300.jpg'),
	(263,'Blue Is the Warmest Color','2013',NULL,'NC-17','Adele\'s life is changed when she meets Emma, a young woman with blue hair, who will allow her to discover desire, to assert herself as a woman and as an adult. In front of others, Adele grows, seeks herself, loses herself and ultimately finds herself through love and loss.','tt2278871',8.0,'Nominated for 1 Golden Globe. Another 94 wins & 73 nominations.',0,0,0,'http://ia.media-imdb.com/images/M/MV5BMTQ5NTg5ODk4OV5BMl5BanBnXkFtZTgwODc4MTMzMDE@._V1_SX300.jpg'),
	(264,'War Witch','2012',NULL,'NOT RATED','Somewhere in Sub-Saharan Africa, Komona, a 14-year-old girl, tells her unborn child growing inside her the story of her life since she has been at war. Everything started when she was abducted by the rebel army at the age of 12.','tt1820488',8.0,'Nominated for 1 Oscar. Another 34 wins & 11 nominations.',0,0,0,'http://ia.media-imdb.com/images/M/MV5BMjMyMzE5MzAzMV5BMl5BanBnXkFtZTcwOTc5MjMwOQ@@._V1_SX300.jpg'),
	(265,'The Gatekeepers','2012',NULL,'PG-13','A documentary featuring interviews with all surviving former heads of Shin Bet, the Israeli security agency whose activities and membership are closely held state secrets.','tt2309788',8.0,'Nominated for 1 Oscar. Another 9 wins & 7 nominations.',0,0,0,'http://ia.media-imdb.com/images/M/MV5BMTYyMDg3NjYyMl5BMl5BanBnXkFtZTcwOTcyNDY4OA@@._V1_SX300.jpg'),
	(266,'Star Trek Into Darkness','2013',NULL,'PG-13','After the crew of the Enterprise find an unstoppable force of terror from within their own organization, Captain Kirk leads a manhunt to a war-zone world to capture a one-man weapon of mass destruction.','tt1408101',8.0,'Nominated for 1 Oscar. Another 8 wins & 42 nominations.',0,0,0,'http://ia.media-imdb.com/images/M/MV5BMTk2NzczOTgxNF5BMl5BanBnXkFtZTcwODQ5ODczOQ@@._V1_SX300.jpg'),
	(267,'In a World...','2013',NULL,'R','An underachieving voice coach finds herself competing in the movie trailer voice-over profession against her arrogant father and his protégé.','tt2294677',8.0,'4 wins & 13 nominations.',0,0,0,'http://ia.media-imdb.com/images/M/MV5BMTU0NzE0Mzg3M15BMl5BanBnXkFtZTcwNzY2MDY3OQ@@._V1_SX300.jpg'),
	(268,'Museum Hours','2012',NULL,'N/A','When a Vienna museum guard befriends an enigmatic visitor, the grand Kunsthistorisches Art Museum becomes a mysterious crossroads that sparks explorations of their lives, the city, and the ways in which works of art reflect and shape the world.','tt2268732',8.0,'2 wins & 9 nominations.',0,0,0,'http://ia.media-imdb.com/images/M/MV5BMjAzMzI3NDQ1NF5BMl5BanBnXkFtZTcwNTA0MjQ3OQ@@._V1_SX300.jpg'),
	(269,'The Sapphires','2012',NULL,'PG-13','It\'s 1968, and four young, talented Australian Aboriginal girls learn about love, friendship and war when their all-girl group The Sapphires entertain the US troops in Vietnam.','tt1673697',8.0,'24 wins & 25 nominations.',0,0,0,'http://ia.media-imdb.com/images/M/MV5BMTQyNTk5MDk1OF5BMl5BanBnXkFtZTcwNjgyODYxOQ@@._V1_SX300.jpg'),
	(270,'After Tiller','2013',NULL,'PG-13','After the assassination of Dr. George Tiller in Kansas in 2009, there are a limited number of doctors left in the country who provide third-trimester abortions for women. AFTER TILLER moves...','tt2430104',8.0,'4 wins & 8 nominations.',0,0,0,'http://ia.media-imdb.com/images/M/MV5BMjEyMzI2Njc0OV5BMl5BanBnXkFtZTgwMTExMjAxMDE@._V1_SX300.jpg'),
	(271,'We Steal Secrets: The Story of WikiLeaks','2013',NULL,'R','A documentary that details the creation of Julian Assange\'s controversial website, which facilitated the largest security breach in U.S. history.','tt1824254',8.0,'Nominated for 1 BAFTA Film Award. Another 3 wins & 8 nominations.',0,0,0,'http://ia.media-imdb.com/images/M/MV5BNTg3MjUyNjkzNl5BMl5BanBnXkFtZTcwMTQzNDgyOQ@@._V1_SX300.jpg'),
	(272,'A Band Called Death','2012',NULL,'N/A','A documentary on the 1970s punk trio Death, and their new-found popularity decades after they disbanded.','tt2064713',8.0,'2 wins & 2 nominations.',0,0,0,'http://ia.media-imdb.com/images/M/MV5BMTU1NjAzMjc1M15BMl5BanBnXkFtZTcwOTk4NDY0OQ@@._V1_SX300.jpg'),
	(273,'A Touch of Sin','2013',NULL,'N/A','Four independent stories set in modern China about random acts of violence.','tt2852400',8.0,'10 wins & 10 nominations.',0,0,0,'http://ia.media-imdb.com/images/M/MV5BOTM0NzA4MjA5Nl5BMl5BanBnXkFtZTcwMzgwMTA1OQ@@._V1_SX300.jpg'),
	(274,'Drug War','2012',NULL,'R','A drug cartel boss who is arrested in a raid is coerced into betraying his former accomplices as part of an undercover operation.','tt2165735',8.0,'7 wins & 17 nominations.',0,0,0,'http://ia.media-imdb.com/images/M/MV5BMjI3MDE4MjYxNl5BMl5BanBnXkFtZTcwNzIwODA4OQ@@._V1_SX300.jpg'),
	(275,'The Great Beauty','2013',NULL,'NOT RATED','Jep Gambardella has seduced his way through the lavish nightlife of Rome for decades, but after his 65th birthday and a shock from the past, Jep looks past the nightclubs and parties to find a timeless landscape of absurd, exquisite beauty.','tt2358891',8.0,'Won 1 Oscar. Another 61 wins & 61 nominations.',0,0,0,'http://ia.media-imdb.com/images/M/MV5BMTQ0ODg1OTQ2Nl5BMl5BanBnXkFtZTgwNTc2MDY1MDE@._V1_SX300.jpg'),
	(276,'Still Mine','2012',NULL,'PG-13','An elderly couple fight against local authorities in rural New Brunswick to build their final home.','tt2073086',8.0,'5 wins & 10 nominations.',0,0,0,'http://ia.media-imdb.com/images/M/MV5BMjA3NjA5OTM4MF5BMl5BanBnXkFtZTcwMjQ0MTA3OQ@@._V1_SX300.jpg'),
	(277,'Our Children','2012',NULL,'N/A','Like millions of other couples, Mounir and Murielle fall in love. Like millions of other couples, Mounir and Murielle have children. But unlike them, they accept to give up their autonomy ...','tt1660302',8.0,'8 wins & 10 nominations.',0,0,0,'http://ia.media-imdb.com/images/M/MV5BMTc2MzMzMzM2NF5BMl5BanBnXkFtZTcwMDA4MDY5OQ@@._V1_SX300.jpg'),
	(278,'Mother of George','2013',NULL,'R','Adenike and Ayodele, a Nigerian couple living in Brooklyn, are having trouble conceiving a child - a problem that defies cultural expectations and leads Adenike to make a shocking decision that could either save or destroy her family.','tt2094890',8.0,'8 wins & 8 nominations.',0,0,0,'http://ia.media-imdb.com/images/M/MV5BMTYzMDAxODUzN15BMl5BanBnXkFtZTgwMzgwMzUwMDE@._V1_SX300.jpg'),
	(279,'Gimme the Loot','2012',NULL,'NOT RATED','When their latest work is buffed by a rival crew, two determined graffiti writers embark on an elaborate plan to bomb the ultimate location: the New York Mets\' Home Run Apple.','tt2139919',8.0,'4 wins & 9 nominations.',0,0,0,'http://ia.media-imdb.com/images/M/MV5BNTMyNTY1NTQ2OF5BMl5BanBnXkFtZTcwOTU3ODQxOQ@@._V1_SX300.jpg'),
	(280,'The Conjuring','2013',NULL,'R','Paranormal investigators Ed and Lorraine Warren work to help a family terrorized by a dark presence in their farmhouse.','tt1457767',8.0,'18 wins & 17 nominations.',0,0,0,'http://ia.media-imdb.com/images/M/MV5BMTM3NjA1NDMyMV5BMl5BanBnXkFtZTcwMDQzNDMzOQ@@._V1_SX300.jpg'),
	(281,'Beyond the Hills','2012',NULL,'NOT RATED','The friendship between two young women who grew up in the same orphanage; one has found refuge at a convent in Romania and refuses to leave with her friend, who now lives in Germany.','tt2258281',8.0,'6 wins & 13 nominations.',0,0,0,'http://ia.media-imdb.com/images/M/MV5BMjIzOTYwNDc4M15BMl5BanBnXkFtZTcwNjU1NzcwOQ@@._V1_SX300.jpg'),
	(282,'Caesar Must Die','2012',NULL,'N/A','Inmates at a high-security prison in Rome prepare for a public performance of Shakespeare\'s \"Julius Caesar.\"','tt2177511',8.0,'16 wins & 16 nominations.',0,0,0,'http://ia.media-imdb.com/images/M/MV5BMTM3NzEzOTg4M15BMl5BanBnXkFtZTcwNzk2MjA0Nw@@._V1_SX300.jpg'),
	(283,'Inequality for All','2013',NULL,'PG','A documentary that follows former U.S. Labor Secretary Robert Reich as he looks to raise awareness of the country\'s widening economic gap.','tt2215151',8.0,'2 wins & 5 nominations.',0,0,0,'http://ia.media-imdb.com/images/M/MV5BMTY5NjUwNjU1OF5BMl5BanBnXkFtZTgwOTI2NjEwMDE@._V1_SX300.jpg'),
	(284,'A Place at the Table','2012',NULL,'PG','A documentary that investigates incidents of hunger experienced by millions of Americans, and proposed solutions to the problem.','tt1736049',8.0,'1 win & 2 nominations.',0,0,0,'http://ia.media-imdb.com/images/M/MV5BOTg1NTk5MDU0N15BMl5BanBnXkFtZTcwNzA0ODE4OA@@._V1_SX300.jpg'),
	(285,'In the House','2012',NULL,'R','A high school French teacher is drawn into a precocious student\'s increasingly transgressive story about his relationship with a friend\'s family.','tt1964624',8.0,'9 wins & 21 nominations.',0,0,0,'http://ia.media-imdb.com/images/M/MV5BMTY3OTQwMTg5Ml5BMl5BanBnXkFtZTcwNjQ4NzAyOQ@@._V1_SX300.jpg'),
	(286,'The Way Way Back','2013',NULL,'PG-13','Shy 14-year-old Duncan goes on summer vacation with his mother, her overbearing boyfriend, and her boyfriend\'s daughter. Having a rough time fitting in, Duncan finds an unexpected friend in Owen, manager of the Water Wizz water park.','tt1727388',8.0,'5 wins & 25 nominations.',0,0,0,'http://ia.media-imdb.com/images/M/MV5BNTU5ODk5NDg0Nl5BMl5BanBnXkFtZTcwNzQwMjI1OQ@@._V1_SX300.jpg'),
	(287,'This Is the End','2013',NULL,'R','While attending a party at James Franco\'s house, Seth Rogen, Jay Baruchel and many other celebrities are faced with the apocalypse.','tt1245492',8.0,'13 wins & 15 nominations.',0,0,0,'http://ia.media-imdb.com/images/M/MV5BMTQxODE3NjM1Ml5BMl5BanBnXkFtZTcwMzkzNjc4OA@@._V1_SX300.jpg'),
	(288,'What Maisie Knew','2012',NULL,'R','In New York City, a young girl is caught in the middle of her parents\' bitter custody battle.','tt1932767',8.0,'4 wins & 7 nominations.',0,0,0,'http://ia.media-imdb.com/images/M/MV5BMTY1MDk0MTIzN15BMl5BanBnXkFtZTcwNDM3NzkxOQ@@._V1_SX300.jpg'),
	(289,'Side Effects','2013',NULL,'R','A young woman\'s world unravels when a drug prescribed by her psychiatrist has unexpected side effects.','tt2053463',8.0,'4 nominations.',0,0,0,'http://ia.media-imdb.com/images/M/MV5BMTc2MzY0NDAwOF5BMl5BanBnXkFtZTcwMTE1Mzc4OA@@._V1_SX300.jpg'),
	(290,'My Brother the Devil','2012',NULL,'NOT RATED','Two teenage brothers must face their own prejudices head on if they are to survive the perils of being British Arabs growing up on the streets of gangland London.','tt2076897',8.0,'9 wins & 15 nominations.',0,0,0,'http://ia.media-imdb.com/images/M/MV5BMTc5MzE0MTI1N15BMl5BanBnXkFtZTcwMjcwMzYyOQ@@._V1_SX300.jpg'),
	(291,'Fill the Void','2012',NULL,'PG','A young Hasidic Jewish woman is pressured into an arranged levirate marriage to an older widower.','tt2219514',8.0,'13 wins & 16 nominations.',0,0,0,'http://ia.media-imdb.com/images/M/MV5BNzQ3ODMyMjA1MV5BMl5BanBnXkFtZTcwMTIzMzEzOQ@@._V1_SX300.jpg'),
	(292,'Iron Man 3','2013',NULL,'PG-13','When Tony Stark\'s world is torn apart by a formidable terrorist called the Mandarin, he starts an odyssey of rebuilding and retribution.','tt1300854',8.0,'Nominated for 1 Oscar. Another 22 wins & 47 nominations.',0,0,0,'http://ia.media-imdb.com/images/M/MV5BMjIzMzAzMjQyM15BMl5BanBnXkFtZTcwNzM2NjcyOQ@@._V1._SY317_SY132_CR0,0,89,132_AL_.jpg_V1_SX300.jpg'),
	(293,'Hannah Arendt','2012',NULL,'NOT RATED','A look at the life of philosopher and political theorist Hannah Arendt, who reported for The New Yorker on the war crimes trial of the Nazi Adolf Eichmann.','tt1674773',8.0,'6 wins & 16 nominations.',0,0,0,'http://ia.media-imdb.com/images/M/MV5BMjIyMDM2NTUyNF5BMl5BanBnXkFtZTcwOTQ2NzAzOQ@@._V1_SX300.jpg'),
	(294,'Much Ado About Nothing','1993',NULL,'PG-13','Young lovers Hero and Claudio, soon to wed, conspire to get verbal sparring partners and confirmed singles Benedick and Beatrice to wed as well.','tt0107616',8.0,'Nominated for 1 Golden Globe. Another 6 wins & 6 nominations.',0,0,0,'http://ia.media-imdb.com/images/M/MV5BMzkwODM1OTY1Nl5BMl5BanBnXkFtZTcwOTcxMDQ1NA@@._V1_SX300.jpg'),
	(295,'Prisoners','2013',NULL,'R','When Keller Dover\'s daughter and her friend go missing, he takes matters into his own hands as the police pursue multiple leads and the pressure mounts. But just how far will this desperate father go to protect his family?','tt1392214',8.0,'Nominated for 1 Oscar. Another 13 wins & 30 nominations.',0,0,0,'http://ia.media-imdb.com/images/M/MV5BMTg0NTIzMjQ1NV5BMl5BanBnXkFtZTcwNDc3MzM5OQ@@._V1_SX300.jpg'),
	(296,'The Punk Singer','2013',NULL,'NOT RATED','A look at the life of activist, musician, and cultural icon Kathleen Hanna, who formed the punk band Bikini Kill and pioneered the \"riot grrrl\" movement of the 1990s.','tt1785612',8.0,'2 wins & 4 nominations.',0,0,0,'http://ia.media-imdb.com/images/M/MV5BMjEzNzQxNzUxNF5BMl5BanBnXkFtZTgwMDY5MTY1MDE@._V1_SX300.jpg'),
	(297,'Upstream Color','2013',NULL,'NOT RATED','A man and woman are drawn together, entangled in the life cycle of an ageless organism. Identity becomes an illusion as they struggle to assemble the loose fragments of wrecked lives.','tt2084989',8.0,'4 wins & 24 nominations.',0,0,0,'http://ia.media-imdb.com/images/M/MV5BMTQzMzQ4MDAyNF5BMl5BanBnXkFtZTcwNzE0MDk3OA@@._V1_SX300.jpg'),
	(298,'The Attack','2012',NULL,'R','An Arab surgeon living in Tel Aviv discovers a dark secret about his wife in the aftermath of a suicide bombing.','tt0787442',8.0,'4 wins & 3 nominations.',0,0,0,'http://ia.media-imdb.com/images/M/MV5BMTYxODIyMTQzMF5BMl5BanBnXkFtZTcwNTk4OTU0OQ@@._V1_SX300.jpg'),
	(299,'Computer Chess','2013',NULL,'N/A','A 1980s-set story centered around a man vs. machine chess tournament.','tt2007360',8.0,'2 wins & 5 nominations.',0,0,0,'http://ia.media-imdb.com/images/M/MV5BNTIzNzA0MDE1Nl5BMl5BanBnXkFtZTcwMDIxMDY2OQ@@._V1_SX300.jpg'),
	(300,'Sightseers','2012',NULL,'NOT RATED','Chris wants to show girlfriend Tina his world, but events soon conspire against the couple and their dream caravan holiday takes a very wrong turn.','tt2023690',8.0,'11 wins & 17 nominations.',0,0,0,'http://ia.media-imdb.com/images/M/MV5BMTQ5ODAwNDAzOF5BMl5BanBnXkFtZTcwMDUyOTc0OQ@@._V1_SX300.jpg'),
	(301,'Happy People: A Year in the Taiga','2010',NULL,'NOT RATED','A documentary depicting the life and work of the trappers of Bakhtia, a village in the heart of the Siberian Taiga, where daily life has changed little in over a century.','tt1683876',8.0,'1 win.',0,0,0,'http://ia.media-imdb.com/images/M/MV5BMTM3ODM0NTQ1MF5BMl5BanBnXkFtZTcwMzAxMTM5OA@@._V1_SX300.jpg'),
	(302,'The Armstrong Lie','2013',NULL,'R','A documentary chronicling sports legend Lance Armstrong\'s improbable rise and ultimate fall from grace.','tt1638364',8.0,'Nominated for 1 BAFTA Film Award. Another 1 win & 5 nominations.',0,0,0,'http://ia.media-imdb.com/images/M/MV5BMjA5NDMzNjg2M15BMl5BanBnXkFtZTgwNjQ4MzI1MDE@._V1_SX300.jpg'),
	(303,'Warm Bodies','2013',NULL,'PG-13','After a highly unusual zombie saves a still-living girl from an attack, the two form a relationship that sets in motion events that might transform the entire lifeless world.','tt1588173',8.0,'1 win & 9 nominations.',0,0,0,'http://ia.media-imdb.com/images/M/MV5BMTQ4MjY2MjMzOV5BMl5BanBnXkFtZTcwMDUxNzIwOQ@@._V1._CR43,43.16667175292969,1298,1960.9999542236328_SX89_AL_.jpg_V1_SX300.jpg'),
	(304,'Saving Mr. Banks','2013',NULL,'PG-13','Author P.L. Travers reflects on her childhood after reluctantly meeting with Walt Disney, who seeks to adapt her Mary Poppins books for the big screen.','tt2140373',8.0,'Nominated for 1 Oscar. Another 11 wins & 71 nominations.',0,0,0,'http://ia.media-imdb.com/images/M/MV5BMTc0MTQ3NzE4Nl5BMl5BanBnXkFtZTcwMzA4NDM5OQ@@._V1_SX300.jpg'),
	(305,'The Patience Stone','2012',NULL,'R','Somewhere, in Afghanistan or elsewhere, in a country torn apart by a war... A young woman in her thirties watches over her older husband in a decrepit room. He is reduced to the state of a ...','tt1638353',8.0,'4 wins & 5 nominations.',0,0,0,'http://ia.media-imdb.com/images/M/MV5BNTkwMDkxNzcwOF5BMl5BanBnXkFtZTcwNDMwMTQ5OQ@@._V1_SX300.jpg'),
	(306,'We Are What We Are','2013',NULL,'R','The Parkers, a reclusive family who follow ancient customs, find their secret existence threatened as a torrential downpour moves into their area, forcing daughters Iris and Rose to assume responsibilities beyond those of a typical family.','tt2309021',8.0,'7 wins & 9 nominations.',0,0,0,'http://ia.media-imdb.com/images/M/MV5BMjI3NjI3NjAyN15BMl5BanBnXkFtZTgwODE3NzMxMDE@._V1_SX300.jpg'),
	(307,'The Place Beyond the Pines','2012',NULL,'R','A motorcycle stunt rider turns to robbing banks as a way to provide for his lover and their newborn child, a decision that puts him on a collision course with an ambitious rookie cop navigating a department ruled by a corrupt detective.','tt1817273',8.0,'4 wins & 17 nominations.',0,0,0,'http://ia.media-imdb.com/images/M/MV5BMjc1OTEwNjU4N15BMl5BanBnXkFtZTcwNzUzNDIwOQ@@._V1_SX300.jpg'),
	(308,'At Berkeley','2013',NULL,'N/A','The University of California at Berkeley, the oldest and most prestigious member of a ten campus public education system, is also one of the finest research and teaching facilities in the ...','tt3091552',8.0,'3 wins & 5 nominations.',0,0,0,'http://ia.media-imdb.com/images/M/MV5BMjMzNTkwODg3M15BMl5BanBnXkFtZTgwODIxMjY1MDE@._V1_SX300.jpg'),
	(309,'Kon-Tiki','2012',NULL,'PG-13','Legendary explorer Thor Heyerdal\'s epic 4,300-mile crossing of the Pacific on a balsawood raft in 1947, in an effort to prove that it was possible for South Americans to settle in Polynesia in pre-Columbian times.','tt1613750',8.0,'Nominated for 1 Oscar. Another 9 wins & 9 nominations.',0,0,0,'http://ia.media-imdb.com/images/M/MV5BMjMxOTU2NzQxMF5BMl5BanBnXkFtZTcwODIwODY0OA@@._V1_SX300.jpg'),
	(310,'Yossi','2012',NULL,'NOT RATED','This sequel to Yossi and Jagger finds Dr. Yossi Gutmann reminiscing about his love ten years after his death; however, as he encounters a group of young soldiers, one of them, Tom, reignites his romantic feelings.','tt1934269',8.0,'1 win & 3 nominations.',0,0,0,'http://ia.media-imdb.com/images/M/MV5BMTQ4NzgwOTI3N15BMl5BanBnXkFtZTcwNjM3NjQ5OA@@._V1_SX300.jpg'),
	(311,'Dirty Wars','2013',NULL,'NOT RATED','Investigative journalist Jeremy Scahill is pulled into an unexpected journey as he chases down the hidden truth behind America\'s expanding covert wars.','tt2532528',8.0,'Nominated for 1 Oscar. Another 10 wins & 6 nominations.',0,0,0,'http://ia.media-imdb.com/images/M/MV5BMTUyOTYwNDUyMV5BMl5BanBnXkFtZTcwNzQwOTU1OQ@@._V1_SX300.jpg'),
	(312,'Drinking Buddies','2013',NULL,'R','Luke and Kate are coworkers at a brewery who spend their nights drinking and flirting heavily. One weekend away together with their significant others proves who really belongs together and who doesn\'t.','tt2265398',8.0,'1 win & 3 nominations.',0,0,0,'http://ia.media-imdb.com/images/M/MV5BMjMwNDU1NzMzM15BMl5BanBnXkFtZTcwNTY3ODk1OQ@@._V1_SX300.jpg'),
	(313,'Prince Avalanche','2013',NULL,'R','Two highway road workers spend the summer of 1988 away from their city lives. The isolated landscape becomes a place of misadventure as the men find themselves at odds with each other and the women they left behind.','tt2195548',8.0,'3 wins & 5 nominations.',0,0,0,'http://ia.media-imdb.com/images/M/MV5BMTQzMzMwNDExMV5BMl5BanBnXkFtZTcwMzE5MjU3OQ@@._V1_SX300.jpg'),
	(314,'Don Jon','2013',NULL,'R','A New Jersey guy dedicated to his family, friends, and church, develops unrealistic expectations from watching porn and works to find happiness and intimacy with his potential true love.','tt2229499',8.0,'5 wins & 19 nominations.',0,0,0,'http://ia.media-imdb.com/images/M/MV5BMTQxNTc3NDM2MF5BMl5BanBnXkFtZTcwNzQ5NTQ3OQ@@._V1._CR28,28.649993896484375,1271,1991.0000305175781_SX89_AL_.jpg_V1_SX300.jpg'),
	(315,'The Wolf of Wall Street','2013',NULL,'R','Based on the true story of Jordan Belfort, from his rise to a wealthy stock-broker living the high life to his fall involving crime, corruption and the federal government.','tt0993846',8.0,'Nominated for 5 Oscars. Another 47 wins & 128 nominations.',0,0,0,'http://ia.media-imdb.com/images/M/MV5BMjIxMjgxNTk0MF5BMl5BanBnXkFtZTgwNjIyOTg2MDE@._V1_SX300.jpg'),
	(316,'Memoirs of a Geisha','2005',NULL,'PG-13','Nitta Sayuri reveals how she transcended her fishing-village roots and became one of Japan\'s most celebrated geisha.','tt0397535',8.0,'Won 3 Oscars. Another 26 wins & 35 nominations.',0,0,0,'http://ia.media-imdb.com/images/M/MV5BMTYxMzM4NTEzOV5BMl5BanBnXkFtZTcwNDMwNjQzMw@@._V1_SX300.jpg'),
	(317,'A Hatful of Rain','1957',NULL,'N/A','A Korean War veteran\'s morphine addiction wreaks havoc upon his family.','tt0050487',8.0,'Nominated for 1 Oscar. Another 8 wins & 7 nominations.',0,0,0,'http://ia.media-imdb.com/images/M/MV5BMTQzMDUxNjU0MF5BMl5BanBnXkFtZTcwMjA5MzkyMQ@@._V1_SX300.jpg'),
	(318,'Argo','2012',NULL,'R','Acting under the cover of a Hollywood producer scouting a location for a science fiction film, a CIA agent launches a dangerous operation to rescue six Americans in Tehran during the U.S. hostage crisis in Iran in 1980.','tt1024648',8.0,'Won 3 Oscars. Another 94 wins & 122 nominations.',0,0,0,'http://ia.media-imdb.com/images/M/MV5BMTc3MjI0MjM0NF5BMl5BanBnXkFtZTcwMTYxMTQ1OA@@._V1_SX300.jpg'),
	(319,'Skyfall','2012',NULL,'PG-13','Bond\'s loyalty to M is tested when her past comes back to haunt her. Whilst MI6 comes under attack, 007 must track down and destroy the threat, no matter how personal the cost.','tt1074638',8.0,'Won 2 Oscars. Another 68 wins & 96 nominations.',0,0,0,'http://ia.media-imdb.com/images/M/MV5BMjAyODkzNDgzMF5BMl5BanBnXkFtZTcwMDMxMDI4Nw@@._V1_SX300.jpg'),
	(320,'Moonrise Kingdom','2012',NULL,'PG-13','A pair of young lovers flee their New England town, which causes a local search party to fan out to find them.','tt1748122',8.0,'Nominated for 1 Oscar. Another 49 wins & 99 nominations.',0,0,0,'http://ia.media-imdb.com/images/M/MV5BMTEwMTc3NDkzOTJeQTJeQWpwZ15BbWU3MDI4NTAwNzc@._V1_SX300.jpg'),
	(321,'Looper','2012',NULL,'R','In 2074, when the mob wants to get rid of someone, the target is sent into the past, where a hired gun awaits - someone like Joe - who one day learns the mob wants to \'close the loop\' by sending back Joe\'s future self for assassination.','tt1276104',8.0,'15 wins & 37 nominations.',0,0,0,'http://ia.media-imdb.com/images/M/MV5BMTY3NTY0MjEwNV5BMl5BanBnXkFtZTcwNTE3NDA1OA@@._V1_SX300.jpg'),
	(322,'Wake in Fright','1971',NULL,'R','John Grant, a bonded teacher, arrives in a rough outback mining town planning to stay overnight before starting his holiday. But one night stretches to several and with the aid of alcohol he plunges headlong toward his own destruction.','tt0067541',8.0,'1 nomination.',0,0,0,'http://ia.media-imdb.com/images/M/MV5BMTUzMzkzMDgzOV5BMl5BanBnXkFtZTcwMjIyMjQ0OA@@._V1_SX300.jpg'),
	(323,'How to Survive a Plague','2012',NULL,'NOT RATED','The story of two coalitions -- ACT UP and TAG (Treatment Action Group) -- whose activism and innovation turned AIDS from a death sentence into a manageable condition.','tt2124803',8.0,'Nominated for 1 Oscar. Another 18 wins & 10 nominations.',0,0,0,'http://ia.media-imdb.com/images/M/MV5BMTg2NTEyNTE3NF5BMl5BanBnXkFtZTcwNjY3NzM0OA@@._V1_SX300.jpg'),
	(324,'The Kid with a Bike','2011',NULL,'PG-13','Abandoned by his father, a young boy is left in a state-run youth farm. In a random act of kindness, the town hair-dresser agrees to foster him on week-ends.','tt1827512',8.0,'Nominated for 1 Golden Globe. Another 9 wins & 26 nominations.',0,0,0,'http://ia.media-imdb.com/images/M/MV5BMTQ3OTE3MzAyMl5BMl5BanBnXkFtZTcwNDU1OTIzNw@@._V1_SX300.jpg'),
	(325,'This Is Not a Film','2011',NULL,'NOT RATED','It\'s been months since Jafar Panahi, stuck in jail, has been awaiting a verdict by the appeals court. By depicting a day in his life, Panahi and Mojtaba Mirtahmasb try to portray the deprivations looming in contemporary Iranian cinema.','tt1667905',8.0,'10 wins & 9 nominations.',0,0,0,'http://ia.media-imdb.com/images/M/MV5BMTU2NjUyODIzNV5BMl5BanBnXkFtZTcwNzA3NDM4OA@@._V1_SX300.jpg'),
	(326,'Monsieur Lazhar','2011',NULL,'PG-13','At a Montréal public grade school, an Algerian immigrant is hired to replace a popular teacher who committed suicide in her classroom. While helping his students deal with their grief, his own recent loss is revealed.','tt2011971',8.0,'Nominated for 1 Oscar. Another 29 wins & 10 nominations.',0,0,0,'http://ia.media-imdb.com/images/M/MV5BNjM0NTYyNTkwNF5BMl5BanBnXkFtZTcwMzQwOTUzNw@@._V1_SX300.jpg'),
	(327,'Silver Linings Playbook','2012',NULL,'R','After a stint in a mental institution, former teacher Pat Solitano moves back in with his parents and tries to reconcile with his ex-wife. Things get more challenging when Pat meets Tiffany, a mysterious girl with problems of her own.','tt1045658',8.0,'Won 1 Oscar. Another 95 wins & 122 nominations.',0,0,0,'http://ia.media-imdb.com/images/M/MV5BMTM2MTI5NzA3MF5BMl5BanBnXkFtZTcwODExNTc0OA@@._V1_SX300.jpg'),
	(328,'Amour','2012',NULL,'PG-13','Georges and Anne are an octogenarian couple. They are cultivated, retired music teachers. Their daughter, also a musician, lives in Britain with her family. One day, Anne has a stroke, and the couple\'s bond of love is severely tested.','tt1602620',8.0,'Won 1 Oscar. Another 86 wins & 83 nominations.',0,0,0,'http://ia.media-imdb.com/images/M/MV5BMTk1NTc3NDc4MF5BMl5BanBnXkFtZTcwNjYwNDk0OA@@._V1_SX300.jpg'),
	(329,'The Invisible War','2012',NULL,'NOT RATED','An investigative documentary about the epidemic of rape of soldiers within the US military.','tt2120152',8.0,'Nominated for 1 Oscar. Another 9 wins & 12 nominations.',0,0,0,'http://ia.media-imdb.com/images/M/MV5BMTkyNjUzOTg4MV5BMl5BanBnXkFtZTcwOTIyMzc4Nw@@._V1_SX300.jpg'),
	(330,'The Cabin in the Woods','2012',NULL,'R','Five friends go for a break at a remote cabin in the woods, where they get more than they bargained for. Together, they must discover the truth behind the cabin in the woods.','tt1259521',8.0,'17 wins & 27 nominations.',0,0,0,'http://ia.media-imdb.com/images/M/MV5BNTUxNzYyMjg2N15BMl5BanBnXkFtZTcwMTExNzExNw@@._V1_SX300.jpg'),
	(331,'The Secret World of Arrietty','2010',NULL,'G','The Clock family are four-inch-tall people who live anonymously in another family\'s residence, borrowing simple items to make their home. Life changes for the Clocks when their daughter, Arrietty, is discovered.','tt1568921',8.0,'11 wins & 7 nominations.',0,0,0,'http://ia.media-imdb.com/images/M/MV5BMTAxNjk3OTYyODReQTJeQWpwZ15BbWU3MDgyODY2OTY@._V1_SX300.jpg'),
	(332,'Oslo, August 31st','2011',NULL,'NOT RATED','One day in the life of Anders, a young recovering drug addict, who takes a brief leave from his treatment center to interview for a job and catch up with old friends in Oslo.','tt1736633',8.0,'12 wins & 14 nominations.',0,0,0,'http://ia.media-imdb.com/images/M/MV5BMTM5ODEwOTM0OV5BMl5BanBnXkFtZTcwOTQ3NzI3Nw@@._V1_SX300.jpg'),
	(333,'The Sessions','2012',NULL,'R','A man in an iron lung who wishes to lose his virginity contacts a professional sex surrogate with the help of his therapist and priest.','tt1866249',8.0,'Nominated for 1 Oscar. Another 21 wins & 51 nominations.',0,0,0,'http://ia.media-imdb.com/images/M/MV5BNzA5OTUxNDEwNF5BMl5BanBnXkFtZTcwMjczMjEzOA@@._V1_SX300.jpg'),
	(334,'Ai Weiwei: Never Sorry','2012',NULL,'R','A documentary that chronicles artist and activist Ai Weiwei as he prepares for a series of exhibitions and gets into an increasing number of clashes with the Chinese government.','tt1845773',8.0,'7 wins & 12 nominations.',0,0,0,'http://ia.media-imdb.com/images/M/MV5BMjE4NjEwNDAyN15BMl5BanBnXkFtZTcwNDk5MTIxOA@@._V1_SX300.jpg'),
	(335,'Beware of Mr. Baker','2012',NULL,'NOT RATED','Ginger Baker looks back on his musical career with Cream and Blind Faith; his introduction to Fela Kuti; his self-destructive patterns and losses of fortune; and his current life inside a fortified South African compound.','tt1931388',8.0,'4 wins & 2 nominations.',0,0,0,'http://ia.media-imdb.com/images/M/MV5BMjIwNDE5NjE2MV5BMl5BanBnXkFtZTcwNjY2ODc3OA@@._V1_SX300.jpg'),
	(336,'Mea Maxima Culpa: Silence in the House of God','2012',NULL,'TV-14','Alex Gibney explores the charged issue of pedophilia in the Catholic Church, following a trail from the first known protest against clerical sexual abuse in the United States and all the way to the Vatican.','tt2111478',8.0,'Won 3 Primetime Emmys. Another 5 wins & 7 nominations.',0,0,0,'http://ia.media-imdb.com/images/M/MV5BMTY3OTMyOTExM15BMl5BanBnXkFtZTgwODAzMDUwMTE@._V1_SX300.jpg'),
	(337,'The Dark Knight Rises','2012',NULL,'PG-13','Eight years after the Joker\'s reign of anarchy, the Dark Knight is forced to return from his imposed exile to save Gotham City from the brutal guerrilla terrorist Bane with the help of the enigmatic Catwoman.','tt1345836',8.0,'Nominated for 1 BAFTA Film Award. Another 44 wins & 84 nominations.',0,0,0,'http://ia.media-imdb.com/images/M/MV5BMTk4ODQzNDY3Ml5BMl5BanBnXkFtZTcwODA0NTM4Nw@@._V1_SX300.jpg'),
	(338,'Lincoln','2012',NULL,'PG-13','As the Civil War continues to rage, America\'s president struggles with continuing carnage on the battlefield as he fights with many inside his own cabinet on the decision to emancipate the slaves.','tt0443272',8.0,'Won 2 Oscars. Another 125 wins & 194 nominations.',0,0,0,'http://ia.media-imdb.com/images/M/MV5BMTQzNzczMDUyNV5BMl5BanBnXkFtZTcwNjM2ODEzOA@@._V1_SX300.jpg'),
	(339,'The Island President','2011',NULL,'PG','After bringing democracy to his country, President Mohamed Nasheed of the Maldives, the lowest-lying country in the world, takes up the fight to keep his homeland from disappearing under the sea.','tt1990352',8.0,'3 wins & 3 nominations.',0,0,0,'http://ia.media-imdb.com/images/M/MV5BNTEwMzgwMjI4OV5BMl5BanBnXkFtZTcwNDM0NzIzNw@@._V1_SX300.jpg'),
	(340,'The Loved Ones','2009',NULL,'R','When Brent turns down his classmate Lola\'s invitation to the prom, she concocts a wildly violent plan for revenge.','tt1316536',8.0,'2 wins & 11 nominations.',0,0,0,'http://ia.media-imdb.com/images/M/MV5BMjEzNDQ0MzM0N15BMl5BanBnXkFtZTcwMzA1NDM1Nw@@._V1_SX300.jpg'),
	(341,'Undefeated','2011',NULL,'PG-13','A documentary on an underdog football team who look to reverse their fortunes with coach Bill Courtney.','tt1860355',8.0,'Won 1 Oscar. Another 4 wins & 4 nominations.',0,0,0,'http://ia.media-imdb.com/images/M/MV5BOTE1ODE2NDc5Ml5BMl5BanBnXkFtZTcwNDU1NjQxOA@@._V1_SX300.jpg'),
	(342,'West of Memphis','2012',NULL,'R','An examination of a failure of justice in the case against the West Memphis Three.','tt2130321',8.0,'Nominated for 1 BAFTA Film Award. Another 1 win & 8 nominations.',0,0,0,'http://ia.media-imdb.com/images/M/MV5BMjIzNDM3NjkzOV5BMl5BanBnXkFtZTcwNjI5Nzg0OA@@._V1_SX300.jpg'),
	(343,'The Imposter','2012',NULL,'R','A documentary centered on a young man in Spain who claims to a grieving Texas family that he is their 16-year-old son who has been missing for 3 years.','tt1966604',8.0,'Won 1 BAFTA Film Award. Another 12 wins & 27 nominations.',0,0,0,'http://ia.media-imdb.com/images/M/MV5BODA2MzYzMTUzM15BMl5BanBnXkFtZTcwODk4ODgwOA@@._V1_SX300.jpg'),
	(344,'Marley','2012',NULL,'PG-13','A documentary on the life, music, and legacy of Bob Marley.','tt1183919',8.0,'Nominated for 1 BAFTA Film Award. Another 1 win & 7 nominations.',0,0,0,'http://ia.media-imdb.com/images/M/MV5BMTg3NDUzMzQ2OF5BMl5BanBnXkFtZTcwNzY4NTE0Nw@@._V1_SX300.jpg'),
	(345,'Chasing Ice','2012',NULL,'PG-13','Follow National Geographic photographer James Balog across the Arctic as he deploys time-lapse cameras designed for one purpose: to capture a multi-year record of the world\'s changing glaciers.','tt1579361',8.0,'Nominated for 1 Oscar. Another 9 wins & 3 nominations.',0,0,0,'http://ia.media-imdb.com/images/M/MV5BMTM1NDc0MzAxNF5BMl5BanBnXkFtZTcwMjY1NzE3OA@@._V1_SX300.jpg'),
	(346,'Searching for Sugar Man','2012',NULL,'PG-13','Two South Africans set out to discover what happened to their unlikely musical hero, the mysterious 1970s rock \'n\' roller, Rodriguez.','tt2125608',8.0,'Won 1 Oscar. Another 42 wins & 26 nominations.',0,0,0,'http://ia.media-imdb.com/images/M/MV5BMjA5Nzc2NDUyN15BMl5BanBnXkFtZTcwNjQwMjc5Nw@@._V1_SX300.jpg'),
	(347,'The Queen of Versailles','2012',NULL,'PG','A documentary that follows a billionaire couple as they begin construction on a mansion inspired by Versailles. During the next two years, their empire, fueled by the real estate bubble and cheap money, falters due to the economic crisis.','tt2125666',8.0,'10 wins & 23 nominations.',0,0,0,'http://ia.media-imdb.com/images/M/MV5BMTM0MzY0NDc3NV5BMl5BanBnXkFtZTcwMTAyODY4Nw@@._V1_SX300.jpg'),
	(348,'Brooklyn Castle','2012',NULL,'PG','Amidst financial crises and unprecedented public school budget cuts, Brooklyn Castle takes an intimate look at the challenges and triumphs facing members of a junior high school\'s champion chess team.','tt1800266',8.0,'3 wins & 2 nominations.',0,0,0,'http://ia.media-imdb.com/images/M/MV5BMTUxNTQyMTI1MF5BMl5BanBnXkFtZTcwNDYyNDA1OA@@._V1_SX300.jpg'),
	(349,'Django Unchained','2012',NULL,'R','With the help of a German bounty hunter, a freed slave sets out to rescue his wife from a brutal Mississippi plantation owner.','tt1853728',8.0,'Won 2 Oscars. Another 65 wins & 105 nominations.',0,0,0,'http://ia.media-imdb.com/images/M/MV5BMjIyNTQ5NjQ1OV5BMl5BanBnXkFtZTcwODg1MDU4OA@@._V1_SX300.jpg'),
	(350,'Sister','2012',NULL,'N/A','A drama set at a Swiss ski resort and centered on a boy who supports his sister by stealing from wealthy guests.','tt2062969',8.0,'10 wins & 11 nominations.',0,0,0,'http://ia.media-imdb.com/images/M/MV5BMTczNTY5NjczOV5BMl5BanBnXkFtZTcwMzA0MTcyOQ@@._V1_SX300.jpg'),
	(351,'Beauty and the Beast','1991',NULL,'G','Belle, whose father is imprisoned by the Beast, offers herself instead, unaware her captor to be an enchanted prince.','tt0101414',8.0,'Won 2 Oscars. Another 22 wins & 20 nominations.',0,0,0,'http://ia.media-imdb.com/images/M/MV5BMTkyMDgwODY0OV5BMl5BanBnXkFtZTgwODI5NTQ5MTE@._V1_SX300.jpg'),
	(352,'Marina Abramovic: The Artist Is Present','2012',NULL,'NOT RATED','A documentary that follows the Serbian performance artist as she prepares for a retrospective of her work at The Museum of Modern Art in New York.','tt2073029',8.0,'6 wins & 7 nominations.',0,0,0,'http://ia.media-imdb.com/images/M/MV5BMTQ3NTA4MjA4MV5BMl5BanBnXkFtZTcwOTE0MTE5Nw@@._V1_SX300.jpg'),
	(353,'I Wish','2011',NULL,'PG','Twelve-year-old Koichi, who has been separated from his brother Ryunosuke due to his parents\' divorce, hears a rumor that the new bullet trains will precipitate a wish-granting miracle when they pass each other at top speed.','tt1650453',8.0,'3 wins & 9 nominations.',0,0,0,'http://ia.media-imdb.com/images/M/MV5BMTg2NzIwNTk3OV5BMl5BanBnXkFtZTcwNjM5Mzg2Nw@@._V1_SX300.jpg'),
	(354,'Diana Vreeland: The Eye Has to Travel','2011',NULL,'PG-13','A look at the life and work of the influential fashion editor of Harpers Bazaar, Diana Vreeland.','tt2053352',8.0,'1 win & 3 nominations.',0,0,0,'http://ia.media-imdb.com/images/M/MV5BMzM5NTY3Mzg2NF5BMl5BanBnXkFtZTcwMzczOTU0OA@@._V1_SX300.jpg'),
	(355,'Holy Motors','2012',NULL,'NOT RATED','From dawn to dusk, a few hours in the shadowy life of a mystic man named Monsieur Oscar.','tt2076220',8.0,'36 wins & 56 nominations.',0,0,0,'http://ia.media-imdb.com/images/M/MV5BODk2MDc4MDk2OF5BMl5BanBnXkFtZTcwMTcyODY1OA@@._V1_SX300.jpg'),
	(356,'The House I Live In','2012',NULL,'NOT RATED','From the dealer to the narcotics officer, the inmate to the federal judge, a penetrating look inside America\'s criminal justice system, revealing the profound human rights implications of U.S. drug policy.','tt2125653',8.0,'3 wins & 3 nominations.',0,0,0,'http://ia.media-imdb.com/images/M/MV5BMTk4ODQxNzE4N15BMl5BanBnXkFtZTcwMjY3MjUzOA@@._V1_SX300.jpg'),
	(357,'Life of Pi','2012',NULL,'PG','A young man who survives a disaster at sea is hurtled into an epic journey of adventure and discovery. While cast away, he forms an unexpected connection with another survivor: a fearsome Bengal tiger.','tt0454876',8.0,'Won 4 Oscars. Another 80 wins & 108 nominations.',0,0,0,'http://ia.media-imdb.com/images/M/MV5BNTg2OTY2ODg5OF5BMl5BanBnXkFtZTcwODM5MTYxOA@@._V1_SX300.jpg'),
	(358,'Barbara','2012',NULL,'PG-13','A doctor working in 1980s East Germany finds herself banished to a small country hospital.','tt2178941',8.0,'10 wins & 20 nominations.',0,0,0,'http://ia.media-imdb.com/images/M/MV5BMTg3MjIzOTU4OF5BMl5BanBnXkFtZTcwMjE4MjgyOQ@@._V1_SX300.jpg'),
	(359,'Bernie','2011',NULL,'PG-13','In small-town Texas, an affable mortician strikes up a friendship with a wealthy widow, though when she starts to become controlling, he goes to great lengths to separate himself from her grasp.','tt1704573',8.0,'Nominated for 1 Golden Globe. Another 11 wins & 14 nominations.',0,0,0,'http://ia.media-imdb.com/images/M/MV5BMTk2NDEwODU5M15BMl5BanBnXkFtZTcwNDMwNzc0Nw@@._V1_SX300.jpg'),
	(360,'Once Upon a Time in Anatolia','2011',NULL,'NOT RATED','A group of men set out in search of a dead body in the Anatolian steppes.','tt1827487',8.0,'22 wins & 24 nominations.',0,0,0,'http://ia.media-imdb.com/images/M/MV5BMzg3OTMyODQ1M15BMl5BanBnXkFtZTcwNjMwMTEwNw@@._V1_SX300.jpg'),
	(361,'First Position','2011',NULL,'NOT RATED','A documentary that follows six young dancers from around the world as they prepare for the Youth America Grand Prix, one of the most prestigious ballet competitions in the world.','tt2008513',8.0,'6 wins & 6 nominations.',0,0,0,'http://ia.media-imdb.com/images/M/MV5BNDcxMzYyNzI2Ml5BMl5BanBnXkFtZTcwNjAzODg2Nw@@._V1_SX300.jpg'),
	(362,'The Central Park Five','2012',NULL,'NOT RATED','A documentary that examines the 1989 case of five black and Latino teenagers who were convicted of raping a white woman in Central Park. After having spent between 6 and 13 years each in prison, a serial rapist confessed to the crime.','tt2380247',8.0,'9 wins & 14 nominations.',0,0,0,'http://ia.media-imdb.com/images/M/MV5BMjMxMDMyNzI1M15BMl5BanBnXkFtZTcwOTIxMDQ2OA@@._V1_SX300.jpg'),
	(363,'Headhunters','2011',NULL,'R','An accomplished headhunter risks everything to obtain a valuable painting owned by a former mercenary.','tt1614989',8.0,'Nominated for 1 BAFTA Film Award. Another 7 wins & 7 nominations.',0,0,0,'http://ia.media-imdb.com/images/M/MV5BMjE4OTgzOTI2Nl5BMl5BanBnXkFtZTcwMjM5MDg0Nw@@._V1_SX300.jpg'),
	(364,'Safety Not Guaranteed','2012',NULL,'R','Three magazine employees head out on an assignment to interview a guy who placed a classified ad seeking a companion for time travel.','tt1862079',8.0,'8 wins & 17 nominations.',0,0,0,'http://ia.media-imdb.com/images/M/MV5BMjIzOTgyNjEzMV5BMl5BanBnXkFtZTcwNzY1ODY2Nw@@._V1_SX300.jpg'),
	(365,'Elena','2011',NULL,'NOT RATED','When a sudden illness and an unexpected reunion threaten dutiful housewife Elena\'s potential inheritance, she must hatch a desperate plan ...','tt1925421',8.0,'14 wins & 8 nominations.',0,0,0,'http://ia.media-imdb.com/images/M/MV5BMTM4NDg0NTI5Nl5BMl5BanBnXkFtZTcwOTk5ODc1Nw@@._V1_SX300.jpg'),
	(366,'Farewell, My Queen','2012',NULL,'R','A look at the relationship between Marie Antoinette and one of her readers during the first days of the French Revolution.','tt1753813',8.0,'6 wins & 12 nominations.',0,0,0,'http://ia.media-imdb.com/images/M/MV5BMjI0OTY3OTcyNF5BMl5BanBnXkFtZTcwMjA3MDM5Nw@@._V1_SX300.jpg'),
	(367,'The Hunger Games','2012',NULL,'PG-13','Katniss Everdeen voluntarily takes her younger sister\'s place in the Hunger Games, a televised fight to the death in which two teenagers from each of the twelve Districts of Panem are chosen at random to compete.','tt1392170',8.0,'Nominated for 1 Golden Globe. Another 34 wins & 40 nominations.',0,0,0,'http://ia.media-imdb.com/images/M/MV5BMjA4NDg3NzYxMF5BMl5BanBnXkFtZTcwNTgyNzkyNw@@._V1_SX300.jpg'),
	(368,'Frankenweenie','2012',NULL,'PG','Young Victor conducts a science experiment to bring his beloved dog Sparky back to life, only to face unintended, sometimes monstrous, consequences.','tt1144951',8.0,'Nominated for 1 Oscar. Another 17 wins & 36 nominations.',0,0,0,'http://ia.media-imdb.com/images/M/MV5BMTk1MjYzMjY2N15BMl5BanBnXkFtZTgwNzg2NjAwMzE@._V1_SX300.jpg'),
	(369,'Turn Me On, Dammit!','2011',NULL,'UNRATED','In Skoddeheimen, Norway, 15-year-old Alma is consumed by her hormones and fantasies that range from sweetly romantic images of Artur, the boyfriend she yearns for, to daydreams about practically everybody she lays eyes on.','tt1650407',8.0,'4 wins & 6 nominations.',0,0,0,'http://ia.media-imdb.com/images/M/MV5BMTM1Nzk5OTk1NF5BMl5BanBnXkFtZTcwMjM0NDkwOA@@._V1_SX300.jpg'),
	(370,'Side by Side','2012',NULL,'NOT RATED','The documentary investigates the history, process and workflow of both digital and photochemical film creation.','tt2014338',8.0,'1 nomination.',0,0,0,'http://ia.media-imdb.com/images/M/MV5BNjY4MTE5NTE1M15BMl5BanBnXkFtZTcwODA4MzEzOA@@._V1_SX300.jpg'),
	(371,'Compliance','2012',NULL,'R','When a prank caller claiming to be a police officer convinces a fast food restaurant manager to interrogate an innocent young employee, no one is left unharmed.','tt1971352',8.0,'13 wins & 25 nominations.',0,0,0,'http://ia.media-imdb.com/images/M/MV5BMTYxMjkwMTk3OV5BMl5BanBnXkFtZTcwNDIwODcwOA@@._V1_SX300.jpg'),
	(372,'The Master','2012',NULL,'R','A Naval veteran arrives home from war unsettled and uncertain of his future - until he is tantalized by The Cause and its charismatic leader.','tt1560747',8.0,'Nominated for 3 Oscars. Another 98 wins & 136 nominations.',0,0,0,'http://ia.media-imdb.com/images/M/MV5BMTgxMjY1OTk4MV5BMl5BanBnXkFtZTcwOTQ3NDMxOQ@@._V1_SX300.jpg'),
	(373,'ParaNorman','2012',NULL,'PG','A misunderstood boy takes on ghosts, zombies and grown-ups to save his town from a centuries-old curse.','tt1623288',8.0,'Nominated for 1 Oscar. Another 24 wins & 37 nominations.',0,0,0,'http://ia.media-imdb.com/images/M/MV5BMjA1OTU1NDM3N15BMl5BanBnXkFtZTcwMjYxNTg0Nw@@._V1_SX300.jpg'),
	(374,'Footnote','2011',NULL,'PG','Eliezer and Uriel Shkolnik are father and son as well as rival professors in Talmudic Studies. When both men learn that Eliezer will be lauded for his work, their complicated relationship reaches a new peak.','tt1445520',8.0,'Nominated for 1 Oscar. Another 16 wins & 6 nominations.',0,0,0,'http://ia.media-imdb.com/images/M/MV5BMTYxMTUxNjI2N15BMl5BanBnXkFtZTcwMjM5MjA5Ng@@._V1_SX300.jpg'),
	(375,'Beasts of the Southern Wild','2012',NULL,'PG-13','Faced with both her hot-tempered father\'s fading health and melting ice-caps that flood her ramshackle bayou community and unleash ancient aurochs, six-year-old Hushpuppy must learn the ways of courage and love.','tt2125435',8.0,'Nominated for 4 Oscars. Another 97 wins & 111 nominations.',0,0,0,'http://ia.media-imdb.com/images/M/MV5BMTgxNDM5MDM1Ml5BMl5BanBnXkFtZTcwOTYwNzQ3Nw@@._V1_SX300.jpg'),
	(376,'21 Jump Street','2012',NULL,'R','A pair of underachieving cops are sent back to a local high school to blend in and bring down a synthetic drug ring.','tt1232829',8.0,'8 wins & 20 nominations.',0,0,0,'http://ia.media-imdb.com/images/M/MV5BMTc3NzQ3OTg3NF5BMl5BanBnXkFtZTcwMjk5OTcxNw@@._V1_SX300.jpg'),
	(377,'Arbitrage','2012',NULL,'R','A troubled hedge fund magnate desperate to complete the sale of his trading empire makes an error that forces him to turn to an unlikely person for help.','tt1764183',8.0,'Nominated for 1 Golden Globe. Another 3 wins & 4 nominations.',0,0,0,'http://ia.media-imdb.com/images/M/MV5BODU5ODYyNzM1MF5BMl5BanBnXkFtZTcwNDEwNTQwOA@@._V1_SX300.jpg'),
	(378,'A Royal Affair','2012',NULL,'R','A young queen, who is married to an insane king, falls secretly in love with her physician - and together they start a revolution that changes a nation forever.','tt1276419',8.0,'Nominated for 1 Oscar. Another 23 wins & 32 nominations.',0,0,0,'http://ia.media-imdb.com/images/M/MV5BMTg3MDE4MTQ4NF5BMl5BanBnXkFtZTcwNDgwNDYyOA@@._V1_SX300.jpg'),
	(379,'Wreck-It Ralph','2012',NULL,'PG','A video game villain wants to be a hero and sets out to fulfill his dream, but his quest brings havoc to the whole arcade where he lives.','tt1772341',8.0,'Nominated for 1 Oscar. Another 35 wins & 36 nominations.',0,0,0,'http://ia.media-imdb.com/images/M/MV5BNzMxNTExOTkyMF5BMl5BanBnXkFtZTcwMzEyNDc0OA@@._V1_SX300.jpg'),
	(380,'Keep the Lights On','2012',NULL,'NOT RATED','In Manhattan, film-maker Erik bonds with closeted lawyer Paul after a fling. As their relationship becomes one fueled by highs, lows, and dysfunctional patterns, Erik struggles to negotiate his own boundaries while being true to himself.','tt2011953',8.0,'5 wins & 8 nominations.',0,0,0,'http://ia.media-imdb.com/images/M/MV5BNDU0MDM1MTU0MV5BMl5BanBnXkFtZTcwNjI0MDgxOA@@._V1_SX300.jpg'),
	(381,'In Darkness','2011',NULL,'R','A dramatization of one man\'s rescue of Jewish refugees in the Nazi-occupied Polish city of Lvov.','tt1417075',8.0,'Nominated for 1 Oscar. Another 7 wins & 16 nominations.',0,0,0,'http://ia.media-imdb.com/images/M/MV5BMTk3NDg2OTU3N15BMl5BanBnXkFtZTcwMDM3ODkwNw@@._V1_SX300.jpg'),
	(382,'The Pirates! Band of Misfits','2012',NULL,'PG','Pirate Captain sets out on a mission to defeat his rivals Black Bellamy and Cutlass Liz for the Pirate of the year Award. The quest takes Captain and his crew from the shores of Blood Island to the foggy streets of Victorian London.','tt1430626',8.0,'Nominated for 1 Oscar. Another 1 win & 17 nominations.',0,0,0,'http://ia.media-imdb.com/images/M/MV5BOTkzOTc1OTg1Ml5BMl5BanBnXkFtZTcwMjg2ODcwNg@@._V1_SX300.jpg'),
	(383,'End of Watch','2012',NULL,'R','Shot documentary-style, this film follows the daily grind of two young police officers in LA who are partners and friends, and what happens when they meet criminal forces greater than themselves.','tt1855199',8.0,'4 wins & 9 nominations.',0,0,0,'http://ia.media-imdb.com/images/M/MV5BMjMxNjU0ODU5Ml5BMl5BanBnXkFtZTcwNjI4MzAyOA@@._V1_SX300.jpg'),
	(384,'Chronicle','2012',NULL,'PG-13','Whilst attending a party, three high school friends gain superpowers after making an incredible discovery underground. Soon, though, they find their lives spinning out of control and their bond tested as they embrace their darker sides.','tt1706593',8.0,'1 win & 6 nominations.',0,0,0,'http://ia.media-imdb.com/images/M/MV5BMjEzMjYzMDQ0MV5BMl5BanBnXkFtZTcwNzE1OTM5Ng@@._V1_SX300.jpg'),
	(385,'The Perks of Being a Wallflower','2012',NULL,'PG-13','An introvert freshman is taken under the wings of two seniors who welcome him to the real world.','tt1659337',8.0,'21 wins & 44 nominations.',0,0,0,'http://ia.media-imdb.com/images/M/MV5BMzIxOTQyODU1OV5BMl5BanBnXkFtZTcwMDQ4Mjg4Nw@@._V1_SX300.jpg'),
	(386,'Robot & Frank','2012',NULL,'PG-13','Set in the near future, an ex-jewel thief receives a gift from his son: a robot butler programmed to look after him. But soon the two companions try their luck as a heist team.','tt1990314',8.0,'2 wins & 6 nominations.',0,0,0,'http://ia.media-imdb.com/images/M/MV5BMTUzMTE0NTk4Ml5BMl5BanBnXkFtZTcwNjQ1OTMwOA@@._V1_SX300.jpg'),
	(387,'Seven Psychopaths','2012',NULL,'R','A struggling screenwriter inadvertently becomes entangled in the Los Angeles criminal underworld after his oddball friends kidnap a gangster\'s beloved Shih Tzu.','tt1931533',8.0,'3 wins & 19 nominations.',0,0,0,'http://ia.media-imdb.com/images/M/MV5BMTgwMzUxMjc0M15BMl5BanBnXkFtZTcwMzQ2MjYyOA@@._V1_SX300.jpg'),
	(388,'The Raid: Redemption','2011',NULL,'R','A S.W.A.T. team becomes trapped in a tenement run by a ruthless mobster and his army of killers and thugs.','tt1899353',8.0,'6 wins & 10 nominations.',0,0,0,'http://ia.media-imdb.com/images/M/MV5BMTgxODQyNTY0MV5BMl5BanBnXkFtZTcwMjMwMjU0Nw@@._V1_SX300.jpg'),
	(389,'Neil Young Journeys','2011',NULL,'PG','Neil Young returns to his birth Canadian province of Ontario to revisit his old haunts and to perform in Toronto\'s vintage Massey Hall.','tt2043931',8.0,'N/A',0,0,0,'http://ia.media-imdb.com/images/M/MV5BMTM2MTk0NDY5M15BMl5BanBnXkFtZTcwNjIwNzc3Nw@@._V1_SX300.jpg'),
	(390,'Polisse','2011',NULL,'NOT RATED','A journalist covering police assigned to a juvenile division enters an affair with one of her subjects.','tt1661420',8.0,'7 wins & 22 nominations.',0,0,0,'http://ia.media-imdb.com/images/M/MV5BNjQzNzUwNTA3OF5BMl5BanBnXkFtZTcwNDYzNjk2Nw@@._V1_SX300.jpg'),
	(391,'The Turin Horse','2011',NULL,'NOT RATED','A rural farmer is forced to confront the mortality of his faithful horse.','tt1316540',8.0,'7 wins & 14 nominations.',0,0,0,'http://ia.media-imdb.com/images/M/MV5BMTMyNzg1MzM2Ml5BMl5BanBnXkFtZTcwMzQ5NjcxNw@@._V1_SX300.jpg'),
	(392,'Starlet','2012',NULL,'NOT RATED','An unlikely friendship forms between 21 year-old Jane and the elderly Sadie after Jane discovers a hidden stash of money inside an object at Sadie\'s yard sale.','tt2035630',8.0,'6 wins & 6 nominations.',0,0,0,'http://ia.media-imdb.com/images/M/MV5BMzI5NTI3MjYyNl5BMl5BanBnXkFtZTcwNTg1NjQ2OA@@._V1_SX300.jpg'),
	(393,'The Big Picture','1989',NULL,'PG-13','Film school grad Nick Chapman thought his career was made after his award winning short film, but discovered Hollywood wasn\'t as easy as it seems.','tt0096926',8.0,'N/A',0,0,0,'http://ia.media-imdb.com/images/M/MV5BMTk0NjUzNTQ3M15BMl5BanBnXkFtZTcwMjc4ODUxMQ@@._V1_SX300.jpg'),
	(394,'Miss Bala','2011',NULL,'R','After entering a beauty contest in Tijuana, a young woman witnesses drug-related murders and is forced to do the gang\'s bidding.','tt1911600',8.0,'3 wins & 8 nominations.',0,0,0,'http://ia.media-imdb.com/images/M/MV5BMjIyMTY1NTg1Nl5BMl5BanBnXkFtZTcwMjU1OTIyNw@@._V1_SX300.jpg'),
	(395,'Tabu','2012',NULL,'N/A','A restless retired woman teams up with her deceased neighbor\'s maid to seek out a man who has a secret connection to her past life as a farm owner at the foothill of Mount Tabu in Africa.','tt2153963',8.0,'21 wins & 38 nominations.',0,0,0,'http://ia.media-imdb.com/images/M/MV5BMTA0NDQxMTA1MjleQTJeQWpwZ15BbWU3MDAwODkzODg@._V1_SX300.jpg'),
	(396,'Bully','2001',NULL,'R','A pack of naïve teenagers conspire to murder a mutual friend, whose aggressive demeanor has proved too much.','tt0242193',8.0,'3 wins & 1 nomination.',0,0,0,'http://ia.media-imdb.com/images/M/MV5BMjE2MjMxNzg1NF5BMl5BanBnXkFtZTcwNjUxMjAwMQ@@._V1_SX300.jpg'),
	(397,'Middle of Nowhere','2008',NULL,'R','An irresponsible mother blows her eldest daughter\'s college fund on her youngest daughter\'s modeling campaign.','tt1032817',8.0,'1 nomination.',0,0,0,'http://ia.media-imdb.com/images/M/MV5BMTcxNzA2NDQyN15BMl5BanBnXkFtZTcwMjUzMzU0Mw@@._V1_SX300.jpg'),
	(398,'Boy','2010',NULL,'NOT RATED','Set on the east coast of New Zealand in the year 1984, Boy, an 11-year-old kid and devout Michael Jackson fan gets a chance to know his father, who has returned to find a bag of money he buried years ago.','tt1560139',8.0,'12 wins & 9 nominations.',0,0,0,'http://ia.media-imdb.com/images/M/MV5BMjc4MjQ2ODQyNF5BMl5BanBnXkFtZTcwOTE0NzIzNw@@._V1_SX300.jpg'),
	(399,'Chico','2001',NULL,'N/A','The adventures of a young man as he moves from the Latin-American revolutions in the sixties and seventies, through Hungary in the eighties, to the Croatian war in 1991.','tt0251636',8.0,'5 wins & 3 nominations.',0,0,0,'http://ia.media-imdb.com/images/M/MV5BMTQ4OTc1MDg5OV5BMl5BanBnXkFtZTcwMDU0OTkyMQ@@._V1_SX300.jpg'),
	(400,'Smashed','2012',NULL,'R','A married couple whose bond is built on a mutual love of alcohol gets their relationship put to the test when the wife decides to get sober.','tt2063781',8.0,'10 nominations.',0,0,0,'http://ia.media-imdb.com/images/M/MV5BMTgyMDMwNDA1Nl5BMl5BanBnXkFtZTcwNTAwNDY0OA@@._V1_SX300.jpg'),
	(401,'Declaration of War','2011',NULL,'NOT RATED','When their young son is diagnosed with a brain tumor, young parents Roméo and Juliette unite in the fight for his survival.','tt1931470',8.0,'10 wins & 11 nominations.',0,0,0,'http://ia.media-imdb.com/images/M/MV5BMTU1NjI1Mjg3Ml5BMl5BanBnXkFtZTcwMDk0ODAxNw@@._V1_SX300.jpg'),
	(402,'Easy Money','2010',NULL,'R','When JW becomes a drug runner in order to maintain his double life, his fate becomes tied to two other men: Jorge, a fugitive on the run from both the Serbian mafia and the police, and mafia enforcer Mrado, who is on the hunt for Jorge.','tt1291652',8.0,'4 wins.',0,0,0,'http://ia.media-imdb.com/images/M/MV5BMzQ5OTkyNjAxMF5BMl5BanBnXkFtZTcwNTIyNzc5Nw@@._V1._CR46,48.899993896484375,1320,1952.0000305175781_SY132_CR0,0,89,132_AL_.jpg_V1_SX300.jpg'),
	(403,'Magic Mike','2012',NULL,'R','A male stripper teaches a younger performer how to party, pick up women, and make easy money.','tt1915581',8.0,'9 wins & 13 nominations.',0,0,0,'http://ia.media-imdb.com/images/M/MV5BMTQzMDMzOTA5M15BMl5BanBnXkFtZTcwMjc4MTg4Nw@@._V1_SX300.jpg'),
	(404,'Sleepwalk with Me','2012',NULL,'PG-13','A burgeoning stand-up comedian struggles with the stress of a stalled career, a stale relationship, and the wild spurts of severe sleepwalking he is desperate to ignore.','tt2077851',8.0,'3 wins & 4 nominations.',0,0,0,'http://ia.media-imdb.com/images/M/MV5BMTM3MDUzMDQwNF5BMl5BanBnXkFtZTcwMDk1NjM4OA@@._V1_SX300.jpg'),
	(405,'Haywire','2011',NULL,'R','A black ops super soldier seeks payback after she is betrayed and set up during a mission.','tt1506999',8.0,'6 nominations.',0,0,0,'http://ia.media-imdb.com/images/M/MV5BMjI2MjIxOTUwN15BMl5BanBnXkFtZTcwNDM5NjcxNw@@._V1_SX300.jpg'),
	(406,'Brave','2012',NULL,'PG','Determined to make her own path in life, Princess Merida defies a custom that brings chaos to her kingdom. Granted one wish, Merida must rely on her bravery and her archery skills to undo a beastly curse.','tt1217209',8.0,'Won 1 Oscar. Another 19 wins & 44 nominations.',0,0,0,'http://ia.media-imdb.com/images/M/MV5BMzgwODk3ODA1NF5BMl5BanBnXkFtZTcwNjU3NjQ0Nw@@._V1_SX300.jpg'),
	(407,'The Forgiveness of Blood','2011',NULL,'NOT RATED','An Albanian family is torn apart by a murder, resulting in a blood feud that finds Nik becoming the prime target and his sister, Rudina, forced to leave school in order to take over the family business','tt1787127',8.0,'4 wins & 5 nominations.',0,0,0,'http://ia.media-imdb.com/images/M/MV5BMTQxMDcxNjU5NV5BMl5BanBnXkFtZTcwNDI5MjgyNw@@._V1_SX300.jpg'),
	(408,'Pitch Perfect','2012',NULL,'PG-13','Beca, a freshman at Barden University, is cajoled into joining The Bellas, her school\'s all-girls singing group. Injecting some much needed energy into their repertoire, The Bellas take on their male rivals in a campus competition.','tt1981677',8.0,'6 wins & 19 nominations.',0,0,0,'http://ia.media-imdb.com/images/M/MV5BMTcyMTMzNzE5N15BMl5BanBnXkFtZTcwNzg5NjM5Nw@@._V1_SX300.jpg'),
	(409,'The Grey','2011',NULL,'R','After their plane crashes in Alaska, six oil workers are led by a skilled huntsman to survival, but a pack of merciless wolves haunts their every step.','tt1601913',8.0,'4 wins & 2 nominations.',0,0,0,'http://ia.media-imdb.com/images/M/MV5BNDY4MTQwMzc1MV5BMl5BanBnXkFtZTcwNzcwNTM5Ng@@._V1_SX300.jpg'),
	(411,'Harry Potter and the Deathly Hallows: Part 2','2011',NULL,'PG-13','Harry, Ron and Hermione search for Voldemort\'s remaining Horcruxes in their effort to destroy the Dark Lord as the final battle rages on at Hogwarts.','tt1201607',8.0,'Nominated for 3 Oscars. Another 48 wins & 77 nominations.',0,0,0,'http://ia.media-imdb.com/images/M/MV5BMTY2MTk3MDQ1N15BMl5BanBnXkFtZTcwMzI4NzA2NQ@@._V1_SX300.jpg'),
	(412,'The Artist','2011',NULL,'PG-13','A silent movie star meets a young dancer, but the arrival of talking pictures sends their careers in opposite directions.','tt1655442',8.0,'Won 5 Oscars. Another 156 wins & 152 nominations.',0,0,0,'http://ia.media-imdb.com/images/M/MV5BMzk0NzQxMTM0OV5BMl5BanBnXkFtZTcwMzU4MDYyNQ@@._V1_SX300.jpg'),
	(413,'A Separation','2011',NULL,'PG-13','A married couple are faced with a difficult decision - to improve the life of their child by moving to another country or to stay in Iran and look after a deteriorating parent who has Alzheimer\'s disease.','tt1832382',8.0,'Won 1 Oscar. Another 84 wins & 30 nominations.',0,0,0,'http://ia.media-imdb.com/images/M/MV5BMTYzMzU4NDUwOF5BMl5BanBnXkFtZTcwMTM5MjA5Ng@@._V1_SX300.jpg'),
	(414,'The Muppets','2011',NULL,'PG','A Muppet fanatic with some help from his two human compatriots must regroup the Muppet gang to stop an avaricious oil mogul from taking down one of their precious life-longing treasures.','tt1204342',8.0,'Won 1 Oscar. Another 17 wins & 39 nominations.',0,0,0,'http://ia.media-imdb.com/images/M/MV5BMjE0MTM4NTc3NF5BMl5BanBnXkFtZTcwMjYzOTIxNg@@._V1_SX300.jpg'),
	(415,'Moneyball','2011',NULL,'PG-13','Oakland A\'s general manager Billy Beane\'s successful attempt to assemble a baseball team on a lean budget by employing computer-generated analysis to acquire new players.','tt1210166',8.0,'Nominated for 6 Oscars. Another 33 wins & 64 nominations.',0,0,0,'http://ia.media-imdb.com/images/M/MV5BMjAxOTU3Mzc1M15BMl5BanBnXkFtZTcwMzk1ODUzNg@@._V1_SX300.jpg'),
	(416,'Project Nim','2011',NULL,'PG-13','Tells the story of a chimpanzee taken from its mother at birth and raised like a human child by a family in a brownstone on the upper West Side in the 1970s.','tt1814836',8.0,'Nominated for 1 BAFTA Film Award. Another 18 wins & 21 nominations.',0,0,0,'http://ia.media-imdb.com/images/M/MV5BMTcwNjc1NTIzMV5BMl5BanBnXkFtZTcwMzY2MDI2NQ@@._V1_SX300.jpg'),
	(417,'Poetry','2010',NULL,'UNRATED','A sixty-something woman, faced with the discovery of a heinous family crime and in the early stages of Alzheimer\'s disease, finds strength and purpose when she enrolls in a poetry class.','tt1287878',8.0,'19 wins & 13 nominations.',0,0,0,'http://ia.media-imdb.com/images/M/MV5BMTgxNjI0Mjk3OV5BMl5BanBnXkFtZTcwNzQ4Nzc0NA@@._V1_SX300.jpg'),
	(418,'The Interrupters','2011',NULL,'UNRATED','A year in the life of a city grappling with urban violence.','tt1319744',8.0,'10 wins & 14 nominations.',0,0,0,'http://ia.media-imdb.com/images/M/MV5BMjI3MjM0ODcxOV5BMl5BanBnXkFtZTcwOTg1MjIwNg@@._V1_SX300.jpg'),
	(419,'Le Havre','2011',NULL,'NOT RATED','When an African boy arrives by cargo ship in the port city of Le Havre, an aging shoe shiner takes pity on the child and welcomes him into his home.','tt1508675',8.0,'16 wins & 30 nominations.',0,0,0,'http://ia.media-imdb.com/images/M/MV5BMTM1MDc2NDkxOV5BMl5BanBnXkFtZTcwNzE1NjM5Ng@@._V1_SX300.jpg'),
	(420,'Everyday Sunshine: The Story of Fishbone','2010',NULL,'N/A','A career retrospective of Fishbone, an all African-American rock band from Los Angeles who created a high energy blend of funk, metal, ska, and punk and experienced a career as chaotic and unique as the music they created.','tt0840358',8.0,'1 win & 1 nomination.',0,0,0,'http://ia.media-imdb.com/images/M/MV5BMjE0Mjk4NDgxOF5BMl5BanBnXkFtZTcwOTc3MjQ5Mw@@._V1_SX300.jpg'),
	(421,'Nostalgia for the Light','2010',NULL,'N/A','In Chile\'s Atacama Desert, astronomers peer deep into the cosmos in search for answers concerning the origins of life. Nearby, a group of women sift through the sand searching for body ...','tt1556190',8.0,'9 wins & 11 nominations.',0,0,0,'http://ia.media-imdb.com/images/M/MV5BMTU1MjU1NTgxOF5BMl5BanBnXkFtZTcwOTgyNTg0NA@@._V1_SX300.jpg'),
	(422,'We Were Here','2011',NULL,'N/A','A deep and reflective look at the arrival and impact of AIDS in San Francisco and how individuals rose to the occasion during the first years of this unimaginable crisis.','tt1787837',8.0,'4 wins & 5 nominations.',0,0,0,'http://ia.media-imdb.com/images/M/MV5BMzQ4MTY1NjAzM15BMl5BanBnXkFtZTcwMDA1MTEwNw@@._V1_SX300.jpg'),
	(423,'Bill Cunningham New York','2010',NULL,'NOT RATED','A profile of the noted and extraordinarily cheerful veteran New York City fashion photographer.','tt1621444',8.0,'3 wins & 9 nominations.',0,0,0,'http://ia.media-imdb.com/images/M/MV5BMTYwMjg3MTk3M15BMl5BanBnXkFtZTcwMjM4NjgzNA@@._V1_SX300.jpg'),
	(424,'Drive','2011',NULL,'R','A mysterious Hollywood stuntman and mechanic moonlights as a getaway driver and finds himself trouble when he helps out his neighbor.','tt0780504',8.0,'Nominated for 1 Oscar. Another 87 wins & 133 nominations.',0,0,0,'http://ia.media-imdb.com/images/M/MV5BOTM1ODQ0Nzc4NF5BMl5BanBnXkFtZTcwMTM0MjQyNg@@._V1_SX300.jpg'),
	(425,'Hugo','2011',NULL,'PG','Set in 1930s Paris, an orphan who lives in the walls of a train station is wrapped up in a mystery involving his late father and an automaton.','tt0970179',8.0,'Won 5 Oscars. Another 62 wins & 145 nominations.',0,0,0,'http://ia.media-imdb.com/images/M/MV5BMjAzNzk5MzgyNF5BMl5BanBnXkFtZTcwOTE4NDU5Ng@@._V1_SX300.jpg'),
	(426,'Mission: Impossible Ghost Protocol Special Feature - Soaring in Dubai','2011',NULL,'N/A','Agent Ethan Hunt and his elite team go underground after a bombing implicates the IMF as terrorists. While trying to clear their name, the team uncovers a plot to start a nuclear war. Now ...','tt2244236',8.0,'N/A',0,0,0,'http://ia.media-imdb.com/images/M/MV5BNzYwMTU4NDU3Nl5BMl5BanBnXkFtZTgwMDQ4NjA2MDE@._V1_SX300.jpg'),
	(427,'Cave of Forgotten Dreams','2010',NULL,'G','Werner Herzog gains exclusive access to film inside the Chauvet caves of Southern France and captures the oldest known pictorial creations of humanity.','tt1664894',8.0,'10 wins & 18 nominations.',0,0,0,'http://ia.media-imdb.com/images/M/MV5BMTYxNDExMzUwMl5BMl5BanBnXkFtZTcwNjM2MzYwNQ@@._V1_SX300.jpg');

/*!40000 ALTER TABLE `movies_movie` ENABLE KEYS */;
UNLOCK TABLES;


# Dump of table movies_movie_actors
# ------------------------------------------------------------

DROP TABLE IF EXISTS `movies_movie_actors`;

CREATE TABLE `movies_movie_actors` (
  `id` int(11) NOT NULL AUTO_INCREMENT,
  `movie_id` int(11) NOT NULL,
  `actor_id` int(11) NOT NULL,
  PRIMARY KEY (`id`),
  UNIQUE KEY `movie_id` (`movie_id`,`actor_id`),
  KEY `movies_movie_actors_actor_id_1e4b8a2ecf2fa9e4_fk_movies_actor_id` (`actor_id`),
  CONSTRAINT `movies_movie_actors_actor_id_1e4b8a2ecf2fa9e4_fk_movies_actor_id` FOREIGN KEY (`actor_id`) REFERENCES `movies_actor` (`id`),
  CONSTRAINT `movies_movie_actors_movie_id_36ce4e0db09188f1_fk_movies_movie_id` FOREIGN KEY (`movie_id`) REFERENCES `movies_movie` (`id`)
) ENGINE=InnoDB DEFAULT CHARSET=utf8;

LOCK TABLES `movies_movie_actors` WRITE;
/*!40000 ALTER TABLE `movies_movie_actors` DISABLE KEYS */;

INSERT INTO `movies_movie_actors` (`id`, `movie_id`, `actor_id`)
VALUES
	(169,49,89),
	(170,49,90),
	(171,49,91),
	(172,49,92),
	(173,50,93),
	(174,50,94),
	(175,50,95),
	(176,50,96),
	(177,51,97),
	(178,51,98),
	(179,51,99),
	(180,51,100),
	(181,52,101),
	(182,52,102),
	(183,52,103),
	(184,52,104),
	(185,53,105),
	(186,53,106),
	(187,53,107),
	(188,53,108),
	(189,54,109),
	(190,54,110),
	(191,54,111),
	(192,54,112),
	(193,55,113),
	(194,55,114),
	(195,55,115),
	(196,55,116),
	(197,56,117),
	(198,56,118),
	(199,56,119),
	(200,56,120),
	(201,57,121),
	(202,57,122),
	(203,57,123),
	(204,57,124),
	(205,58,125),
	(206,58,126),
	(207,58,127),
	(208,58,128),
	(209,59,129),
	(210,59,130),
	(211,59,131),
	(212,59,132),
	(213,60,133),
	(214,61,134),
	(215,61,135),
	(216,61,136),
	(217,61,137),
	(218,62,138),
	(219,62,139),
	(220,62,140),
	(221,62,141),
	(222,63,142),
	(223,63,143),
	(224,63,144),
	(225,63,145),
	(226,64,146),
	(227,64,147),
	(228,64,148),
	(229,64,149),
	(230,65,150),
	(231,65,151),
	(232,65,152),
	(233,65,153),
	(234,66,154),
	(235,67,155),
	(236,67,156),
	(237,67,157),
	(238,67,158),
	(239,68,159),
	(240,68,160),
	(241,68,161),
	(242,68,162),
	(243,69,136),
	(244,69,163),
	(245,69,164),
	(246,69,165),
	(248,70,81),
	(247,70,166),
	(249,70,167),
	(250,70,168),
	(251,71,169),
	(252,71,170),
	(253,71,171),
	(254,71,172),
	(255,72,173),
	(256,72,174),
	(257,72,175),
	(258,72,176),
	(259,73,177),
	(260,73,178),
	(261,73,179),
	(262,73,180),
	(263,74,181),
	(264,74,182),
	(265,74,183),
	(266,74,184),
	(267,75,185),
	(268,75,186),
	(269,75,187),
	(270,75,188),
	(271,76,189),
	(272,76,190),
	(273,76,191),
	(274,76,192),
	(275,77,193),
	(276,78,194),
	(277,78,195),
	(278,78,196),
	(279,78,197),
	(280,79,198),
	(281,79,199),
	(282,79,200),
	(283,79,201),
	(285,80,63),
	(284,80,202),
	(286,80,203),
	(287,80,204),
	(288,81,205),
	(289,82,206),
	(290,82,207),
	(291,82,208),
	(292,82,209),
	(293,83,210),
	(294,83,211),
	(295,83,212),
	(296,83,213),
	(297,84,214),
	(298,84,215),
	(299,84,216),
	(300,84,217),
	(301,85,218),
	(302,85,219),
	(303,85,220),
	(304,85,221),
	(305,86,222),
	(306,86,223),
	(307,86,224),
	(308,86,225),
	(309,87,226),
	(310,87,227),
	(311,87,228),
	(312,87,229),
	(313,88,230),
	(314,88,231),
	(315,88,232),
	(316,88,233),
	(317,89,234),
	(318,89,235),
	(319,89,236),
	(320,89,237),
	(321,90,238),
	(322,90,239),
	(323,90,240),
	(324,90,241),
	(325,91,242),
	(326,91,243),
	(327,91,244),
	(328,91,245),
	(329,92,246),
	(330,92,247),
	(331,92,248),
	(332,92,249),
	(333,93,250),
	(334,93,251),
	(335,93,252),
	(336,93,253),
	(337,94,254),
	(338,94,255),
	(339,94,256),
	(340,94,257),
	(341,95,258),
	(342,95,259),
	(343,95,260),
	(344,95,261),
	(345,96,262),
	(346,96,263),
	(347,96,264),
	(348,96,265),
	(349,97,266),
	(350,97,267),
	(351,97,268),
	(352,97,269),
	(353,98,270),
	(354,98,271),
	(355,98,272),
	(356,98,273),
	(357,99,274),
	(358,99,275),
	(359,99,276),
	(360,99,277),
	(361,100,278),
	(362,100,279),
	(363,100,280),
	(364,100,281),
	(365,101,282),
	(366,101,283),
	(367,101,284),
	(368,101,285),
	(369,102,286),
	(370,103,287),
	(371,103,288),
	(372,103,289),
	(373,104,290),
	(374,104,291),
	(375,104,292),
	(376,104,293),
	(377,105,294),
	(378,105,295),
	(379,105,296),
	(380,105,297),
	(381,106,298),
	(382,106,299),
	(383,106,300),
	(384,106,301),
	(385,107,302),
	(386,107,303),
	(387,107,304),
	(388,107,305),
	(389,108,306),
	(390,108,307),
	(391,108,308),
	(392,108,309),
	(393,109,310),
	(394,109,311),
	(395,109,312),
	(396,110,121),
	(397,110,313),
	(398,110,314),
	(399,110,315),
	(400,111,316),
	(401,111,317),
	(402,111,318),
	(403,111,319),
	(404,112,320),
	(405,112,321),
	(406,112,322),
	(407,112,323),
	(408,113,324),
	(409,113,325),
	(410,113,326),
	(411,113,327),
	(412,114,328),
	(413,114,329),
	(414,114,330),
	(415,114,331),
	(416,115,332),
	(417,115,333),
	(418,115,334),
	(419,115,335),
	(420,116,137),
	(421,116,336),
	(422,116,337),
	(423,116,338),
	(424,117,339),
	(425,117,340),
	(426,117,341),
	(427,117,342),
	(428,118,343),
	(429,118,344),
	(430,118,345),
	(431,118,346),
	(435,119,156),
	(432,119,347),
	(433,119,348),
	(434,119,349),
	(436,120,350),
	(437,120,351),
	(438,120,352),
	(439,120,353),
	(440,121,58),
	(441,121,334),
	(442,121,354),
	(443,121,355),
	(444,122,356),
	(445,122,357),
	(446,122,358),
	(447,122,359),
	(448,123,360),
	(449,123,361),
	(450,123,362),
	(451,123,363),
	(453,124,45),
	(452,124,364),
	(454,124,365),
	(455,124,366),
	(456,125,367),
	(457,125,368),
	(458,125,369),
	(459,125,370),
	(460,126,371),
	(461,126,372),
	(462,126,373),
	(463,126,374),
	(464,127,375),
	(465,127,376),
	(466,127,377),
	(467,127,378),
	(468,128,379),
	(469,128,380),
	(470,128,381),
	(471,128,382),
	(472,129,57),
	(473,129,383),
	(474,129,384),
	(475,129,385),
	(476,130,386),
	(477,130,387),
	(478,130,388),
	(479,130,389),
	(480,131,390),
	(481,131,391),
	(482,131,392),
	(483,131,393),
	(484,132,394),
	(485,132,395),
	(486,132,396),
	(487,133,397),
	(488,133,398),
	(489,133,399),
	(490,133,400),
	(491,134,401),
	(492,134,402),
	(493,134,403),
	(494,134,404),
	(497,135,306),
	(495,135,405),
	(496,135,406),
	(498,135,407),
	(499,136,408),
	(500,136,409),
	(501,136,410),
	(502,136,411),
	(503,137,125),
	(504,137,412),
	(505,137,413),
	(506,137,414),
	(507,138,1),
	(508,138,2),
	(509,138,3),
	(510,138,4),
	(511,139,5),
	(512,139,6),
	(513,139,7),
	(514,139,8),
	(515,140,9),
	(516,140,10),
	(517,140,11),
	(518,140,12),
	(519,141,13),
	(520,141,14),
	(521,141,15),
	(522,141,16),
	(523,142,17),
	(524,142,18),
	(525,142,19),
	(526,142,20),
	(527,143,21),
	(528,143,22),
	(529,143,23),
	(530,143,24),
	(531,144,25),
	(532,144,26),
	(533,144,27),
	(534,144,28),
	(535,145,29),
	(536,145,30),
	(537,145,31),
	(538,145,32),
	(539,146,33),
	(540,146,34),
	(541,146,35),
	(542,146,36),
	(543,147,37),
	(544,147,38),
	(545,147,39),
	(546,147,40),
	(547,148,41),
	(548,148,42),
	(549,148,43),
	(550,148,44),
	(551,149,45),
	(552,149,46),
	(553,149,47),
	(554,149,48),
	(555,150,49),
	(556,150,50),
	(557,150,51),
	(558,150,52),
	(559,151,53),
	(560,151,54),
	(561,151,55),
	(562,151,56),
	(563,152,57),
	(564,152,58),
	(565,152,59),
	(566,152,60),
	(567,153,61),
	(568,153,62),
	(569,153,63),
	(570,153,64),
	(571,154,65),
	(572,154,66),
	(573,154,67),
	(574,154,68),
	(575,155,69),
	(576,155,70),
	(577,155,71),
	(578,155,72),
	(579,156,73),
	(580,156,74),
	(581,156,75),
	(582,156,76),
	(583,157,77),
	(584,157,78),
	(585,157,79),
	(586,157,80),
	(587,158,81),
	(588,158,82),
	(589,158,83),
	(590,158,84),
	(591,159,85),
	(592,159,86),
	(593,159,87),
	(594,159,88),
	(595,160,415),
	(596,160,416),
	(597,160,417),
	(598,160,418),
	(599,161,335),
	(600,161,408),
	(601,161,419),
	(602,161,420),
	(603,162,421),
	(604,162,422),
	(605,162,423),
	(606,162,424),
	(607,163,425),
	(608,163,426),
	(609,163,427),
	(610,163,428),
	(612,164,155),
	(611,164,429),
	(613,164,430),
	(614,164,431),
	(615,165,432),
	(616,165,433),
	(617,165,434),
	(618,165,435),
	(619,166,134),
	(620,166,436),
	(621,166,437),
	(622,166,438),
	(623,167,439),
	(624,167,440),
	(625,167,441),
	(626,167,442),
	(627,168,443),
	(628,168,444),
	(629,168,445),
	(630,168,446),
	(634,169,53),
	(631,169,55),
	(632,169,447),
	(633,169,448),
	(635,170,449),
	(636,170,450),
	(637,170,451),
	(638,170,452),
	(639,171,453),
	(640,171,454),
	(641,171,455),
	(642,171,456),
	(643,172,457),
	(644,172,458),
	(645,172,459),
	(646,172,460),
	(649,173,334),
	(647,173,461),
	(648,173,462),
	(650,173,463),
	(651,174,464),
	(652,174,465),
	(653,174,466),
	(654,174,467),
	(655,175,89),
	(658,175,283),
	(656,175,468),
	(657,175,469),
	(659,176,470),
	(660,176,471),
	(661,176,472),
	(662,176,473),
	(665,177,376),
	(663,177,474),
	(664,177,475),
	(666,177,476),
	(667,178,477),
	(668,178,478),
	(669,178,479),
	(670,178,480),
	(671,179,481),
	(672,179,482),
	(673,179,483),
	(674,179,484),
	(675,180,485),
	(676,180,486),
	(677,180,487),
	(678,180,488),
	(679,181,489),
	(680,181,490),
	(681,181,491),
	(682,181,492),
	(683,182,493),
	(684,182,494),
	(685,182,495),
	(686,182,496),
	(687,183,497),
	(688,183,498),
	(689,183,499),
	(690,183,500),
	(692,184,51),
	(691,184,501),
	(693,185,502),
	(694,185,503),
	(695,185,504),
	(696,185,505),
	(698,186,141),
	(697,186,506),
	(699,186,507),
	(700,186,508),
	(701,187,509),
	(702,187,510),
	(703,187,511),
	(704,187,512),
	(705,188,419),
	(706,188,513),
	(707,188,514),
	(708,188,515),
	(710,189,462),
	(709,189,516),
	(711,189,517),
	(712,189,518),
	(715,190,393),
	(713,190,519),
	(714,190,520),
	(716,190,521),
	(717,191,96),
	(718,191,175),
	(719,191,522),
	(720,191,523),
	(721,192,524),
	(722,192,525),
	(723,192,526),
	(724,192,527),
	(725,193,528),
	(726,193,529),
	(727,194,530),
	(728,194,531),
	(729,194,532),
	(730,194,533),
	(731,195,157),
	(732,195,534),
	(733,195,535),
	(734,195,536),
	(735,196,45),
	(737,196,114),
	(736,196,399),
	(738,196,537),
	(739,197,182),
	(740,197,538),
	(741,197,539),
	(742,197,540),
	(743,198,541),
	(744,198,542),
	(745,198,543),
	(746,198,544),
	(747,199,545),
	(748,199,546),
	(749,199,547),
	(750,199,548),
	(751,200,549),
	(752,200,550),
	(753,200,551),
	(754,200,552),
	(755,201,133),
	(756,202,553),
	(757,202,554),
	(758,202,555),
	(759,202,556),
	(760,203,557),
	(761,203,558),
	(762,203,559),
	(763,203,560),
	(764,204,550),
	(765,204,561),
	(766,204,562),
	(767,204,563),
	(768,205,564),
	(769,205,565),
	(770,205,566),
	(771,205,567),
	(772,206,568),
	(773,206,569),
	(774,206,570),
	(775,206,571),
	(776,207,572),
	(777,207,573),
	(778,207,574),
	(779,207,575),
	(782,208,49),
	(780,208,576),
	(781,208,577),
	(783,208,578),
	(784,209,579),
	(785,209,580),
	(786,209,581),
	(787,209,582),
	(788,210,583),
	(789,210,584),
	(790,210,585),
	(791,210,586),
	(792,211,587),
	(793,211,588),
	(794,211,589),
	(795,211,590),
	(796,212,354),
	(797,212,591),
	(798,212,592),
	(799,212,593),
	(800,213,594),
	(801,213,595),
	(802,213,596),
	(803,213,597),
	(804,214,598),
	(805,214,599),
	(806,215,600),
	(807,215,601),
	(808,215,602),
	(809,215,603),
	(810,216,604),
	(811,216,605),
	(812,216,606),
	(813,216,607),
	(814,217,608),
	(815,217,609),
	(816,217,610),
	(817,217,611),
	(818,218,612),
	(819,218,613),
	(820,218,614),
	(821,218,615),
	(822,219,616),
	(823,219,617),
	(824,219,618),
	(825,219,619),
	(826,220,396),
	(827,220,620),
	(828,220,621),
	(829,220,622),
	(830,221,306),
	(831,221,623),
	(832,221,624),
	(833,221,625),
	(834,222,626),
	(835,222,627),
	(836,222,628),
	(837,222,629),
	(839,223,421),
	(840,223,546),
	(838,223,630),
	(841,223,631),
	(842,224,136),
	(843,224,282),
	(844,224,632),
	(845,224,633),
	(846,225,399),
	(847,225,634),
	(848,225,635),
	(849,225,636),
	(851,226,392),
	(850,226,630),
	(852,226,637),
	(853,226,638),
	(854,227,78),
	(856,227,164),
	(855,227,639),
	(857,227,640),
	(861,228,114),
	(859,228,375),
	(858,228,641),
	(860,228,642),
	(862,229,643),
	(863,229,644),
	(864,229,645),
	(865,229,646),
	(866,230,647),
	(867,230,648),
	(868,230,649),
	(869,230,650),
	(870,231,651),
	(871,231,652),
	(872,231,653),
	(873,231,654),
	(874,232,655),
	(875,232,656),
	(876,232,657),
	(877,232,658),
	(878,233,659),
	(879,233,660),
	(880,233,661),
	(881,233,662),
	(882,234,420),
	(883,235,663),
	(884,235,664),
	(885,235,665),
	(886,235,666),
	(887,236,667),
	(888,236,668),
	(889,236,669),
	(890,236,670),
	(891,237,671),
	(892,237,672),
	(893,237,673),
	(894,237,674),
	(895,238,675),
	(896,238,676),
	(897,238,677),
	(898,238,678),
	(899,239,679),
	(900,239,680),
	(901,239,681),
	(902,239,682),
	(903,240,683),
	(904,240,684),
	(905,240,685),
	(906,240,686),
	(907,241,687),
	(908,241,688),
	(909,242,689),
	(910,242,690),
	(911,242,691),
	(912,242,692),
	(913,243,693),
	(914,243,694),
	(915,243,695),
	(916,243,696),
	(917,244,697),
	(918,244,698),
	(919,244,699),
	(920,244,700),
	(921,245,701),
	(922,245,702),
	(923,245,703),
	(924,245,704),
	(925,246,705),
	(926,246,706),
	(927,246,707),
	(928,246,708),
	(929,247,64),
	(930,247,709),
	(931,247,710),
	(932,247,711),
	(933,248,155),
	(934,248,712),
	(935,248,713),
	(936,248,714),
	(937,249,25),
	(939,249,626),
	(938,249,715),
	(940,249,716),
	(941,250,140),
	(942,250,550),
	(943,250,717),
	(944,250,718),
	(945,251,719),
	(946,251,720),
	(947,251,721),
	(948,251,722),
	(949,252,723),
	(950,252,724),
	(951,252,725),
	(952,252,726),
	(953,253,727),
	(954,253,728),
	(955,253,729),
	(956,253,730),
	(957,254,731),
	(958,254,732),
	(959,254,733),
	(960,254,734),
	(961,255,133),
	(962,256,735),
	(963,256,736),
	(964,256,737),
	(965,256,738),
	(966,257,739),
	(967,257,740),
	(968,257,741),
	(969,257,742),
	(970,258,743),
	(971,258,744),
	(972,258,745),
	(973,258,746),
	(974,259,747),
	(975,259,748),
	(976,259,749),
	(977,259,750),
	(978,260,751),
	(979,260,752),
	(980,260,753),
	(981,260,754),
	(982,261,755),
	(983,261,756),
	(984,261,757),
	(985,261,758),
	(986,262,333),
	(987,262,759),
	(988,262,760),
	(989,262,761),
	(990,263,762),
	(991,263,763),
	(992,263,764),
	(993,263,765),
	(994,264,766),
	(995,264,767),
	(996,264,768),
	(997,264,769),
	(998,265,770),
	(999,265,771),
	(1000,265,772),
	(1001,265,773),
	(1004,266,58),
	(1002,266,395),
	(1003,266,774),
	(1005,266,775),
	(1006,267,776),
	(1007,267,777),
	(1008,267,778),
	(1009,267,779),
	(1010,268,780),
	(1011,268,781),
	(1012,268,782),
	(1013,268,783),
	(1014,269,784),
	(1015,269,785),
	(1016,269,786),
	(1017,269,787),
	(1018,270,788),
	(1019,270,789),
	(1020,270,790),
	(1021,270,791),
	(1022,271,792),
	(1023,271,793),
	(1024,271,794),
	(1025,271,795),
	(1026,272,796),
	(1027,272,797),
	(1028,272,798),
	(1029,272,799),
	(1030,273,800),
	(1031,273,801),
	(1032,273,802),
	(1033,273,803),
	(1034,274,804),
	(1035,274,805),
	(1036,274,806),
	(1037,274,807),
	(1038,275,808),
	(1039,275,809),
	(1040,275,810),
	(1041,275,811),
	(1042,276,812),
	(1043,276,813),
	(1044,276,814),
	(1045,276,815),
	(1049,277,729),
	(1046,277,816),
	(1047,277,817),
	(1048,277,818),
	(1050,278,819),
	(1051,278,820),
	(1052,278,821),
	(1053,278,822),
	(1054,279,823),
	(1055,279,824),
	(1056,279,825),
	(1057,279,826),
	(1058,280,827),
	(1059,280,828),
	(1060,280,829),
	(1061,280,830),
	(1062,281,831),
	(1063,281,832),
	(1064,281,833),
	(1065,281,834),
	(1066,282,835),
	(1067,282,836),
	(1068,282,837),
	(1069,282,838),
	(1070,283,839),
	(1071,283,840),
	(1072,283,841),
	(1073,283,842),
	(1074,284,843),
	(1075,284,844),
	(1076,284,845),
	(1077,284,846),
	(1081,285,501),
	(1078,285,847),
	(1079,285,848),
	(1080,285,849),
	(1082,286,461),
	(1083,286,850),
	(1084,286,851),
	(1085,286,852),
	(1089,287,429),
	(1087,287,516),
	(1086,287,853),
	(1088,287,854),
	(1092,288,174),
	(1090,288,210),
	(1091,288,550),
	(1093,288,855),
	(1097,289,462),
	(1094,289,856),
	(1095,289,857),
	(1096,289,858),
	(1098,290,859),
	(1099,290,860),
	(1100,290,861),
	(1101,290,862),
	(1102,291,863),
	(1103,291,864),
	(1104,291,865),
	(1105,291,866),
	(1106,292,332),
	(1109,292,347),
	(1107,292,867),
	(1108,292,868),
	(1110,293,869),
	(1111,293,870),
	(1112,293,871),
	(1113,293,872),
	(1114,294,873),
	(1115,294,874),
	(1116,294,875),
	(1117,294,876),
	(1119,295,21),
	(1118,295,61),
	(1120,295,877),
	(1121,295,878),
	(1122,296,879),
	(1123,296,880),
	(1124,296,881),
	(1125,296,882),
	(1126,297,883),
	(1127,297,884),
	(1128,297,885),
	(1129,297,886),
	(1130,298,887),
	(1131,298,888),
	(1132,298,889),
	(1133,298,890),
	(1134,299,891),
	(1135,299,892),
	(1136,299,893),
	(1137,299,894),
	(1138,300,895),
	(1139,300,896),
	(1140,300,897),
	(1141,300,898),
	(1142,301,19),
	(1143,301,899),
	(1144,301,900),
	(1145,301,901),
	(1146,302,902),
	(1147,302,903),
	(1148,302,904),
	(1149,302,905),
	(1150,303,91),
	(1153,303,777),
	(1151,303,906),
	(1152,303,907),
	(1155,304,655),
	(1154,304,908),
	(1156,304,909),
	(1157,304,910),
	(1158,305,142),
	(1159,305,911),
	(1160,305,912),
	(1161,305,913),
	(1162,306,914),
	(1163,306,915),
	(1164,306,916),
	(1165,306,917),
	(1166,307,918),
	(1167,307,919),
	(1168,307,920),
	(1169,307,921),
	(1170,308,133),
	(1171,309,922),
	(1172,309,923),
	(1173,309,924),
	(1174,309,925),
	(1175,310,926),
	(1176,310,927),
	(1177,310,928),
	(1178,310,929),
	(1179,311,930),
	(1180,311,931),
	(1181,311,932),
	(1182,311,933),
	(1183,312,760),
	(1186,312,830),
	(1184,312,934),
	(1185,312,935),
	(1187,313,294),
	(1188,313,936),
	(1189,313,937),
	(1190,313,938),
	(1193,314,210),
	(1192,314,419),
	(1191,314,939),
	(1194,314,940),
	(1197,315,394),
	(1196,315,516),
	(1198,315,630),
	(1195,315,941),
	(1199,316,942),
	(1200,316,943),
	(1201,316,944),
	(1202,316,945),
	(1205,317,610),
	(1203,317,946),
	(1204,317,947),
	(1206,317,948),
	(1207,318,85),
	(1208,318,949),
	(1209,318,950),
	(1210,318,951),
	(1214,319,49),
	(1212,319,140),
	(1211,319,952),
	(1213,319,953),
	(1215,320,954),
	(1216,320,955),
	(1217,320,956),
	(1218,320,957),
	(1219,321,939),
	(1220,321,954),
	(1221,321,958),
	(1222,321,959),
	(1223,322,960),
	(1224,322,961),
	(1225,322,962),
	(1226,322,963),
	(1227,323,964),
	(1228,323,965),
	(1229,323,966),
	(1230,323,967),
	(1234,324,46),
	(1231,324,968),
	(1232,324,969),
	(1233,324,970),
	(1235,325,971),
	(1236,325,972),
	(1237,326,973),
	(1238,326,974),
	(1239,326,975),
	(1240,326,976),
	(1242,327,64),
	(1241,327,375),
	(1243,327,587),
	(1244,327,977),
	(1247,328,365),
	(1245,328,978),
	(1246,328,979),
	(1248,328,980),
	(1250,329,218),
	(1249,329,219),
	(1251,329,981),
	(1252,329,982),
	(1254,330,333),
	(1253,330,983),
	(1255,330,984),
	(1256,330,985),
	(1260,331,9),
	(1257,331,318),
	(1258,331,986),
	(1259,331,987),
	(1261,332,988),
	(1262,332,989),
	(1263,332,990),
	(1264,332,991),
	(1265,333,992),
	(1266,333,993),
	(1267,333,994),
	(1268,333,995),
	(1269,334,996),
	(1270,334,997),
	(1271,334,998),
	(1272,334,999),
	(1273,335,1000),
	(1274,335,1001),
	(1275,335,1002),
	(1276,335,1003),
	(1277,336,793),
	(1278,336,1004),
	(1279,336,1005),
	(1280,336,1006),
	(1282,337,79),
	(1283,337,89),
	(1281,337,641),
	(1284,337,939),
	(1288,338,939),
	(1285,338,1007),
	(1286,338,1008),
	(1287,338,1009),
	(1289,339,1010),
	(1290,340,1011),
	(1291,340,1012),
	(1292,340,1013),
	(1293,340,1014),
	(1294,341,1015),
	(1295,341,1016),
	(1296,341,1017),
	(1297,341,1018),
	(1298,342,1019),
	(1299,342,1020),
	(1300,342,1021),
	(1301,342,1022),
	(1302,343,1023),
	(1303,343,1024),
	(1304,343,1025),
	(1305,343,1026),
	(1306,344,1027),
	(1307,344,1028),
	(1308,344,1029),
	(1309,344,1030),
	(1310,345,1031),
	(1311,345,1032),
	(1312,345,1033),
	(1313,345,1034),
	(1314,346,1035),
	(1315,346,1036),
	(1316,346,1037),
	(1317,346,1038),
	(1318,347,1039),
	(1319,347,1040),
	(1320,347,1041),
	(1321,347,1042),
	(1322,348,1043),
	(1323,348,1044),
	(1324,348,1045),
	(1325,348,1046),
	(1328,349,941),
	(1326,349,1047),
	(1327,349,1048),
	(1329,349,1049),
	(1330,350,762),
	(1331,350,1050),
	(1332,350,1051),
	(1333,350,1052),
	(1334,351,1053),
	(1335,351,1054),
	(1336,351,1055),
	(1337,351,1056),
	(1338,352,1057),
	(1339,352,1058),
	(1340,352,1059),
	(1341,352,1060),
	(1342,353,1061),
	(1343,353,1062),
	(1344,353,1063),
	(1345,353,1064),
	(1346,354,1065),
	(1347,354,1066),
	(1348,354,1067),
	(1349,354,1068),
	(1352,355,920),
	(1350,355,1069),
	(1351,355,1070),
	(1353,355,1071),
	(1354,356,1072),
	(1355,356,1073),
	(1356,356,1074),
	(1357,356,1075),
	(1359,357,384),
	(1358,357,1076),
	(1360,357,1077),
	(1361,357,1078),
	(1362,358,1079),
	(1363,358,1080),
	(1364,358,1081),
	(1365,358,1082),
	(1368,359,630),
	(1366,359,1083),
	(1367,359,1084),
	(1369,359,1085),
	(1370,360,1086),
	(1371,360,1087),
	(1372,360,1088),
	(1373,360,1089),
	(1374,361,1090),
	(1375,361,1091),
	(1376,361,1092),
	(1377,361,1093),
	(1378,362,1094),
	(1379,362,1095),
	(1380,362,1096),
	(1381,362,1097),
	(1382,363,1098),
	(1383,363,1099),
	(1384,363,1100),
	(1385,363,1101),
	(1386,364,1102),
	(1387,364,1103),
	(1388,364,1104),
	(1389,364,1105),
	(1392,365,33),
	(1390,365,1106),
	(1391,365,1107),
	(1393,365,1108),
	(1394,366,762),
	(1395,366,1109),
	(1396,366,1110),
	(1397,366,1111),
	(1400,367,64),
	(1398,367,1112),
	(1399,367,1113),
	(1401,367,1114),
	(1402,368,1115),
	(1403,368,1116),
	(1404,368,1117),
	(1405,368,1118),
	(1406,369,1119),
	(1407,369,1120),
	(1408,369,1121),
	(1409,369,1122),
	(1410,370,1123),
	(1411,370,1124),
	(1412,370,1125),
	(1413,370,1126),
	(1414,371,1127),
	(1415,371,1128),
	(1416,371,1129),
	(1417,371,1130),
	(1418,372,399),
	(1419,372,1131),
	(1420,372,1132),
	(1421,372,1133),
	(1422,373,202),
	(1424,373,935),
	(1423,373,1134),
	(1425,373,1135),
	(1427,374,928),
	(1426,374,1136),
	(1428,374,1137),
	(1429,374,1138),
	(1431,375,620),
	(1430,375,1139),
	(1432,375,1140),
	(1433,375,1141),
	(1435,376,462),
	(1434,376,516),
	(1436,376,626),
	(1437,376,1142),
	(1438,377,1143),
	(1439,377,1144),
	(1440,377,1145),
	(1441,377,1146),
	(1442,378,137),
	(1443,378,739),
	(1444,378,1147),
	(1445,378,1148),
	(1446,379,1149),
	(1447,379,1150),
	(1448,379,1151),
	(1449,379,1152),
	(1450,380,1153),
	(1451,380,1154),
	(1452,380,1155),
	(1453,380,1156),
	(1454,381,1157),
	(1455,381,1158),
	(1456,381,1159),
	(1457,381,1160),
	(1460,382,875),
	(1458,382,1161),
	(1459,382,1162),
	(1461,382,1163),
	(1462,383,21),
	(1465,383,935),
	(1463,383,1164),
	(1464,383,1165),
	(1468,384,667),
	(1466,384,1166),
	(1467,384,1167),
	(1469,384,1168),
	(1470,385,1169),
	(1471,385,1170),
	(1472,385,1171),
	(1473,385,1172),
	(1477,386,539),
	(1474,386,1173),
	(1475,386,1174),
	(1476,386,1175),
	(1481,387,910),
	(1478,387,1176),
	(1479,387,1177),
	(1480,387,1178),
	(1482,388,1179),
	(1483,388,1180),
	(1484,388,1181),
	(1485,388,1182),
	(1486,389,1183),
	(1487,390,1184),
	(1488,390,1185),
	(1489,390,1186),
	(1490,390,1187),
	(1491,391,1188),
	(1492,391,1189),
	(1493,391,1190),
	(1494,391,1191),
	(1495,392,1192),
	(1496,392,1193),
	(1497,392,1194),
	(1498,392,1195),
	(1499,393,379),
	(1500,393,1196),
	(1501,393,1197),
	(1502,393,1198),
	(1503,394,1199),
	(1504,394,1200),
	(1505,394,1201),
	(1506,394,1202),
	(1507,395,1203),
	(1508,395,1204),
	(1509,395,1205),
	(1510,395,1206),
	(1511,396,1207),
	(1512,396,1208),
	(1513,396,1209),
	(1514,396,1210),
	(1516,397,527),
	(1518,397,1144),
	(1515,397,1211),
	(1517,397,1212),
	(1521,398,126),
	(1519,398,1213),
	(1520,398,1214),
	(1522,398,1215),
	(1523,399,1216),
	(1524,399,1217),
	(1525,399,1218),
	(1526,399,1219),
	(1529,400,293),
	(1527,400,1220),
	(1528,400,1221),
	(1530,400,1222),
	(1531,401,1223),
	(1532,401,1224),
	(1533,401,1225),
	(1534,401,1226),
	(1535,402,1227),
	(1536,402,1228),
	(1537,402,1229),
	(1538,402,1230),
	(1540,403,462),
	(1539,403,630),
	(1541,403,1231),
	(1542,403,1232),
	(1543,404,1233),
	(1544,404,1234),
	(1545,404,1235),
	(1546,404,1236),
	(1548,405,317),
	(1549,405,462),
	(1547,405,1237),
	(1550,405,1238),
	(1553,406,908),
	(1551,406,1239),
	(1552,406,1240),
	(1554,406,1241),
	(1555,407,1242),
	(1556,407,1243),
	(1557,407,1244),
	(1558,407,1245),
	(1559,408,935),
	(1560,408,1246),
	(1561,408,1247),
	(1562,408,1248),
	(1563,409,576),
	(1564,409,1249),
	(1565,409,1250),
	(1566,409,1251),
	(1567,411,49),
	(1568,411,1252),
	(1569,411,1253),
	(1570,411,1254),
	(1572,412,727),
	(1574,412,812),
	(1573,412,951),
	(1571,412,1255),
	(1578,413,143),
	(1575,413,1256),
	(1576,413,1257),
	(1577,413,1258),
	(1579,414,184),
	(1580,414,642),
	(1581,414,1259),
	(1582,414,1260),
	(1585,415,482),
	(1584,415,516),
	(1583,415,1261),
	(1586,415,1262),
	(1587,416,1263),
	(1588,416,1264),
	(1589,416,1265),
	(1590,416,1266),
	(1591,417,1267),
	(1592,417,1268),
	(1593,417,1269),
	(1594,417,1270),
	(1595,418,1271),
	(1596,418,1272),
	(1597,418,1273),
	(1598,418,1274),
	(1599,419,1275),
	(1600,419,1276),
	(1601,419,1277),
	(1602,419,1278),
	(1603,420,1279),
	(1604,420,1280),
	(1605,420,1281),
	(1606,420,1282),
	(1607,421,1283),
	(1608,421,1284),
	(1609,421,1285),
	(1610,421,1286),
	(1611,422,1287),
	(1612,422,1288),
	(1613,422,1289),
	(1614,422,1290),
	(1615,423,1291),
	(1616,423,1292),
	(1617,423,1293),
	(1618,423,1294),
	(1620,424,282),
	(1619,424,918),
	(1621,424,949),
	(1622,424,1295),
	(1626,425,224),
	(1623,425,577),
	(1624,425,1296),
	(1625,425,1297),
	(1628,426,113),
	(1630,426,114),
	(1627,426,1298),
	(1629,426,1299),
	(1631,427,19),
	(1632,427,1300),
	(1633,427,1301),
	(1634,427,1302);

/*!40000 ALTER TABLE `movies_movie_actors` ENABLE KEYS */;
UNLOCK TABLES;


# Dump of table movies_movie_directors
# ------------------------------------------------------------

DROP TABLE IF EXISTS `movies_movie_directors`;

CREATE TABLE `movies_movie_directors` (
  `id` int(11) NOT NULL AUTO_INCREMENT,
  `movie_id` int(11) NOT NULL,
  `director_id` int(11) NOT NULL,
  PRIMARY KEY (`id`),
  UNIQUE KEY `movie_id` (`movie_id`,`director_id`),
  KEY `movies_movie__director_id_4d2a62c06c7af844_fk_movies_director_id` (`director_id`),
  CONSTRAINT `movies_movie__director_id_4d2a62c06c7af844_fk_movies_director_id` FOREIGN KEY (`director_id`) REFERENCES `movies_director` (`id`),
  CONSTRAINT `movies_movie_direct_movie_id_21eff16fecaf395b_fk_movies_movie_id` FOREIGN KEY (`movie_id`) REFERENCES `movies_movie` (`id`)
) ENGINE=InnoDB DEFAULT CHARSET=utf8;

LOCK TABLES `movies_movie_directors` WRITE;
/*!40000 ALTER TABLE `movies_movie_directors` DISABLE KEYS */;

INSERT INTO `movies_movie_directors` (`id`, `movie_id`, `director_id`)
VALUES
	(48,49,25),
	(49,50,26),
	(50,50,27),
	(51,51,28),
	(52,52,29),
	(53,53,30),
	(54,54,31),
	(55,55,32),
	(56,56,33),
	(57,57,34),
	(58,58,35),
	(59,58,36),
	(60,59,37),
	(61,60,38),
	(62,61,39),
	(63,62,40),
	(64,63,41),
	(65,64,42),
	(66,64,43),
	(67,65,44),
	(68,66,45),
	(69,67,46),
	(70,68,47),
	(71,69,48),
	(72,70,49),
	(73,70,50),
	(74,71,51),
	(75,72,52),
	(76,73,53),
	(77,74,54),
	(78,75,55),
	(79,76,56),
	(80,77,57),
	(81,77,58),
	(82,78,59),
	(83,79,60),
	(84,80,61),
	(85,81,62),
	(86,82,63),
	(87,82,64),
	(88,83,65),
	(89,83,66),
	(90,84,67),
	(91,85,68),
	(92,86,69),
	(93,87,70),
	(94,88,71),
	(95,89,72),
	(96,90,73),
	(97,90,74),
	(98,90,75),
	(99,91,76),
	(100,92,77),
	(101,93,78),
	(102,94,79),
	(103,95,80),
	(104,96,81),
	(105,97,82),
	(106,98,83),
	(107,99,84),
	(108,99,85),
	(109,100,86),
	(110,101,87),
	(111,102,88),
	(112,103,89),
	(113,104,90),
	(114,105,91),
	(115,106,92),
	(116,107,93),
	(117,108,94),
	(118,108,95),
	(119,109,96),
	(120,109,97),
	(121,110,98),
	(122,111,99),
	(123,112,100),
	(124,113,101),
	(125,113,102),
	(126,114,103),
	(127,115,104),
	(128,116,105),
	(129,117,106),
	(130,118,107),
	(131,119,108),
	(132,120,109),
	(133,121,110),
	(134,122,111),
	(135,123,112),
	(136,124,113),
	(137,125,114),
	(138,126,115),
	(139,127,116),
	(140,128,117),
	(141,129,118),
	(142,130,119),
	(143,131,120),
	(144,132,121),
	(145,133,122),
	(146,134,70),
	(147,135,123),
	(148,136,124),
	(149,137,125),
	(150,138,1),
	(151,139,2),
	(152,140,3),
	(153,140,4),
	(154,141,5),
	(155,142,6),
	(156,143,7),
	(157,144,8),
	(158,145,9),
	(159,146,10),
	(160,147,11),
	(161,148,12),
	(162,149,13),
	(163,149,14),
	(164,150,15),
	(165,151,16),
	(166,152,17),
	(167,153,18),
	(168,154,19),
	(169,155,20),
	(170,156,21),
	(171,157,22),
	(172,158,23),
	(173,159,24),
	(174,160,126),
	(175,161,127),
	(176,161,128),
	(177,162,129),
	(178,163,130),
	(179,163,131),
	(180,164,132),
	(181,165,133),
	(182,165,134),
	(183,166,135),
	(184,167,136),
	(185,168,137),
	(186,169,138),
	(187,170,139),
	(188,171,140),
	(189,171,141),
	(190,172,142),
	(191,173,143),
	(192,174,144),
	(193,175,145),
	(194,176,146),
	(195,177,147),
	(196,178,148),
	(197,179,149),
	(198,180,150),
	(199,181,151),
	(200,182,152),
	(201,183,153),
	(202,183,154),
	(203,184,155),
	(204,185,156),
	(205,185,157),
	(206,186,158),
	(207,187,159),
	(208,188,160),
	(209,189,3),
	(210,189,4),
	(211,190,161),
	(212,191,162),
	(213,192,163),
	(214,193,164),
	(215,194,165),
	(216,195,166),
	(217,195,167),
	(218,196,168),
	(219,197,169),
	(220,198,170),
	(221,199,171),
	(222,200,172),
	(223,201,173),
	(224,202,174),
	(225,203,175),
	(226,204,176),
	(227,205,177),
	(228,206,178),
	(229,207,179),
	(230,208,180),
	(231,209,181),
	(232,210,182),
	(233,211,183),
	(234,212,55),
	(235,213,184),
	(236,214,185),
	(237,215,186),
	(238,216,55),
	(239,217,187),
	(240,218,188),
	(241,219,189),
	(242,220,190),
	(243,221,1),
	(244,222,191),
	(245,223,192),
	(246,224,193),
	(247,224,194),
	(248,225,195),
	(249,226,129),
	(250,227,196),
	(251,228,197),
	(252,229,198),
	(253,230,199),
	(254,231,200),
	(255,232,201),
	(256,233,202),
	(257,234,48),
	(258,235,203),
	(259,236,204),
	(260,237,205),
	(261,237,206),
	(262,238,38),
	(263,238,207),
	(264,238,208),
	(265,239,209),
	(266,240,210),
	(267,241,211),
	(268,241,212),
	(269,242,213),
	(270,243,100),
	(271,244,214),
	(272,245,215),
	(273,246,216),
	(274,247,217),
	(275,248,218),
	(276,249,54),
	(277,250,219),
	(278,251,220),
	(279,252,221),
	(280,253,41),
	(281,254,222),
	(282,255,223),
	(283,256,224),
	(284,257,87),
	(285,258,225),
	(286,259,226),
	(287,260,227),
	(288,260,228),
	(289,261,229),
	(290,262,230),
	(291,263,231),
	(292,264,232),
	(293,265,233),
	(294,266,234),
	(295,267,235),
	(296,268,236),
	(297,269,237),
	(298,270,238),
	(299,270,239),
	(300,271,59),
	(301,272,240),
	(302,272,241),
	(303,273,242),
	(304,274,243),
	(305,275,244),
	(306,276,245),
	(307,277,246),
	(308,278,247),
	(309,279,248),
	(310,280,249),
	(311,281,250),
	(312,282,251),
	(313,282,252),
	(314,283,253),
	(315,284,254),
	(316,284,255),
	(317,285,256),
	(318,286,257),
	(319,286,258),
	(320,287,259),
	(321,287,260),
	(322,288,261),
	(323,288,262),
	(324,289,221),
	(325,290,263),
	(326,291,264),
	(327,292,265),
	(328,293,266),
	(329,294,267),
	(330,295,268),
	(331,296,269),
	(332,297,270),
	(333,298,271),
	(334,299,108),
	(335,300,175),
	(336,301,272),
	(337,301,273),
	(338,302,59),
	(339,303,274),
	(340,304,275),
	(341,305,276),
	(342,306,174),
	(343,307,277),
	(344,308,278),
	(345,309,279),
	(346,309,280),
	(347,310,281),
	(348,311,282),
	(349,312,283),
	(350,313,171),
	(351,314,284),
	(352,315,285),
	(353,316,286),
	(354,317,287),
	(355,318,288),
	(356,319,289),
	(357,320,15),
	(358,321,290),
	(359,322,291),
	(360,323,292),
	(361,324,13),
	(362,324,14),
	(363,325,293),
	(364,325,294),
	(365,326,295),
	(366,327,197),
	(367,328,296),
	(368,329,68),
	(369,330,297),
	(370,331,83),
	(371,332,298),
	(372,333,299),
	(373,334,300),
	(374,335,301),
	(375,336,59),
	(376,337,302),
	(377,338,180),
	(378,339,303),
	(379,340,304),
	(380,341,305),
	(381,341,306),
	(382,342,307),
	(383,343,308),
	(384,344,98),
	(385,345,309),
	(386,346,310),
	(387,347,311),
	(388,348,312),
	(389,349,313),
	(390,350,314),
	(391,351,315),
	(392,351,316),
	(393,352,317),
	(394,352,318),
	(395,353,319),
	(398,354,113),
	(396,354,320),
	(397,354,321),
	(399,355,322),
	(400,356,323),
	(401,357,324),
	(402,358,325),
	(403,359,1),
	(404,360,326),
	(405,361,327),
	(406,362,328),
	(407,362,329),
	(408,362,330),
	(409,363,126),
	(410,364,118),
	(411,365,10),
	(412,366,331),
	(413,367,332),
	(414,368,333),
	(415,369,334),
	(416,370,335),
	(417,371,121),
	(418,372,122),
	(419,373,336),
	(420,373,337),
	(421,374,338),
	(422,375,339),
	(423,376,3),
	(424,376,4),
	(425,377,340),
	(426,378,341),
	(427,379,342),
	(428,380,23),
	(429,381,343),
	(430,382,344),
	(431,382,345),
	(432,383,346),
	(433,384,347),
	(434,385,348),
	(435,386,349),
	(436,387,350),
	(437,388,351),
	(438,389,352),
	(439,390,353),
	(440,391,354),
	(441,391,355),
	(442,392,47),
	(443,393,356),
	(444,394,357),
	(445,395,358),
	(446,396,359),
	(447,397,360),
	(448,398,36),
	(449,399,361),
	(450,400,54),
	(451,401,362),
	(452,402,363),
	(453,403,221),
	(454,404,364),
	(455,404,365),
	(456,405,221),
	(457,406,366),
	(458,406,367),
	(459,406,368),
	(460,407,369),
	(461,408,370),
	(462,409,371),
	(463,411,372),
	(464,412,373),
	(465,413,41),
	(466,414,374),
	(467,415,143),
	(468,416,177),
	(469,417,375),
	(470,418,6),
	(471,419,376),
	(472,420,377),
	(473,420,378),
	(474,421,379),
	(475,422,380),
	(476,422,381),
	(477,423,382),
	(478,424,383),
	(479,425,285),
	(480,426,384),
	(481,427,272);

/*!40000 ALTER TABLE `movies_movie_directors` ENABLE KEYS */;
UNLOCK TABLES;


# Dump of table movies_movie_genres
# ------------------------------------------------------------

DROP TABLE IF EXISTS `movies_movie_genres`;

CREATE TABLE `movies_movie_genres` (
  `id` int(11) NOT NULL AUTO_INCREMENT,
  `movie_id` int(11) NOT NULL,
  `genre_id` int(11) NOT NULL,
  PRIMARY KEY (`id`),
  UNIQUE KEY `movie_id` (`movie_id`,`genre_id`),
  KEY `movies_movie_genres_genre_id_7a573357d72d1034_fk_movies_genre_id` (`genre_id`),
  CONSTRAINT `movies_movie_genres_genre_id_7a573357d72d1034_fk_movies_genre_id` FOREIGN KEY (`genre_id`) REFERENCES `movies_genre` (`id`),
  CONSTRAINT `movies_movie_genres_movie_id_2f1ba87f3ae283c1_fk_movies_movie_id` FOREIGN KEY (`movie_id`) REFERENCES `movies_movie` (`id`)
) ENGINE=InnoDB DEFAULT CHARSET=utf8;

LOCK TABLES `movies_movie_genres` WRITE;
/*!40000 ALTER TABLE `movies_movie_genres` DISABLE KEYS */;

INSERT INTO `movies_movie_genres` (`id`, `movie_id`, `genre_id`)
VALUES
	(94,49,5),
	(93,49,10),
	(95,49,13),
	(96,50,4),
	(97,50,5),
	(98,50,6),
	(100,51,1),
	(99,51,2),
	(101,51,3),
	(102,52,7),
	(103,52,8),
	(105,53,2),
	(104,53,9),
	(106,53,12),
	(107,54,6),
	(108,54,15),
	(110,55,5),
	(111,55,8),
	(109,55,10),
	(112,56,1),
	(114,57,6),
	(113,57,10),
	(115,57,11),
	(116,58,6),
	(117,58,7),
	(119,59,1),
	(118,59,6),
	(120,59,8),
	(121,60,9),
	(122,61,1),
	(123,61,13),
	(125,62,1),
	(124,62,2),
	(126,62,16),
	(127,63,1),
	(128,63,14),
	(130,64,2),
	(129,64,9),
	(132,65,2),
	(133,65,3),
	(131,65,9),
	(135,66,2),
	(134,66,9),
	(136,67,1),
	(137,67,7),
	(138,67,14),
	(140,68,1),
	(139,68,6),
	(143,69,1),
	(141,69,10),
	(142,69,11),
	(145,70,3),
	(144,70,9),
	(146,70,17),
	(147,71,1),
	(148,72,1),
	(150,73,1),
	(149,73,2),
	(151,73,12),
	(152,74,1),
	(153,75,6),
	(154,75,18),
	(155,76,1),
	(156,77,9),
	(157,78,9),
	(159,79,5),
	(160,79,6),
	(158,79,10),
	(162,80,8),
	(161,80,10),
	(163,80,19),
	(166,81,1),
	(164,81,9),
	(165,81,10),
	(169,82,5),
	(167,82,9),
	(168,82,10),
	(170,83,1),
	(172,84,1),
	(171,84,6),
	(173,85,9),
	(174,86,1),
	(175,87,1),
	(176,88,1),
	(178,89,1),
	(177,89,6),
	(179,90,4),
	(180,90,15),
	(181,90,20),
	(182,91,6),
	(184,92,1),
	(183,92,11),
	(185,92,14),
	(186,93,1),
	(187,93,19),
	(190,94,1),
	(188,94,6),
	(189,94,11),
	(192,95,2),
	(191,95,9),
	(193,95,21),
	(195,96,1),
	(194,96,6),
	(196,97,1),
	(198,98,1),
	(197,98,4),
	(199,98,15),
	(200,99,7),
	(202,99,13),
	(201,99,16),
	(204,100,1),
	(203,100,11),
	(205,101,1),
	(206,101,16),
	(208,102,1),
	(207,102,22),
	(210,103,10),
	(209,103,22),
	(212,104,1),
	(211,104,6),
	(214,105,5),
	(213,105,10),
	(215,105,13),
	(218,106,1),
	(217,106,2),
	(216,106,9),
	(219,107,9),
	(220,108,1),
	(222,108,13),
	(221,108,14),
	(223,109,1),
	(224,110,5),
	(225,110,8),
	(226,111,1),
	(227,111,8),
	(228,112,6),
	(231,113,1),
	(230,113,2),
	(229,113,9),
	(232,114,6),
	(233,114,14),
	(235,115,5),
	(234,115,10),
	(236,115,13),
	(238,116,1),
	(237,116,2),
	(239,116,3),
	(241,117,1),
	(240,117,11),
	(242,118,1),
	(243,118,18),
	(244,119,6),
	(245,120,1),
	(247,121,1),
	(246,121,6),
	(249,122,5),
	(250,122,6),
	(248,122,10),
	(251,123,1),
	(252,123,21),
	(253,124,9),
	(254,125,1),
	(256,126,2),
	(255,126,9),
	(257,126,15),
	(260,127,1),
	(259,127,2),
	(258,127,10),
	(261,128,8),
	(263,129,5),
	(262,129,10),
	(264,129,13),
	(265,130,4),
	(266,130,5),
	(267,130,6),
	(269,131,1),
	(268,131,6),
	(270,131,12),
	(271,132,1),
	(273,132,8),
	(272,132,13),
	(276,133,1),
	(274,133,6),
	(275,133,11),
	(277,134,1),
	(278,134,8),
	(279,135,1),
	(280,135,8),
	(282,136,5),
	(281,136,10),
	(283,137,6),
	(284,138,1),
	(286,139,1),
	(285,139,2),
	(287,139,3),
	(288,140,4),
	(289,140,5),
	(290,140,6),
	(291,141,1),
	(292,141,7),
	(293,141,8),
	(295,142,2),
	(294,142,9),
	(298,143,8),
	(296,143,10),
	(297,143,11),
	(299,144,1),
	(300,144,12),
	(302,145,1),
	(303,145,8),
	(301,145,11),
	(304,146,1),
	(305,147,9),
	(306,148,1),
	(307,149,1),
	(310,150,1),
	(308,150,5),
	(309,150,6),
	(311,151,9),
	(313,152,5),
	(312,152,10),
	(314,152,13),
	(316,153,5),
	(315,153,10),
	(317,153,13),
	(318,154,1),
	(319,154,12),
	(320,155,1),
	(322,156,1),
	(323,156,8),
	(321,156,11),
	(325,157,1),
	(324,157,10),
	(326,157,13),
	(327,158,1),
	(328,159,1),
	(330,159,8),
	(329,159,14),
	(332,160,1),
	(331,160,2),
	(333,160,8),
	(335,161,5),
	(334,161,10),
	(336,161,13),
	(339,162,1),
	(338,162,2),
	(337,162,5),
	(340,163,22),
	(341,164,4),
	(343,164,5),
	(342,164,10),
	(345,165,1),
	(344,165,9),
	(346,165,12),
	(348,166,1),
	(347,166,6),
	(349,166,12),
	(351,167,3),
	(350,167,9),
	(352,167,18),
	(354,168,1),
	(353,168,6),
	(356,169,1),
	(355,169,2),
	(357,169,20),
	(359,170,1),
	(358,170,6),
	(360,171,4),
	(362,171,5),
	(361,171,10),
	(363,172,9),
	(365,173,1),
	(364,173,2),
	(366,173,21),
	(367,174,1),
	(368,174,8),
	(370,175,1),
	(369,175,11),
	(371,176,7),
	(373,177,1),
	(372,177,6),
	(376,178,1),
	(375,178,2),
	(374,178,4),
	(378,179,1),
	(379,179,8),
	(377,179,11),
	(380,180,1),
	(382,181,1),
	(381,181,6),
	(383,182,22),
	(384,183,23),
	(385,184,1),
	(386,185,6),
	(388,186,1),
	(387,186,6),
	(389,186,16),
	(391,187,3),
	(390,187,9),
	(392,188,1),
	(394,188,8),
	(393,188,13),
	(396,189,6),
	(395,189,10),
	(397,189,11),
	(400,190,1),
	(398,190,5),
	(399,190,6),
	(402,191,1),
	(401,191,6),
	(403,192,1),
	(404,192,7),
	(405,192,16),
	(406,193,22),
	(407,194,6),
	(408,194,16),
	(410,195,8),
	(409,195,10),
	(411,196,1),
	(412,196,16),
	(413,197,1),
	(414,197,8),
	(415,198,7),
	(416,198,8),
	(417,199,1),
	(418,200,6),
	(421,201,3),
	(419,201,9),
	(420,201,22),
	(423,202,8),
	(422,202,11),
	(424,203,1),
	(425,203,7),
	(427,204,1),
	(426,204,6),
	(429,205,1),
	(428,205,2),
	(430,205,16),
	(431,206,1),
	(432,206,15),
	(433,206,20),
	(434,207,1),
	(436,208,1),
	(435,208,2),
	(437,208,3),
	(438,209,6),
	(439,209,16),
	(441,210,1),
	(440,210,11),
	(442,211,1),
	(444,212,13),
	(443,212,14),
	(446,213,1),
	(445,213,6),
	(447,214,11),
	(449,215,2),
	(448,215,9),
	(451,216,1),
	(450,216,11),
	(452,216,13),
	(453,217,1),
	(455,218,1),
	(454,218,6),
	(456,218,16),
	(458,219,8),
	(457,219,13),
	(460,220,1),
	(459,220,2),
	(461,220,3),
	(462,221,1),
	(463,221,16),
	(464,222,1),
	(465,223,1),
	(466,224,1),
	(467,224,12),
	(468,225,1),
	(470,225,13),
	(469,225,16),
	(472,226,1),
	(471,226,2),
	(473,227,1),
	(474,227,3),
	(475,227,8),
	(477,228,1),
	(476,228,11),
	(479,229,1),
	(478,229,6),
	(480,230,9),
	(482,231,1),
	(481,231,6),
	(483,231,16),
	(485,232,1),
	(484,232,2),
	(486,232,8),
	(488,233,1),
	(489,233,3),
	(487,233,9),
	(492,234,1),
	(491,234,5),
	(490,234,10),
	(493,235,9),
	(494,235,12),
	(496,236,1),
	(495,236,2),
	(497,236,16),
	(498,237,9),
	(500,238,3),
	(499,238,9),
	(501,239,1),
	(503,240,1),
	(502,240,5),
	(505,241,1),
	(504,241,9),
	(507,242,1),
	(508,242,3),
	(506,242,9),
	(510,243,1),
	(509,243,6),
	(511,244,1),
	(512,244,8),
	(514,245,2),
	(515,245,3),
	(513,245,9),
	(516,246,9),
	(517,247,5),
	(519,247,8),
	(518,247,13),
	(520,248,1),
	(522,249,1),
	(521,249,6),
	(523,249,16),
	(525,250,1),
	(524,250,2),
	(527,251,2),
	(526,251,9),
	(529,252,1),
	(528,252,2),
	(530,252,16),
	(531,253,1),
	(532,253,14),
	(533,254,1),
	(535,254,8),
	(534,254,16),
	(536,255,22),
	(537,256,9),
	(538,257,1),
	(539,258,9),
	(541,259,2),
	(540,259,9),
	(542,259,21),
	(543,260,4),
	(544,260,5),
	(545,260,6),
	(546,261,1),
	(549,262,1),
	(548,262,2),
	(547,262,10),
	(550,263,1),
	(551,263,16),
	(552,264,1),
	(553,264,18),
	(554,265,9),
	(556,266,5),
	(555,266,10),
	(557,266,13),
	(558,267,6),
	(559,268,1),
	(562,269,1),
	(560,269,2),
	(561,269,6),
	(565,270,1),
	(564,270,2),
	(563,270,9),
	(566,271,9),
	(568,272,2),
	(567,272,9),
	(569,272,12),
	(570,273,1),
	(573,274,1),
	(571,274,10),
	(572,274,11),
	(574,275,1),
	(575,276,1),
	(576,277,1),
	(577,278,1),
	(580,279,1),
	(578,279,6),
	(579,279,11),
	(581,280,7),
	(582,281,1),
	(583,282,1),
	(584,283,9),
	(585,284,9),
	(587,285,1),
	(586,285,6),
	(588,285,14),
	(590,286,1),
	(589,286,6),
	(591,287,6),
	(592,287,20),
	(593,288,1),
	(595,289,1),
	(596,289,8),
	(594,289,11),
	(597,290,1),
	(598,291,1),
	(600,292,5),
	(599,292,10),
	(601,292,13),
	(603,293,1),
	(602,293,2),
	(605,294,1),
	(604,294,6),
	(606,294,16),
	(608,295,1),
	(607,295,11),
	(609,295,14),
	(611,296,2),
	(610,296,9),
	(612,296,12),
	(613,297,1),
	(615,297,13),
	(614,297,14),
	(616,298,1),
	(617,299,6),
	(618,300,5),
	(619,300,6),
	(620,300,11),
	(621,301,9),
	(622,302,9),
	(623,303,6),
	(624,303,7),
	(625,303,16),
	(628,304,1),
	(626,304,2),
	(627,304,6),
	(629,305,1),
	(630,305,18),
	(631,306,1),
	(632,306,7),
	(633,306,8),
	(635,307,1),
	(636,307,8),
	(634,307,11),
	(637,308,9),
	(639,309,3),
	(638,309,5),
	(640,310,1),
	(641,310,16),
	(644,311,1),
	(642,311,9),
	(643,311,11),
	(646,312,1),
	(645,312,6),
	(647,312,16),
	(649,313,1),
	(648,313,6),
	(651,314,1),
	(650,314,6),
	(652,314,16),
	(653,315,2),
	(654,315,6),
	(655,315,11),
	(656,316,1),
	(657,316,16),
	(658,317,1),
	(659,318,1),
	(660,318,3),
	(661,318,8),
	(663,319,5),
	(664,319,8),
	(662,319,10),
	(667,320,1),
	(665,320,5),
	(666,320,6),
	(668,321,10),
	(669,321,11),
	(670,321,13),
	(671,322,1),
	(672,322,8),
	(674,323,3),
	(673,323,9),
	(675,323,17),
	(676,324,1),
	(677,325,9),
	(679,326,1),
	(678,326,6),
	(681,327,1),
	(680,327,6),
	(682,327,16),
	(683,328,1),
	(684,328,16),
	(687,329,1),
	(685,329,9),
	(686,329,11),
	(688,330,7),
	(690,330,8),
	(689,330,14),
	(691,331,4),
	(692,331,5),
	(693,331,15),
	(694,332,1),
	(697,333,1),
	(695,333,2),
	(696,333,6),
	(698,334,9),
	(699,335,9),
	(700,336,9),
	(702,337,8),
	(701,337,10),
	(704,338,1),
	(703,338,2),
	(705,338,3),
	(706,339,9),
	(707,340,7),
	(708,340,8),
	(709,341,9),
	(710,341,21),
	(711,342,9),
	(713,343,2),
	(714,343,8),
	(712,343,9),
	(716,344,2),
	(715,344,9),
	(717,344,12),
	(719,345,2),
	(718,345,9),
	(721,346,2),
	(720,346,9),
	(722,346,12),
	(723,347,9),
	(724,348,9),
	(725,349,19),
	(727,350,1),
	(726,350,11),
	(728,351,4),
	(729,351,15),
	(730,351,20),
	(732,352,2),
	(733,352,3),
	(731,352,9),
	(734,353,1),
	(736,354,2),
	(735,354,9),
	(737,355,1),
	(738,356,9),
	(740,357,1),
	(739,357,5),
	(741,357,20),
	(742,358,1),
	(745,359,1),
	(743,359,6),
	(744,359,11),
	(747,360,1),
	(746,360,11),
	(748,361,9),
	(749,362,9),
	(751,363,8),
	(750,363,11),
	(753,364,1),
	(752,364,6),
	(754,364,16),
	(755,365,1),
	(756,366,1),
	(757,366,3),
	(758,367,5),
	(760,367,8),
	(759,367,13),
	(761,368,4),
	(762,368,6),
	(763,368,15),
	(764,369,6),
	(765,370,9),
	(767,371,1),
	(768,371,8),
	(766,371,11),
	(769,372,1),
	(770,373,4),
	(771,373,5),
	(772,373,6),
	(774,374,1),
	(773,374,6),
	(775,375,1),
	(776,375,20),
	(778,376,6),
	(777,376,10),
	(779,376,11),
	(780,377,1),
	(781,377,8),
	(783,378,1),
	(782,378,2),
	(784,378,3),
	(785,379,4),
	(786,379,5),
	(787,379,6),
	(788,380,1),
	(789,381,1),
	(790,381,18),
	(791,382,4),
	(792,382,5),
	(793,382,6),
	(795,383,1),
	(796,383,8),
	(794,383,11),
	(797,384,1),
	(799,384,8),
	(798,384,13),
	(800,385,1),
	(801,385,16),
	(804,386,1),
	(802,386,6),
	(803,386,11),
	(805,387,6),
	(806,387,11),
	(808,388,8),
	(807,388,10),
	(809,389,9),
	(810,389,12),
	(812,390,1),
	(811,390,11),
	(813,391,1),
	(814,392,1),
	(816,393,1),
	(815,393,6),
	(817,393,16),
	(819,394,1),
	(820,394,8),
	(818,394,11),
	(821,395,1),
	(822,395,16),
	(824,396,1),
	(823,396,11),
	(826,397,1),
	(825,397,6),
	(828,398,1),
	(827,398,6),
	(830,399,1),
	(829,399,18),
	(831,400,1),
	(832,401,1),
	(835,402,1),
	(833,402,10),
	(834,402,11),
	(837,403,1),
	(836,403,6),
	(838,404,6),
	(840,405,8),
	(839,405,10),
	(841,406,4),
	(842,406,5),
	(843,406,6),
	(844,407,1),
	(845,408,6),
	(846,408,12),
	(847,408,16),
	(850,409,1),
	(849,409,5),
	(848,409,10),
	(852,411,1),
	(851,411,5),
	(853,411,20),
	(855,412,1),
	(854,412,6),
	(856,412,16),
	(857,413,1),
	(858,414,6),
	(859,414,15),
	(860,414,23),
	(862,415,1),
	(861,415,2),
	(863,415,21),
	(864,416,9),
	(865,417,1),
	(866,418,9),
	(867,418,11),
	(869,419,1),
	(868,419,6),
	(870,420,9),
	(871,420,12),
	(873,421,1),
	(872,421,9),
	(875,422,2),
	(876,422,3),
	(874,422,9),
	(878,423,2),
	(877,423,9),
	(880,424,1),
	(879,424,11),
	(882,425,1),
	(881,425,5),
	(883,425,15),
	(884,426,22),
	(886,427,3),
	(885,427,9);

/*!40000 ALTER TABLE `movies_movie_genres` ENABLE KEYS */;
UNLOCK TABLES;


# Dump of table movies_movie_writers
# ------------------------------------------------------------

DROP TABLE IF EXISTS `movies_movie_writers`;

CREATE TABLE `movies_movie_writers` (
  `id` int(11) NOT NULL AUTO_INCREMENT,
  `movie_id` int(11) NOT NULL,
  `writer_id` int(11) NOT NULL,
  PRIMARY KEY (`id`),
  UNIQUE KEY `movie_id` (`movie_id`,`writer_id`),
  KEY `movies_movie_writ_writer_id_7c2a9382bdd688d6_fk_movies_writer_id` (`writer_id`),
  CONSTRAINT `movies_movie_writ_writer_id_7c2a9382bdd688d6_fk_movies_writer_id` FOREIGN KEY (`writer_id`) REFERENCES `movies_writer` (`id`),
  CONSTRAINT `movies_movie_writer_movie_id_2a5bceecde31897c_fk_movies_movie_id` FOREIGN KEY (`movie_id`) REFERENCES `movies_movie` (`id`)
) ENGINE=InnoDB DEFAULT CHARSET=utf8;

LOCK TABLES `movies_movie_writers` WRITE;
/*!40000 ALTER TABLE `movies_movie_writers` DISABLE KEYS */;

INSERT INTO `movies_movie_writers` (`id`, `movie_id`, `writer_id`)
VALUES
	(89,49,60),
	(90,49,61),
	(91,49,62),
	(92,50,63),
	(93,50,64),
	(94,50,65),
	(95,50,66),
	(96,50,67),
	(97,50,68),
	(98,51,69),
	(99,52,70),
	(100,53,10),
	(101,54,71),
	(102,54,72),
	(103,54,73),
	(104,55,74),
	(105,55,75),
	(106,55,76),
	(107,56,77),
	(108,56,78),
	(109,57,79),
	(110,58,80),
	(111,58,81),
	(112,59,82),
	(113,60,10),
	(114,61,83),
	(115,62,84),
	(116,62,85),
	(117,62,86),
	(118,63,87),
	(119,63,88),
	(120,64,89),
	(121,64,90),
	(122,64,91),
	(123,65,92),
	(124,66,93),
	(125,66,94),
	(126,67,95),
	(127,67,96),
	(128,68,97),
	(129,68,98),
	(130,69,99),
	(131,70,100),
	(132,70,101),
	(133,71,102),
	(134,72,103),
	(135,72,104),
	(136,73,105),
	(137,73,106),
	(138,73,107),
	(139,73,108),
	(140,74,109),
	(141,74,110),
	(142,75,111),
	(143,75,112),
	(144,75,113),
	(145,76,114),
	(146,77,10),
	(147,78,115),
	(148,78,116),
	(149,79,117),
	(150,79,118),
	(151,80,119),
	(152,81,10),
	(153,82,10),
	(154,83,120),
	(155,83,121),
	(156,83,122),
	(157,84,123),
	(158,84,124),
	(159,85,125),
	(160,86,126),
	(161,87,127),
	(162,88,128),
	(163,88,129),
	(164,88,130),
	(165,89,131),
	(166,90,132),
	(167,90,133),
	(168,90,134),
	(169,90,135),
	(170,90,136),
	(171,90,137),
	(172,90,138),
	(173,90,139),
	(174,90,140),
	(175,91,141),
	(176,92,142),
	(177,92,143),
	(178,93,144),
	(179,93,145),
	(180,94,146),
	(181,95,147),
	(182,96,148),
	(183,97,149),
	(184,97,150),
	(185,98,151),
	(186,98,152),
	(187,98,153),
	(188,98,154),
	(189,98,155),
	(190,99,156),
	(191,100,157),
	(192,101,158),
	(193,101,159),
	(194,102,10),
	(195,103,10),
	(196,104,160),
	(197,105,161),
	(198,105,162),
	(199,105,163),
	(200,105,164),
	(201,105,165),
	(202,105,166),
	(203,105,167),
	(204,106,10),
	(205,107,168),
	(206,107,169),
	(207,107,170),
	(208,107,171),
	(209,108,172),
	(210,108,173),
	(211,108,174),
	(212,109,175),
	(213,109,176),
	(214,109,177),
	(215,110,178),
	(216,111,179),
	(217,112,180),
	(218,112,181),
	(219,113,182),
	(220,114,183),
	(222,115,165),
	(223,115,167),
	(221,115,184),
	(224,116,185),
	(225,116,186),
	(226,117,187),
	(227,117,188),
	(228,117,189),
	(229,118,190),
	(230,119,191),
	(231,120,192),
	(232,121,193),
	(233,122,57),
	(234,122,58),
	(235,122,194),
	(236,122,195),
	(237,123,196),
	(238,123,197),
	(239,123,198),
	(240,124,199),
	(241,125,200),
	(242,125,201),
	(243,125,202),
	(244,125,203),
	(245,126,204),
	(246,126,205),
	(247,127,206),
	(248,127,207),
	(249,127,208),
	(250,127,209),
	(251,128,210),
	(252,128,211),
	(253,129,37),
	(254,129,38),
	(255,129,212),
	(256,129,213),
	(257,129,214),
	(258,130,215),
	(259,130,216),
	(260,130,217),
	(261,130,218),
	(262,131,219),
	(263,132,220),
	(264,132,221),
	(265,133,222),
	(266,133,223),
	(267,134,127),
	(268,134,224),
	(269,135,225),
	(270,136,226),
	(271,137,227),
	(272,138,1),
	(273,139,46),
	(274,140,47),
	(275,140,48),
	(276,140,49),
	(277,140,50),
	(278,141,9),
	(279,142,10),
	(280,143,11),
	(281,144,12),
	(282,145,13),
	(283,146,14),
	(284,146,15),
	(285,147,10),
	(286,148,16),
	(287,149,17),
	(288,149,18),
	(289,150,51),
	(290,150,52),
	(291,150,53),
	(292,151,10),
	(293,152,23),
	(294,152,24),
	(295,152,54),
	(296,152,55),
	(297,153,56),
	(298,153,57),
	(299,153,58),
	(300,154,31),
	(301,154,59),
	(302,155,228),
	(303,155,229),
	(304,156,35),
	(305,157,36),
	(306,157,37),
	(307,157,38),
	(308,157,230),
	(309,158,42),
	(310,158,43),
	(311,159,231),
	(312,160,232),
	(313,160,233),
	(317,161,167),
	(314,161,234),
	(315,161,235),
	(316,161,236),
	(318,162,237),
	(319,162,238),
	(320,163,239),
	(321,164,240),
	(322,164,241),
	(323,165,242),
	(324,165,243),
	(325,165,244),
	(326,166,245),
	(327,166,246),
	(328,167,247),
	(329,167,248),
	(330,168,249),
	(331,169,250),
	(332,170,251),
	(333,171,252),
	(334,171,253),
	(335,171,254),
	(336,171,255),
	(337,171,256),
	(338,171,257),
	(339,171,258),
	(340,172,10),
	(341,173,259),
	(342,173,260),
	(343,174,261),
	(344,175,262),
	(345,176,263),
	(346,176,264),
	(347,177,265),
	(348,178,266),
	(349,178,267),
	(350,179,268),
	(351,179,269),
	(352,179,270),
	(353,180,271),
	(354,181,272),
	(355,181,273),
	(356,181,274),
	(357,181,275),
	(358,182,276),
	(359,183,277),
	(360,183,278),
	(361,183,279),
	(362,183,280),
	(363,183,281),
	(364,184,282),
	(365,184,283),
	(366,184,284),
	(367,185,285),
	(368,185,286),
	(369,186,287),
	(370,187,288),
	(371,187,289),
	(372,188,290),
	(373,188,291),
	(374,188,292),
	(375,189,293),
	(376,189,294),
	(377,189,295),
	(378,189,296),
	(379,189,297),
	(380,189,298),
	(381,190,299),
	(382,191,300),
	(383,191,301),
	(384,192,302),
	(385,192,303),
	(386,193,10),
	(387,194,304),
	(388,195,305),
	(389,196,306),
	(390,196,307),
	(391,197,308),
	(392,197,309),
	(393,198,310),
	(394,198,311),
	(395,199,312),
	(396,199,313),
	(397,200,314),
	(398,200,315),
	(399,200,316),
	(400,200,317),
	(401,200,318),
	(402,200,319),
	(403,201,320),
	(404,202,321),
	(405,202,322),
	(406,202,323),
	(407,203,324),
	(408,204,325),
	(409,205,326),
	(410,205,327),
	(411,206,328),
	(412,206,329),
	(413,206,330),
	(414,206,331),
	(415,206,332),
	(416,207,333),
	(417,207,334),
	(418,207,335),
	(419,207,336),
	(420,208,337),
	(421,208,338),
	(422,209,339),
	(423,210,340),
	(424,211,341),
	(425,211,342),
	(426,211,343),
	(427,212,111),
	(428,212,344),
	(429,213,345),
	(430,213,346),
	(431,213,347),
	(432,214,348),
	(433,215,349),
	(434,216,111),
	(435,216,350),
	(436,217,351),
	(437,218,352),
	(438,218,353),
	(439,218,354),
	(440,218,355),
	(441,218,356),
	(442,219,357),
	(443,219,358),
	(444,220,359),
	(445,220,360),
	(446,221,1),
	(447,221,361),
	(448,221,362),
	(449,221,363),
	(450,222,364),
	(451,223,365),
	(452,224,366),
	(453,224,367),
	(454,225,368),
	(455,226,369),
	(456,226,370),
	(457,227,371),
	(458,228,372),
	(459,228,373),
	(460,229,374),
	(461,230,375),
	(462,230,376),
	(463,230,377),
	(464,231,378),
	(465,232,379),
	(466,232,380),
	(467,232,381),
	(468,232,382),
	(469,232,383),
	(470,233,10),
	(471,234,99),
	(472,235,384),
	(473,236,385),
	(474,237,10),
	(475,238,10),
	(476,239,386),
	(477,239,387),
	(478,240,388),
	(479,241,389),
	(480,241,390),
	(481,242,10),
	(482,243,180),
	(483,243,181),
	(484,244,391),
	(485,245,10),
	(486,246,392),
	(487,246,393),
	(488,247,394),
	(489,247,395),
	(490,247,396),
	(491,248,397),
	(492,249,398),
	(493,249,399),
	(494,249,400),
	(495,250,315),
	(496,250,401),
	(497,250,402),
	(498,251,403),
	(499,252,404),
	(500,252,405),
	(501,252,406),
	(502,253,87),
	(503,254,407),
	(504,254,408),
	(505,254,409),
	(506,255,410),
	(507,256,10),
	(508,257,391),
	(509,257,411),
	(510,258,10),
	(511,259,412),
	(512,259,413),
	(513,260,414),
	(514,260,415),
	(515,260,416),
	(516,260,417),
	(517,260,418),
	(518,261,419),
	(519,261,420),
	(520,262,421),
	(521,263,422),
	(522,263,423),
	(523,263,424),
	(524,263,425),
	(525,264,426),
	(526,265,10),
	(527,266,427),
	(528,266,428),
	(529,266,429),
	(530,266,430),
	(531,267,431),
	(532,268,432),
	(533,268,433),
	(534,268,434),
	(535,268,435),
	(536,269,436),
	(537,269,437),
	(538,270,438),
	(539,270,439),
	(540,270,440),
	(541,271,115),
	(542,272,10),
	(543,273,441),
	(544,274,442),
	(545,274,443),
	(546,274,444),
	(547,274,445),
	(548,275,446),
	(549,275,447),
	(550,276,448),
	(551,277,449),
	(552,277,450),
	(553,277,451),
	(554,278,10),
	(555,279,452),
	(556,280,453),
	(557,280,454),
	(558,281,455),
	(559,281,456),
	(560,282,457),
	(561,282,458),
	(562,282,459),
	(563,283,10),
	(564,284,10),
	(565,285,460),
	(566,285,461),
	(567,286,462),
	(568,286,463),
	(569,287,464),
	(570,287,465),
	(571,287,466),
	(572,288,467),
	(573,288,468),
	(574,288,469),
	(575,289,470),
	(576,290,471),
	(577,291,472),
	(578,292,75),
	(580,292,165),
	(582,292,166),
	(583,292,167),
	(579,292,473),
	(581,292,474),
	(584,292,475),
	(585,292,476),
	(586,293,477),
	(587,293,478),
	(588,294,457),
	(589,294,479),
	(590,295,480),
	(591,296,10),
	(592,297,481),
	(593,298,482),
	(594,298,483),
	(595,298,484),
	(596,299,191),
	(599,300,324),
	(597,300,485),
	(598,300,486),
	(600,301,487),
	(601,301,488),
	(602,301,489),
	(603,302,115),
	(604,303,490),
	(605,303,491),
	(606,304,492),
	(607,304,493),
	(608,305,494),
	(609,305,495),
	(610,306,321),
	(611,306,323),
	(612,306,496),
	(613,307,497),
	(614,307,498),
	(615,307,499),
	(616,308,10),
	(617,309,500),
	(618,309,501),
	(619,310,502),
	(620,311,503),
	(621,311,504),
	(622,312,505),
	(623,313,506),
	(624,313,507),
	(625,313,508),
	(626,314,509),
	(627,315,510),
	(628,315,511),
	(629,316,512),
	(630,316,513),
	(631,317,514),
	(632,317,515),
	(633,317,516),
	(634,318,517),
	(635,318,518),
	(636,318,519),
	(637,319,520),
	(638,319,521),
	(639,319,522),
	(640,320,52),
	(641,320,523),
	(642,321,524),
	(643,322,525),
	(644,322,526),
	(645,323,527),
	(646,323,528),
	(647,323,529),
	(648,324,17),
	(649,324,18),
	(650,325,530),
	(651,326,531),
	(652,326,532),
	(653,327,373),
	(654,327,533),
	(655,328,534),
	(656,329,125),
	(657,329,535),
	(658,329,536),
	(659,330,184),
	(660,330,537),
	(663,331,152),
	(662,331,266),
	(661,331,538),
	(664,332,539),
	(665,332,540),
	(666,332,541),
	(667,333,542),
	(668,333,543),
	(669,334,544),
	(670,335,545),
	(671,336,115),
	(672,337,546),
	(673,337,547),
	(674,337,548),
	(675,337,549),
	(676,338,550),
	(677,338,551),
	(678,339,10),
	(679,340,552),
	(680,341,10),
	(681,342,553),
	(682,342,554),
	(683,343,10),
	(684,344,10),
	(685,345,384),
	(686,346,555),
	(687,346,556),
	(688,346,557),
	(689,347,10),
	(690,348,10),
	(691,349,558),
	(692,350,559),
	(693,350,560),
	(694,350,561),
	(695,351,562),
	(696,351,563),
	(697,351,564),
	(698,351,565),
	(699,351,566),
	(700,351,567),
	(701,351,568),
	(702,351,569),
	(703,351,570),
	(704,351,571),
	(705,351,572),
	(706,352,10),
	(707,353,573),
	(710,354,199),
	(708,354,574),
	(709,354,575),
	(711,355,576),
	(712,356,577),
	(713,356,578),
	(714,357,579),
	(715,357,580),
	(716,358,581),
	(717,358,582),
	(719,359,1),
	(718,359,583),
	(720,360,584),
	(721,360,585),
	(722,360,586),
	(723,361,10),
	(724,362,587),
	(725,362,588),
	(726,362,589),
	(727,363,590),
	(728,363,591),
	(729,363,592),
	(730,364,213),
	(732,365,14),
	(731,365,15),
	(734,366,561),
	(733,366,593),
	(735,366,594),
	(738,367,379),
	(737,367,396),
	(736,367,595),
	(739,368,596),
	(740,368,597),
	(741,368,598),
	(742,369,599),
	(743,369,600),
	(744,370,601),
	(745,371,602),
	(746,372,222),
	(747,373,603),
	(748,374,604),
	(749,375,605),
	(750,375,606),
	(751,376,293),
	(752,376,296),
	(753,376,297),
	(754,376,298),
	(755,377,607),
	(756,378,608),
	(757,378,609),
	(758,378,610),
	(762,379,414),
	(759,379,611),
	(760,379,612),
	(761,379,613),
	(763,379,614),
	(764,379,615),
	(765,379,616),
	(766,380,42),
	(767,380,43),
	(768,381,617),
	(769,381,618),
	(770,382,619),
	(771,383,620),
	(772,384,621),
	(773,384,622),
	(774,385,623),
	(775,386,211),
	(776,387,624),
	(777,388,625),
	(778,389,10),
	(779,390,626),
	(780,390,627),
	(781,391,628),
	(782,391,629),
	(783,392,97),
	(784,392,98),
	(785,393,630),
	(786,393,631),
	(787,393,632),
	(788,394,633),
	(789,394,634),
	(790,395,635),
	(791,395,636),
	(792,396,637),
	(793,396,638),
	(794,396,639),
	(795,397,640),
	(796,398,81),
	(797,399,641),
	(798,400,642),
	(799,400,643),
	(800,401,644),
	(801,401,645),
	(802,402,646),
	(803,402,647),
	(804,402,648),
	(805,402,649),
	(806,402,650),
	(807,403,651),
	(808,404,652),
	(809,404,653),
	(810,404,654),
	(811,404,655),
	(812,405,656),
	(817,406,395),
	(813,406,564),
	(814,406,657),
	(815,406,658),
	(816,406,659),
	(818,407,660),
	(819,407,661),
	(820,408,662),
	(821,408,663),
	(822,409,664),
	(823,409,665),
	(824,411,666),
	(825,411,667),
	(826,412,668),
	(827,413,87),
	(828,414,669),
	(829,414,670),
	(830,414,671),
	(831,415,338),
	(832,415,672),
	(833,415,673),
	(834,415,674),
	(835,416,675),
	(836,417,676),
	(837,418,677),
	(838,419,678),
	(839,420,679),
	(840,420,680),
	(841,421,681),
	(842,422,10),
	(843,423,10),
	(844,424,682),
	(845,424,683),
	(846,425,522),
	(847,425,684),
	(848,426,10),
	(849,427,487);

/*!40000 ALTER TABLE `movies_movie_writers` ENABLE KEYS */;
UNLOCK TABLES;


# Dump of table movies_person
# ------------------------------------------------------------

DROP TABLE IF EXISTS `movies_person`;

CREATE TABLE `movies_person` (
  `id` int(11) NOT NULL AUTO_INCREMENT,
  `name` varchar(100) NOT NULL,
  PRIMARY KEY (`id`)
) ENGINE=InnoDB DEFAULT CHARSET=utf8;

LOCK TABLES `movies_person` WRITE;
/*!40000 ALTER TABLE `movies_person` DISABLE KEYS */;

INSERT INTO `movies_person` (`id`, `name`)
VALUES
	(1,'Richard Linklater'),
	(2,'Ellar Coltrane'),
	(3,'Patricia Arquette'),
	(4,'Elijah Smith'),
	(5,'Lorelei Linklater'),
	(6,'Mike Leigh (screenplay)'),
	(7,'Timothy Spall'),
	(8,'Paul Jesson'),
	(9,'Dorothy Atkinson'),
	(10,'Marion Bailey'),
	(11,'Mike Leigh'),
	(12,'Phil Lord (screenplay)'),
	(13,'Christopher Miller (screenplay)'),
	(14,'Dan Hageman (story)'),
	(15,'Kevin Hageman (story)'),
	(16,'Phil Lord (story)'),
	(17,'Christopher Miller (story)'),
	(18,'Will Arnett'),
	(19,'Elizabeth Banks'),
	(20,'Craig Berry'),
	(21,'Alison Brie'),
	(22,'Phil Lord'),
	(23,'Christopher Miller'),
	(24,'Jennifer Kent'),
	(25,'Essie Davis'),
	(26,'Noah Wiseman'),
	(27,'Hayley McElhinney'),
	(28,'Daniel Henshall'),
	(29,'N/A'),
	(30,'Martin Scorsese'),
	(31,'Ava DuVernay'),
	(32,'Werner Herzog'),
	(33,'Roger Ebert'),
	(34,'Steve James'),
	(35,'Dan Gilroy'),
	(36,'Jake Gyllenhaal'),
	(37,'Michael Papajohn'),
	(38,'Marco Rodríguez'),
	(39,'Bill Paxton'),
	(40,'Damien Chazelle'),
	(41,'Miles Teller'),
	(42,'J.K. Simmons'),
	(43,'Paul Reiser'),
	(44,'Melissa Benoist'),
	(45,'John Cassavetes'),
	(46,'Julie Carmen'),
	(47,'Tony Knesich'),
	(48,'Gregory Cleghorne'),
	(49,'Buck Henry'),
	(50,'Oleg Negin'),
	(51,'Andrey Zvyagintsev'),
	(52,'Elena Lyadova'),
	(53,'Aleksey Serebryakov'),
	(54,'Vladimir Vdovichenkov'),
	(55,'Roman Madyanov'),
	(56,'Edward Snowden'),
	(57,'Glenn Greenwald'),
	(58,'William Binney'),
	(59,'Jacob Appelbaum'),
	(60,'Laura Poitras'),
	(61,'Jonathan Asser'),
	(62,'Jack O\'Connell'),
	(63,'Gilly Gilchrist'),
	(64,'Frederick Schmidt'),
	(65,'Edna Caskey'),
	(66,'David Mackenzie'),
	(67,'Jean-Pierre Dardenne'),
	(68,'Luc Dardenne'),
	(69,'Marion Cotillard'),
	(70,'Fabrizio Rongione'),
	(71,'Catherine Salée'),
	(72,'Batiste Sornin'),
	(73,'Stefan Zweig (inspired by the writings of)'),
	(74,'Wes Anderson (screenplay)'),
	(75,'Wes Anderson (story)'),
	(76,'Hugo Guinness (story)'),
	(77,'Ralph Fiennes'),
	(78,'F. Murray Abraham'),
	(79,'Mathieu Amalric'),
	(80,'Adrien Brody'),
	(81,'Wes Anderson'),
	(82,'Alejandro Jodorowsky'),
	(83,'Amanda Lear'),
	(84,'Brontis Jodorowsky'),
	(85,'Chris Foss'),
	(86,'Frank Pavich'),
	(87,'James Gunn'),
	(88,'Nicole Perlman'),
	(89,'Dan Abnett (comic book)'),
	(90,'Andy Lanning (comic book)'),
	(91,'Chris Pratt'),
	(92,'Zoe Saldana'),
	(93,'Dave Bautista'),
	(94,'Vin Diesel'),
	(95,'Simon Kinberg (screenplay)'),
	(96,'Jane Goldman (story)'),
	(97,'Simon Kinberg (story)'),
	(98,'Matthew Vaughn (story)'),
	(99,'Hugh Jackman'),
	(100,'James McAvoy'),
	(101,'Michael Fassbender'),
	(102,'Jennifer Lawrence'),
	(103,'Bryan Singer'),
	(104,'Lukas Moodysson'),
	(105,'Coco Moodysson (comic book)'),
	(106,'Mira Barkhammar'),
	(107,'Mira Grosin'),
	(108,'Liv LeMoyne'),
	(109,'Johan Liljemark'),
	(110,'Pawel Pawlikowski (screenplay)'),
	(111,'Rebecca Lenkiewicz (screenplay)'),
	(112,'Agata Kulesza'),
	(113,'Agata Trzebuchowska'),
	(114,'Dawid Ogrodnik'),
	(115,'Jerzy Trela'),
	(116,'Pawel Pawlikowski'),
	(117,'Jeremy Saulnier'),
	(118,'Macon Blair'),
	(119,'Devin Ratray'),
	(120,'Amy Hargreaves'),
	(121,'Kevin Kolack'),
	(122,'Mark Bomback'),
	(123,'Rick Jaffa'),
	(124,'Amanda Silver'),
	(125,'Rick Jaffa (characters)'),
	(126,'Amanda Silver (characters)'),
	(127,'Pierre Boulle (novel)'),
	(128,'Andy Serkis'),
	(129,'Jason Clarke'),
	(130,'Gary Oldman'),
	(131,'Keri Russell'),
	(132,'Matt Reeves'),
	(133,'Ira Sachs'),
	(134,'Mauricio Zacharias'),
	(135,'John Lithgow'),
	(136,'Alfred Molina'),
	(137,'Tatyana Zbirovskaya'),
	(138,'Olya Zueva'),
	(139,'Gillian Flynn (screenplay)'),
	(140,'Gillian Flynn (novel)'),
	(141,'Ben Affleck'),
	(142,'Rosamund Pike'),
	(143,'Neil Patrick Harris'),
	(144,'Tyler Perry'),
	(145,'David Fincher'),
	(146,'Dan Hageman'),
	(147,'Kevin Hageman'),
	(148,'Stefan Zweig'),
	(149,'Hugo Guinness'),
	(150,'Dan Abnett'),
	(151,'Andy Lanning'),
	(152,'Simon Kinberg'),
	(153,'Jane Goldman'),
	(154,'Matthew Vaughn'),
	(155,'Coco Moodysson'),
	(156,'George Miller'),
	(157,'Brendan McCarthy'),
	(158,'Nick Lathouris'),
	(159,'Tom Hardy'),
	(160,'Charlize Theron'),
	(161,'Nicholas Hoult'),
	(162,'Hugh Keays-Byrne'),
	(163,'Pete Docter'),
	(164,'Ronaldo Del Carmen'),
	(165,'Meg LeFauve'),
	(166,'Josh Cooley'),
	(167,'Amy Poehler'),
	(168,'Bill Hader'),
	(169,'Phyllis Smith'),
	(170,'Richard Kind'),
	(171,'Paul Webb'),
	(172,'David Oyelowo'),
	(173,'Carmen Ejogo'),
	(174,'Jim France'),
	(175,'Trinity Simone'),
	(176,'David Robert Mitchell'),
	(177,'Keir Gilchrist'),
	(178,'Carollette Phillips'),
	(179,'Loren Bass'),
	(180,'Olivia Luccardi'),
	(181,'Amy Winehouse'),
	(182,'Yasiin Bey'),
	(183,'Mark Ronson'),
	(184,'Tony Bennett'),
	(185,'Asif Kapadia'),
	(186,'Paul King'),
	(187,'Hamish McColl'),
	(188,'Michael Bond'),
	(189,'Tim Downie'),
	(190,'Madeleine Worrall'),
	(191,'Lottie Steer'),
	(192,'Geoffrey Palmer'),
	(193,'Christopher McQuarrie'),
	(194,'Drew Pearce'),
	(195,'Bruce Geller'),
	(196,'Tom Cruise'),
	(197,'Jeremy Renner'),
	(198,'Simon Pegg'),
	(199,'Rebecca Ferguson'),
	(200,'Abderrahmane Sissako'),
	(201,'Kessen Tall'),
	(202,'Ibrahim Ahmed'),
	(203,'Abel Jafri'),
	(204,'Toulou Kiki'),
	(205,'Layla Walet Mohamed'),
	(206,'Paul Feig'),
	(207,'Jude Law'),
	(208,'Raad Rawi'),
	(209,'Melissa McCarthy'),
	(210,'Jessica Chaffin'),
	(211,'Jemaine Clement'),
	(212,'Taika Waititi'),
	(213,'Jonny Brugh'),
	(214,'Cori Gonzalez-Macuer'),
	(215,'Damián Szifrón'),
	(216,'Darío Grandinetti'),
	(217,'María Marull'),
	(218,'Mónica Villa'),
	(219,'Rita Cortese'),
	(220,'Joshua Oppenheimer'),
	(221,'Alex Garland'),
	(222,'Domhnall Gleeson'),
	(223,'Corey Johnson'),
	(224,'Oscar Isaac'),
	(225,'Alicia Vikander'),
	(226,'John Bayley'),
	(227,'Richard Eyre'),
	(228,'Charles Wood'),
	(229,'Kate Winslet'),
	(230,'Hugh Bonneville'),
	(231,'Judi Dench'),
	(232,'Jim Broadbent'),
	(233,'Asghar Farhadi'),
	(234,'Azad Jafarian'),
	(235,'Golshifteh Farahani'),
	(236,'Shahab Hosseini'),
	(237,'Taraneh Alidoosti'),
	(238,'Merila Zare\'i'),
	(239,'Wim Wenders'),
	(240,'Juliano Ribeiro Salgado'),
	(241,'David Rosier'),
	(242,'Sebastião Salgado'),
	(243,'Hugo Barbier'),
	(244,'Gabe Polsky'),
	(245,'Scotty Bowman'),
	(246,'Mark Deakins'),
	(247,'Viacheslav Fetisov'),
	(248,'Anatoli Karpov'),
	(249,'Stevan Riley'),
	(250,'Peter Ettedgui'),
	(251,'Marlon Brando'),
	(252,'Billy Bob Thornton'),
	(253,'Tom Epperson'),
	(254,'Cate Blanchett'),
	(255,'Giovanni Ribisi'),
	(256,'Keanu Reeves'),
	(257,'Katie Holmes'),
	(258,'Sam Raimi'),
	(259,'Sean Baker'),
	(260,'Chris Bergoch'),
	(261,'Kitana Kiki Rodriguez'),
	(262,'Mya Taylor'),
	(263,'Karren Karagulian'),
	(264,'Mickey O\'Hagan'),
	(265,'J.C. Chandor'),
	(266,'Elyes Gabel'),
	(267,'Jessica Chastain'),
	(268,'Lorna Pruce'),
	(269,'Robert Gordon'),
	(270,'Morgan Neville'),
	(271,'Kelsey Grammer'),
	(272,'Dick Cavett'),
	(273,'Gore Vidal'),
	(274,'Céline Sciamma'),
	(275,'Karidja Touré'),
	(276,'Assa Sylla'),
	(277,'Lindsay Karamoh'),
	(278,'Mariétou Touré'),
	(279,'Phoebe Gloeckner'),
	(280,'Marielle Heller'),
	(281,'Bel Powley'),
	(282,'Alexander Skarsgård'),
	(283,'Kristen Wiig'),
	(284,'Christopher Meloni'),
	(285,'Andrea Berloff'),
	(286,'Jonathan Herman'),
	(287,'S. Leigh Savidge'),
	(288,'Alan Wenkus'),
	(289,'O\'Shea Jackson Jr.'),
	(290,'Corey Hawkins'),
	(291,'Jason Mitchell'),
	(292,'Neil Brown Jr.'),
	(293,'F. Gary Gray'),
	(294,'Donald Margulies'),
	(295,'David Lipsky'),
	(296,'Mamie Gummer'),
	(297,'Jesse Eisenberg'),
	(298,'Anna Chlumsky'),
	(299,'Jason Segel'),
	(300,'James Ponsoldt'),
	(301,'Stanley Kubrick'),
	(302,'Terry Southern'),
	(303,'Peter George'),
	(304,'Peter Sellers'),
	(305,'George C. Scott'),
	(306,'Sterling Hayden'),
	(307,'Keenan Wynn'),
	(308,'Peter Strickland'),
	(309,'Chiara D\'Anna'),
	(310,'Kata Bartsch'),
	(311,'Sidse Babett Knudsen'),
	(312,'Monica Swinn'),
	(313,'Tina Fey'),
	(314,'Mark Linfield'),
	(315,'Alastair Fothergill'),
	(316,'Alex Gibney'),
	(317,'Lawrence Wright'),
	(318,'Mike Rinder'),
	(319,'Marty Rathbun'),
	(320,'Paul Haggis'),
	(321,'Donald Hamilton'),
	(322,'William P. McGivern'),
	(323,'Dean Martin'),
	(324,'Elke Sommer'),
	(325,'Sharon Tate'),
	(326,'Nancy Kwan'),
	(327,'Phil Karlson'),
	(328,'John Maclean'),
	(329,'Kodi Smit-McPhee'),
	(330,'Ben Mendelsohn'),
	(331,'Aorere Paki'),
	(332,'Robert Hetrick'),
	(333,'Matthew Heineman'),
	(334,'Conrad Anker'),
	(335,'Grace Chin'),
	(336,'Jimmy Chin'),
	(337,'Amee Hinkley'),
	(338,'Elizabeth Chai Vasarhelyi'),
	(339,'Richard Glatzer'),
	(340,'Wash Westmoreland'),
	(341,'Lisa Genova'),
	(342,'Julianne Moore'),
	(343,'Kate Bosworth'),
	(344,'Shane McRae'),
	(345,'Hunter Parrish'),
	(346,'Roberto Cossa'),
	(347,'Héctor Olivera'),
	(348,'José Soriano'),
	(349,'Juan Carlos Altavista'),
	(350,'Osvaldo Terranova'),
	(351,'Eva Franco'),
	(352,'Kirby Dick'),
	(353,'Amy Ziering'),
	(354,'Amy Herdy'),
	(355,'Caroline Heldman'),
	(356,'Olivier Assayas'),
	(357,'Juliette Binoche'),
	(358,'Kristen Stewart'),
	(359,'Chloë Grace Moretz'),
	(360,'Lars Eidinger'),
	(361,'Xavier Dolan'),
	(362,'Anne Dorval'),
	(363,'Suzanne Clément'),
	(364,'Antoine-Olivier Pilon'),
	(365,'Patrick Huard'),
	(366,'Kornél Mundruczó'),
	(367,'Viktória Petrányi'),
	(368,'Kata Wéber'),
	(369,'Zsófia Psotta'),
	(370,'Sándor Zsótér'),
	(371,'Lili Horváth'),
	(372,'Szabolcs Thuróczy'),
	(373,'Roy Andersson'),
	(374,'Holger Andersson'),
	(375,'Nils Westblom'),
	(376,'Charlotta Larsson'),
	(377,'Viktor Gyllenberg'),
	(378,'Charles Perrault'),
	(379,'Bill Peet'),
	(380,'Erdman Penner'),
	(381,'Ted Sears'),
	(382,'Winston Hibler'),
	(383,'Homer Brightman'),
	(384,'Harry Reeves'),
	(385,'Ken Anderson'),
	(386,'Joe Rinaldi'),
	(387,'Ilene Woods'),
	(388,'Eleanor Audley'),
	(389,'Verna Felton'),
	(390,'Claire Du Brey'),
	(391,'Clyde Geronimi'),
	(392,'Wilfred Jackson'),
	(393,'Hamilton Luske'),
	(394,'Amy Schumer'),
	(395,'Colin Quinn'),
	(396,'Devin Fabry'),
	(397,'Carla Oudin'),
	(398,'Judd Apatow'),
	(399,'Mitch Cullin'),
	(400,'Jeffrey Hatcher'),
	(401,'Ian McKellen'),
	(402,'Laura Linney'),
	(403,'Milo Parker'),
	(404,'Hiroyuki Sanada'),
	(405,'Bill Condon'),
	(406,'Lisandro Alonso'),
	(407,'Fabian Casas'),
	(408,'Viggo Mortensen'),
	(409,'Ghita Nørby'),
	(410,'Viilbjørk Malling Agger'),
	(411,'Esteban Bigliardi'),
	(412,'Rick Famuyiwa'),
	(413,'Rakim Mayers'),
	(414,'Blake Anderson'),
	(415,'Bruce Beatty'),
	(416,'De\'aundre Bonds'),
	(417,'Marah Strauch'),
	(418,'Cecilie Bull'),
	(419,'Ellen Houlihan'),
	(420,'John Long'),
	(421,'Jessica Hausner'),
	(422,'Christian Friedel'),
	(423,'Birte Schnoeink'),
	(424,'Stephan Grossmann'),
	(425,'Marc Bischoff'),
	(426,'David Zellner'),
	(427,'Nathan Zellner'),
	(428,'Rinko Kikuchi'),
	(429,'Nobuyuki Katsube'),
	(430,'Shirley Venard'),
	(431,'Joan G. Robinson'),
	(432,'Keiko Niwa'),
	(433,'Masashi Ando'),
	(434,'Hiromasa Yonebayashi'),
	(435,'David Freedman'),
	(436,'Sara Takatsuki'),
	(437,'Kasumi Arimura'),
	(438,'Nanako Matsushima'),
	(439,'Susumu Terajima'),
	(440,'Justin Benson'),
	(441,'Lou Taylor Pucci'),
	(442,'Nadia Hilker'),
	(443,'Vanessa Bednar'),
	(444,'Shane Brady'),
	(445,'Aaron Moorhead'),
	(446,'Miroslav Slaboshpitsky'),
	(447,'Grigoriy Fesenko'),
	(448,'Yana Novikova'),
	(449,'Rosa Babiy'),
	(450,'Alexander Dsiadevich'),
	(451,'Thomas Hardy'),
	(452,'David Nicholls'),
	(453,'Carey Mulligan'),
	(454,'Matthias Schoenaerts'),
	(455,'Tilly Vosburgh'),
	(456,'Mark Wingett'),
	(457,'Thomas Vinterberg'),
	(458,'Gundars Grasbergs'),
	(459,'Oskars Rupenheits'),
	(460,'Toni Duclottni'),
	(461,'Brashaad Mayweather'),
	(462,'Kalia Prescott'),
	(463,'Nik Kleverov'),
	(464,'Jesse Andrews'),
	(465,'Thomas Mann'),
	(466,'RJ Cyler'),
	(467,'Olivia Cooke'),
	(468,'Nick Offerman'),
	(469,'Alfonso Gomez-Rejon'),
	(470,'Edgar Wright'),
	(471,'Joe Cornish'),
	(472,'Adam McKay'),
	(473,'Paul Rudd'),
	(474,'Stan Lee'),
	(475,'Larry Lieber'),
	(476,'Jack Kirby'),
	(477,'Michael Douglas'),
	(478,'Evangeline Lilly'),
	(479,'Corey Stoll'),
	(480,'Peyton Reed'),
	(481,'Bhagavan Angulo'),
	(482,'Govinda Angulo'),
	(483,'Jagadisa Angulo'),
	(484,'Krsna Angulo'),
	(485,'Crystal Moselle'),
	(486,'Erik M. Conway'),
	(487,'Robert Kenner'),
	(488,'Naomi Oreskes'),
	(489,'Kim Roberts'),
	(490,'Patricia Callahan'),
	(491,'Matthew Crawford'),
	(492,'Stanton A. Glantz'),
	(493,'James Hansen'),
	(494,'Michael Spierig'),
	(495,'Peter Spierig'),
	(496,'Robert A. Heinlein'),
	(497,'Ethan Hawke'),
	(498,'Sarah Snook'),
	(499,'Christopher Kirby'),
	(500,'Christopher Sommers'),
	(501,'Ronald Bronstein'),
	(502,'Arielle Holmes'),
	(503,'Joshua Safdie'),
	(504,'Buddy Duress'),
	(505,'Ron Braunstein'),
	(506,'Eleonore Hendricks'),
	(507,'Ben Safdie'),
	(508,'Dennis Kelly'),
	(509,'Karl Davies'),
	(510,'Llewella Gideon'),
	(511,'Jodie Whittaker'),
	(512,'Kevin Macdonald'),
	(513,'Tim Talbott'),
	(514,'Billy Crudup'),
	(515,'Michael Angarano'),
	(516,'Moises Arias'),
	(517,'Nicholas Braun'),
	(518,'Kyle Patrick Alvarez'),
	(519,'Noah Baumbach'),
	(520,'Greta Gerwig'),
	(521,'Seth Barrish'),
	(522,'Juliet Brett'),
	(523,'Michael Chernus'),
	(524,'Cindy Cheung'),
	(525,'Dave LaMattina'),
	(526,'Frank Oz'),
	(527,'Sonia Manzano'),
	(528,'Jim Henson'),
	(529,'Kevin Clash'),
	(530,'Chad N. Walker'),
	(531,'Patrick Brice'),
	(532,'Adam Scott'),
	(533,'Taylor Schilling'),
	(534,'R.J. Hermes'),
	(535,'Kyle Field'),
	(536,'Joss Whedon'),
	(537,'Robert Downey Jr.'),
	(538,'Chris Hemsworth'),
	(539,'Mark Ruffalo'),
	(540,'Chris Evans'),
	(541,'Vera Brittain'),
	(542,'Juliette Towhidi'),
	(543,'Taron Egerton'),
	(544,'Colin Morgan'),
	(545,'Dominic West'),
	(546,'James Kent'),
	(547,'Richard B. Phillips'),
	(548,'Megan Griffiths'),
	(549,'Chong Kim'),
	(550,'Jamie Chung'),
	(551,'Beau Bridges'),
	(552,'Matt O\'Leary'),
	(553,'Eddie Martinez'),
	(554,'Zaza Urushadze'),
	(555,'Lembit Ulfsak'),
	(556,'Elmo Nüganen'),
	(557,'Giorgi Nakashidze'),
	(558,'Misha Meskhi'),
	(559,'Andrew Bujalski'),
	(560,'Guy Pearce'),
	(561,'Cobie Smulders'),
	(562,'Kevin Corrigan'),
	(563,'John Boorman'),
	(564,'Callum Turner'),
	(565,'Caleb Landry Jones'),
	(566,'Pat Shortt'),
	(567,'David Thewlis'),
	(568,'Maya Forbes'),
	(569,'Keir Dullea'),
	(570,'Wallace Wolodarsky'),
	(571,'Mark Millar'),
	(572,'Dave Gibbons'),
	(573,'Adrian Quinton'),
	(574,'Colin Firth'),
	(575,'Mark Strong'),
	(576,'Jonno Davies'),
	(577,'Christopher Cleveland'),
	(578,'Bettina Gilois'),
	(579,'Grant Thompson'),
	(580,'Kevin Costner'),
	(581,'Ramiro Rodriguez'),
	(582,'Carlos Pratts'),
	(583,'Johnny Ortiz'),
	(584,'Niki Caro'),
	(585,'Frédéric Tcheng'),
	(586,'Grace Coddington'),
	(587,'Isabelle Huppert'),
	(588,'Marc Jacobs'),
	(589,'Stephen Amidon'),
	(590,'Paolo Virzì'),
	(591,'Francesco Bruni'),
	(592,'Francesco Piccolo'),
	(593,'Fabrizio Bentivoglio'),
	(594,'Matilde Gioli'),
	(595,'Valeria Bruni Tedeschi'),
	(596,'Guglielmo Pinelli'),
	(597,'Kurt Kuenne'),
	(598,'Dana Nachman'),
	(599,'Teresa Clovicko'),
	(600,'Audrey Copper'),
	(601,'Katie Cotton'),
	(602,'Ama Daetz'),
	(603,'Jason Hall'),
	(604,'Chris Kyle'),
	(605,'Scott McEwen'),
	(606,'Jim DeFelice'),
	(607,'Bradley Cooper'),
	(608,'Kyle Gallner'),
	(609,'Cole Konis'),
	(610,'Ben Reed'),
	(611,'Clint Eastwood'),
	(612,'Jon Watts'),
	(613,'Christopher D. Ford'),
	(614,'Kevin Bacon'),
	(615,'Shea Whigham'),
	(616,'Camryn Manheim'),
	(617,'James Freedson-Jackson'),
	(618,'Colin Trevorrow'),
	(619,'Derek Connolly'),
	(620,'Michael Crichton'),
	(621,'Bryce Dallas Howard'),
	(622,'Irrfan Khan'),
	(623,'Vincent D\'Onofrio'),
	(624,'Glenn Berger'),
	(625,'Jonathan Aibel'),
	(626,'Stephen Hillenburg'),
	(627,'Paul Tibbitt'),
	(628,'Antonio Banderas'),
	(629,'Eric Bauza'),
	(630,'Tim Conway'),
	(631,'Eddie Deezen'),
	(632,'Dan Fogelman'),
	(633,'Al Pacino'),
	(634,'Annette Bening'),
	(635,'Jennifer Garner'),
	(636,'Bobby Cannavale'),
	(637,'Nissar Modi'),
	(638,'Robert C. O\'Brien'),
	(639,'Margot Robbie'),
	(640,'Chris Pine'),
	(641,'Chiwetel Ejiofor'),
	(642,'Craig Zobel'),
	(643,'Paul Thomas Anderson'),
	(644,'Thomas Pynchon'),
	(645,'Joanna Newsom'),
	(646,'Katherine Waterston'),
	(647,'Joaquin Phoenix'),
	(648,'Jordan Christian Hearn'),
	(649,'Michel Marc Bouchard'),
	(650,'Pierre-Yves Cardinal'),
	(651,'Lise Roy'),
	(652,'Evelyne Brochu'),
	(653,'Andrew Niccol'),
	(654,'Fatima El Bahraquy'),
	(655,'El Khttabi Abdelouahab'),
	(656,'Bruce Greenwood'),
	(657,'Jalmari Helander'),
	(658,'Samuel L. Jackson'),
	(659,'Onni Tommila'),
	(660,'Ray Stevenson'),
	(661,'Victor Garber'),
	(662,'James C. Strouse'),
	(663,'Regina Hall'),
	(664,'Jessica Williams'),
	(665,'Stephanie Allynne'),
	(666,'Rebecca Lenkiewicz'),
	(667,'Pierre Boulle'),
	(668,'Gillian Flynn'),
	(669,'Graham Moore'),
	(670,'Andrew Hodges'),
	(671,'Benedict Cumberbatch'),
	(672,'Keira Knightley'),
	(673,'Matthew Goode'),
	(674,'Rory Kinnear'),
	(675,'Morten Tyldum'),
	(676,'Christopher Markus'),
	(677,'Stephen McFeely'),
	(678,'Joe Simon'),
	(679,'Scarlett Johansson'),
	(680,'Robert Redford'),
	(681,'Anthony Russo'),
	(682,'Joe Russo'),
	(683,'Nick Hornby'),
	(684,'Cheryl Strayed'),
	(685,'Reese Witherspoon'),
	(686,'Laura Dern'),
	(687,'Thomas Sadoski'),
	(688,'Keene McRae'),
	(689,'Jean-Marc Vallée'),
	(690,'Braydn Michael'),
	(691,'Josh Geary'),
	(692,'Jeremy Kewley'),
	(693,'Billy Pope'),
	(694,'Jonathan Burton'),
	(695,'Dean DeBlois'),
	(696,'Cressida Cowell'),
	(697,'Jay Baruchel'),
	(698,'Gerard Butler'),
	(699,'Craig Ferguson'),
	(700,'Nick Cave'),
	(701,'Iain Forsyth'),
	(702,'Jane Pollard'),
	(703,'Susie Bick'),
	(704,'Warren Ellis'),
	(705,'Darian Leader'),
	(706,'Jon Ronson'),
	(707,'Peter Straughan'),
	(708,'Moira Brooker'),
	(709,'Paul Butterworth'),
	(710,'Phil Kingston'),
	(711,'Lenny Abrahamson'),
	(712,'Mark Bailey'),
	(713,'Keven McAlester'),
	(714,'Richard Nixon'),
	(715,'Henry Kissinger'),
	(716,'Stuart Herrington'),
	(717,'Juan Valdez'),
	(718,'Rory Kennedy'),
	(719,'Ruben Östlund'),
	(720,'Johannes Kuhnke'),
	(721,'Lisa Loven Kongsli'),
	(722,'Vincent Wettergren'),
	(723,'Clara Wettergren'),
	(724,'Pamela Flores'),
	(725,'Jeremias Herskovits'),
	(726,'Stephen Beresford'),
	(727,'Ben Schnetzer'),
	(728,'Abram Rooney'),
	(729,'Jim McManus'),
	(730,'George MacKay'),
	(731,'Matthew Warchus'),
	(732,'Jordan Roberts'),
	(733,'Robert L. Baird'),
	(734,'Daniel Gerson'),
	(735,'Duncan Rouleau'),
	(736,'Steven T. Seagle'),
	(737,'Joseph Mateo'),
	(738,'Paul Briggs'),
	(739,'Scott Adsit'),
	(740,'Ryan Potter'),
	(741,'Daniel Henney'),
	(742,'T.J. Miller'),
	(743,'Don Hall'),
	(744,'Chris Williams'),
	(745,'Martin Aleksa'),
	(746,'Nima Arkani-Hamed'),
	(747,'Savas Dimopoulos'),
	(748,'Monica Dunford'),
	(749,'Mark Levinson'),
	(750,'E. Max Frye'),
	(751,'Dan Futterman'),
	(752,'Steve Carell'),
	(753,'Channing Tatum'),
	(754,'Sienna Miller'),
	(755,'Bennett Miller'),
	(756,'Alain Guiraudie'),
	(757,'Pierre Deladonchamps'),
	(758,'Christophe Paou'),
	(759,'Patrick d\'Assumçao'),
	(760,'Jérôme Chappatte'),
	(761,'Dennis Lehane'),
	(762,'Noomi Rapace'),
	(763,'James Gandolfini'),
	(764,'Michaël R. Roskam'),
	(765,'Matt Moss'),
	(766,'Matthew Scott'),
	(767,'Chris Scott'),
	(768,'Karyn Crozier'),
	(769,'David John Kelly'),
	(770,'Justin Simien'),
	(771,'Tyler James Williams'),
	(772,'Tessa Thompson'),
	(773,'Teyonah Parris'),
	(774,'Hayao Miyazaki'),
	(775,'Mike Jones'),
	(776,'Hideaki Anno'),
	(777,'Hidetoshi Nishijima'),
	(778,'Miori Takimoto'),
	(779,'Masahiko Nishimura'),
	(780,'Andrew Bovell'),
	(781,'John le Carré'),
	(782,'Stephen Cornwell'),
	(783,'Grigoriy Dobrygin'),
	(784,'Philip Seymour Hoffman'),
	(785,'Homayoun Ershadi'),
	(786,'Mehdi Dehbi'),
	(787,'Anton Corbijn'),
	(788,'John Michael McDonagh'),
	(789,'Brendan Gleeson'),
	(790,'Chris O\'Dowd'),
	(791,'Kelly Reilly'),
	(792,'Aidan Gillen'),
	(793,'Gillian Robespierre'),
	(794,'Karen Maine'),
	(795,'Elisabeth Holm'),
	(796,'Anna Bean'),
	(797,'Jenny Slate'),
	(798,'Paul Briganti'),
	(799,'Gaby Hoffmann'),
	(800,'Stephen Singer'),
	(801,'Jon Goldman'),
	(802,'Omid Abtahi'),
	(803,'Nazanin Boniadi'),
	(804,'Michelle Forbes'),
	(805,'Navid Negahban'),
	(806,'Antti Eskola'),
	(807,'Antero Jyränki'),
	(808,'Jaakko Laakso'),
	(809,'Aulikki Oksanen'),
	(810,'Arvo Salo'),
	(811,'Kristiina Halkola'),
	(812,'Iris-Lilja Lassila'),
	(813,'Vesa-Matti Loiri'),
	(814,'Vesa Mäkelä'),
	(815,'Timo Bergholm'),
	(816,'Anu Saari'),
	(817,'David Ives'),
	(818,'Roman Polanski'),
	(819,'Leopold von Sacher-Masoch'),
	(820,'Emmanuelle Seigner'),
	(821,'Jay Duplass'),
	(822,'Mark Duplass'),
	(823,'Mark Kelly'),
	(824,'Steve Zissis'),
	(825,'Jennifer Lafleur'),
	(826,'Julie Vorus'),
	(827,'Hanif Kureishi'),
	(828,'Lindsay Duncan'),
	(829,'Igor Gotesman'),
	(830,'Olivier Audibert'),
	(831,'Roger Michell'),
	(832,'Penn Jillette'),
	(833,'Teller'),
	(834,'Tim Jenison'),
	(835,'Martin Mull'),
	(836,'Philip Steadman'),
	(837,'Walter Campbell'),
	(838,'Jonathan Glazer'),
	(839,'Michel Faber'),
	(840,'Jeremy McWilliams'),
	(841,'Lynsey Taylor Mackay'),
	(842,'Dougie McConnell'),
	(843,'Michael Bacall'),
	(844,'Oren Uziel'),
	(845,'Rodney Rothman'),
	(846,'Jonah Hill'),
	(847,'Patrick Hasburgh'),
	(848,'Stephen J. Cannell'),
	(849,'Peter Stormare'),
	(850,'Wyatt Russell'),
	(851,'Jon Favreau'),
	(852,'John Leguizamo'),
	(853,'Emjay Anthony'),
	(854,'Craig Johnson'),
	(855,'Mark Heyman'),
	(856,'Luke Wilson'),
	(857,'Ty Burrell'),
	(858,'Jim Jarmusch'),
	(859,'Marion Bessay'),
	(860,'Tom Hiddleston'),
	(861,'Tilda Swinton'),
	(862,'Mia Wasikowska'),
	(863,'Anton Yelchin'),
	(864,'David Barrouk'),
	(865,'Philippe Nahon'),
	(866,'Chris Rock'),
	(867,'Rosario Dawson'),
	(868,'J.B. Smoove'),
	(869,'Gabrielle Union'),
	(870,'Derek Kolstad'),
	(871,'Michael Nyqvist'),
	(872,'Alfie Allen'),
	(873,'Willem Dafoe'),
	(874,'Chad Stahelski'),
	(875,'David Leitch'),
	(876,'James Gray'),
	(877,'Ric Menello'),
	(878,'Dagmara Dominczyk'),
	(879,'Jonathan Raymond'),
	(880,'Kelly Reichardt'),
	(881,'Dakota Fanning'),
	(882,'Peter Sarsgaard'),
	(883,'Alia Shawkat'),
	(884,'Roel Reiné'),
	(885,'Ethan Wiley'),
	(886,'Brendan Michael Coughlin'),
	(887,'Patrick Scott Lewis'),
	(888,'Katie Lowes'),
	(889,'Bill Rampley'),
	(890,'John Rebel'),
	(891,'Gary Hawkins'),
	(892,'Larry Brown'),
	(893,'Nicolas Cage'),
	(894,'Tye Sheridan'),
	(895,'Gary Poulter'),
	(896,'Ronnie Gene Blevins'),
	(897,'David Gordon Green'),
	(898,'Peter Baynham'),
	(899,'Steve Coogan'),
	(900,'Neil Gibbons'),
	(901,'Rob Gibbons'),
	(902,'Armando Iannucci'),
	(903,'Patrick Marber'),
	(904,'Colm Meaney'),
	(905,'Tim Key'),
	(906,'Karl Theobald'),
	(907,'Declan Lowney'),
	(908,'Bryan Maltais'),
	(909,'Nick Damici'),
	(910,'Joe R. Lansdale'),
	(911,'Jim Mickle'),
	(912,'Michael C. Hall'),
	(913,'Vinessa Shaw'),
	(914,'Don Johnson'),
	(915,'Sam Shepard'),
	(916,'Amy Jump'),
	(917,'Julian Barratt'),
	(918,'Peter Ferdinando'),
	(919,'Richard Glover'),
	(920,'Ryan Pope'),
	(921,'Ben Wheatley'),
	(922,'Michael Winterbottom'),
	(923,'Rob Brydon'),
	(924,'Rosie Fellner'),
	(925,'Claire Keelan'),
	(926,'Anthony McCarten'),
	(927,'Jane Hawking'),
	(928,'Eddie Redmayne'),
	(929,'Felicity Jones'),
	(930,'Tom Prior'),
	(931,'Sophie Perry'),
	(932,'James Marsh'),
	(933,'Frances Goodrich'),
	(934,'Albert Hackett'),
	(935,'Frank Capra'),
	(936,'Jo Swerling'),
	(937,'Philip Van Doren Stern'),
	(938,'James Stewart'),
	(939,'Donna Reed'),
	(940,'Lionel Barrymore'),
	(941,'Thomas Mitchell'),
	(942,'Lawrence Hauben'),
	(943,'Bo Goldman'),
	(944,'Ken Kesey'),
	(945,'Dale Wasserman'),
	(946,'Michael Berryman'),
	(947,'Peter Brocco'),
	(948,'Dean R. Brooks'),
	(949,'Alonzo Brown'),
	(950,'Milos Forman'),
	(951,'Thomas Keneally'),
	(952,'Steven Zaillian'),
	(953,'Liam Neeson'),
	(954,'Ben Kingsley'),
	(955,'Caroline Goodall'),
	(956,'Steven Spielberg'),
	(957,'Blake Edwards'),
	(958,'Dudley Moore'),
	(959,'Julie Andrews'),
	(960,'Bo Derek'),
	(961,'Robert Webber'),
	(962,'Reginald Rose'),
	(963,'Martin Balsam'),
	(964,'John Fiedler'),
	(965,'Lee J. Cobb'),
	(966,'E.G. Marshall'),
	(967,'Sidney Lumet'),
	(968,'Franco Arcalli'),
	(969,'Giuseppe Bertolucci'),
	(970,'Bernardo Bertolucci'),
	(971,'Robert De Niro'),
	(972,'Gérard Depardieu'),
	(973,'Dominique Sanda'),
	(974,'Francesca Bertini'),
	(975,'Arthur C. Clarke'),
	(976,'Gary Lockwood'),
	(977,'William Sylvester'),
	(978,'Daniel Richter'),
	(979,'Rajkumar Hirani'),
	(980,'Abhijat Joshi'),
	(981,'Vidhu Vinod Chopra'),
	(982,'Aamir Khan'),
	(983,'Madhavan'),
	(984,'Sharman Joshi'),
	(985,'Kareena Kapoor'),
	(986,'Susanna Lo'),
	(987,'Shirley Jones'),
	(988,'Lee Meriwether'),
	(989,'Stephen Hawking'),
	(990,'Isobel Hawking'),
	(991,'Janet Humphrey'),
	(992,'Mary Hawking'),
	(993,'Errol Morris'),
	(994,'Anthony Burgess'),
	(995,'Malcolm McDowell'),
	(996,'Patrick Magee'),
	(997,'Michael Bates'),
	(998,'Warren Clarke'),
	(999,'Budd Schulberg'),
	(1000,'Andy Griffith'),
	(1001,'Patricia Neal'),
	(1002,'Anthony Franciosa'),
	(1003,'Walter Matthau'),
	(1004,'Elia Kazan'),
	(1005,'Charles Brackett'),
	(1006,'Billy Wilder'),
	(1007,'Richard L. Breen'),
	(1008,'Robert Harari'),
	(1009,'David Shaw'),
	(1010,'Jean Arthur'),
	(1011,'Marlene Dietrich'),
	(1012,'John Lund'),
	(1013,'Millard Mitchell'),
	(1014,'Alfonso Cuarón'),
	(1015,'Jonás Cuarón'),
	(1016,'Sandra Bullock'),
	(1017,'George Clooney'),
	(1018,'Ed Harris'),
	(1019,'Orto Ignatiussen'),
	(1020,'John Ridley'),
	(1021,'Solomon Northup'),
	(1022,'Dwight Henry'),
	(1023,'Dickie Gravois'),
	(1024,'Bryan Batt'),
	(1025,'Steve McQueen'),
	(1026,'Julie Delpy'),
	(1027,'Kim Krizan'),
	(1028,'Seamus Davey-Fitzpatrick'),
	(1029,'Jennifer Prior'),
	(1030,'Destin Daniel Cretton'),
	(1031,'Brie Larson'),
	(1032,'John Gallagher Jr.'),
	(1033,'Stephanie Beatriz'),
	(1034,'Rami Malek'),
	(1035,'Jeff Nichols'),
	(1036,'Matthew McConaughey'),
	(1037,'Jacob Lofland'),
	(1038,'Joel Coen'),
	(1039,'Ethan Coen'),
	(1040,'Justin Timberlake'),
	(1041,'Ethan Phillips'),
	(1042,'Spike Jonze'),
	(1043,'Lynn Adrianna'),
	(1044,'Lisa Renee Pitts'),
	(1045,'Gabe Gomez'),
	(1046,'Craig Borten'),
	(1047,'Melisa Wallack'),
	(1048,'Jared Leto'),
	(1049,'Denis O\'Hare'),
	(1050,'Mark Boal'),
	(1051,'Reda Kateb'),
	(1052,'Kyle Chandler'),
	(1053,'Kathryn Bigelow'),
	(1054,'Eric Warren Singer'),
	(1055,'David O. Russell'),
	(1056,'Christian Bale'),
	(1057,'Amy Adams'),
	(1058,'Haifaa Al-Mansour'),
	(1059,'Reem Abdullah'),
	(1060,'Waad Mohammed'),
	(1061,'Abdullrahman Al Gohani'),
	(1062,'Ahd'),
	(1063,'Gabriela Cowperthwaite'),
	(1064,'Eli B. Despres'),
	(1065,'Tim Zimmermann'),
	(1066,'Tilikum'),
	(1067,'John Hargrove'),
	(1068,'Samantha Berg'),
	(1069,'Mark Simmons'),
	(1070,'Nicole Holofcener'),
	(1071,'Julia Louis-Dreyfus'),
	(1072,'Lennie Loftin'),
	(1073,'Jessica St. Clair'),
	(1074,'Christopher Nicholas Smith'),
	(1075,'Billy Ray'),
	(1076,'Richard Phillips'),
	(1077,'Navy SEALS'),
	(1078,'and Dangerous Days at Sea\" by)'),
	(1079,'Stephan Talty'),
	(1080,'Tom Hanks'),
	(1081,'Catherine Keener'),
	(1082,'Barkhad Abdi'),
	(1083,'Barkhad Abdirahman'),
	(1084,'Paul Greengrass'),
	(1085,'Ahmed Hassan'),
	(1086,'Khalid Abdalla'),
	(1087,'Magdy Ashour'),
	(1088,'Ramy Essam'),
	(1089,'Jehane Noujaim'),
	(1090,'Mark Monroe'),
	(1091,'Vinny Appice'),
	(1092,'Joe Barresi'),
	(1093,'Brian Bell'),
	(1094,'Frank Black'),
	(1095,'Dave Grohl'),
	(1096,'Ryan Coogler'),
	(1097,'Michael B. Jordan'),
	(1098,'Melonie Diaz'),
	(1099,'Octavia Spencer'),
	(1100,'Kevin Durand'),
	(1101,'Michael Apted'),
	(1102,'Bruce Balden'),
	(1103,'Jacqueline Bassett'),
	(1104,'Symon Basterfield'),
	(1105,'Paul Almond'),
	(1106,'Anwar Congo'),
	(1107,'Herman Koto'),
	(1108,'Syamsul Arifin'),
	(1109,'Ibrahim Sinik'),
	(1110,'Anonymous'),
	(1111,'Christine Cynn'),
	(1112,'Clio Barnard'),
	(1113,'Oscar Wilde'),
	(1114,'Conner Chapman'),
	(1115,'Shaun Thomas'),
	(1116,'Ralph Ineson'),
	(1117,'Ian Burfield'),
	(1118,'Bob Nelson'),
	(1119,'Bruce Dern'),
	(1120,'Will Forte'),
	(1121,'June Squibb'),
	(1122,'Bob Odenkirk'),
	(1123,'Alexander Payne'),
	(1124,'Katherine Fairfax Wright'),
	(1125,'Malika Zouhali-Worrall'),
	(1126,'David Kato'),
	(1127,'Christopher Senyonjo'),
	(1128,'Birdie Africa'),
	(1129,'Ramona Africa'),
	(1130,'Wilson Goode'),
	(1131,'William Brown III'),
	(1132,'Jason Osder'),
	(1133,'Mickey Sumner'),
	(1134,'Michael Esper'),
	(1135,'Adam Driver'),
	(1136,'Tobias Lindholm'),
	(1137,'Pilou Asbæk'),
	(1138,'Søren Malling'),
	(1139,'Dar Salim'),
	(1140,'Roland Møller'),
	(1141,'Stephen Badger'),
	(1142,'Aretha Franklin'),
	(1143,'Jerry Carrigan'),
	(1144,'Alicia Keys'),
	(1145,'Greg \'Freddy\' Camalier'),
	(1146,'Sarah Polley'),
	(1147,'Michael Polley'),
	(1148,'Harry Gulkin'),
	(1149,'Susy Buchan'),
	(1150,'John Buchan'),
	(1151,'Simon Beaufoy'),
	(1152,'Michael Arndt'),
	(1153,'Suzanne Collins'),
	(1154,'Liam Hemsworth'),
	(1155,'Jack Quaid'),
	(1156,'Taylor St. Clair'),
	(1157,'Francis Lawrence'),
	(1158,'Woody Allen'),
	(1159,'Joy Carlin'),
	(1160,'Richard Conti'),
	(1161,'Glen Caspillo'),
	(1162,'Scott Neustadter'),
	(1163,'Michael H. Weber'),
	(1164,'Tim Tharp'),
	(1165,'Shailene Woodley'),
	(1166,'Masam Holden'),
	(1167,'Jeff Pope'),
	(1168,'Martin Sixsmith'),
	(1169,'Sophie Kennedy Clark'),
	(1170,'Mare Winningham'),
	(1171,'Stephen Frears'),
	(1172,'Zachary Heinzerling'),
	(1173,'Noriko Shinohara'),
	(1174,'Ushio Shinohara'),
	(1175,'Alex Shinohara'),
	(1176,'Ethan Cohen'),
	(1177,'Richard LaGravenese'),
	(1178,'Scott Thorson'),
	(1179,'Alex Thorleifson'),
	(1180,'Matt Damon'),
	(1181,'Scott Bakula'),
	(1182,'Eric Zuckerman'),
	(1183,'Eddie Jemison'),
	(1184,'Steven Soderbergh'),
	(1185,'Bérénice Bejo'),
	(1186,'Ali Mosaffa'),
	(1187,'Tahar Rahim'),
	(1188,'Pauline Burlet'),
	(1189,'Cate Shortland'),
	(1190,'Robin Mukherjee'),
	(1191,'Rachel Seiffert'),
	(1192,'Saskia Rosendahl'),
	(1193,'Nele Trebs'),
	(1194,'Mike Weidner'),
	(1195,'Ursina Lardi'),
	(1196,'Osvaldo Daicich'),
	(1197,'Divine'),
	(1198,'Michael Musto'),
	(1199,'Mark Payne'),
	(1200,'Greg Gorman'),
	(1201,'Jeffrey Schwarz'),
	(1202,'Mads Mikkelsen'),
	(1203,'Thomas Bo Larsen'),
	(1204,'Annika Wedderkopp'),
	(1205,'Lasse Fogelstrøm'),
	(1206,'Bill Blakemore'),
	(1207,'Geoffrey Cocks'),
	(1208,'Juli Kearns'),
	(1209,'John Fell Ryan'),
	(1210,'Rodney Ascher'),
	(1211,'Pedro Kos'),
	(1212,'Lucy Walker'),
	(1213,'Kevin Pearce'),
	(1214,'Shaun White'),
	(1215,'Mason Aguirre'),
	(1216,'Daniel Amen'),
	(1217,'Jennifer Lee'),
	(1218,'Hans Christian Andersen'),
	(1219,'Chris Buck'),
	(1220,'Shane Morris'),
	(1221,'Dean Wellins'),
	(1222,'Kristen Bell'),
	(1223,'Idina Menzel'),
	(1224,'Jonathan Groff'),
	(1225,'Josh Gad'),
	(1226,'Pedro Peirano'),
	(1227,'Antonio Skármeta'),
	(1228,'Gael García Bernal'),
	(1229,'Alfredo Castro'),
	(1230,'Luis Gnecco'),
	(1231,'Néstor Cantillana'),
	(1232,'Pablo Larraín'),
	(1233,'Peter Morgan'),
	(1234,'Daniel Brühl'),
	(1235,'Olivia Wilde'),
	(1236,'Alexandra Maria Lara'),
	(1237,'Ron Howard'),
	(1238,'Abdellatif Kechiche'),
	(1239,'adaptation and dialogue)'),
	(1240,'Ghalia Lacroix'),
	(1241,'Julie Maroh'),
	(1242,'Léa Seydoux'),
	(1243,'Adèle Exarchopoulos'),
	(1244,'Salim Kechiouche'),
	(1245,'Aurélien Recoing'),
	(1246,'Kim Nguyen'),
	(1247,'Rachel Mwanza'),
	(1248,'Alain Lino Mic Eli Bastien'),
	(1249,'Serge Kanyinda'),
	(1250,'Ralph Prosper'),
	(1251,'Ami Ayalon'),
	(1252,'Avi Dichter'),
	(1253,'Yuval Diskin'),
	(1254,'Carmi Gillon'),
	(1255,'Dror Moreh'),
	(1256,'Roberto Orci'),
	(1257,'Alex Kurtzman'),
	(1258,'Damon Lindelof'),
	(1259,'Gene Roddenberry'),
	(1260,'Zachary Quinto'),
	(1261,'Karl Urban'),
	(1262,'J.J. Abrams'),
	(1263,'Lake Bell'),
	(1264,'Rob Corddry'),
	(1265,'Alexandra Holden'),
	(1266,'Eva Longoria'),
	(1267,'Jem Cohen'),
	(1268,'Natalie Lettner'),
	(1269,'Mary Margaret O\'Hara'),
	(1270,'Bobby Sommer'),
	(1271,'Ela Piplits'),
	(1272,'Marcus O\'Hara'),
	(1273,'Tony Briggs'),
	(1274,'Keith Thompson'),
	(1275,'Tanika Lonesborough'),
	(1276,'Nioka Brennan'),
	(1277,'Lynette Narkle'),
	(1278,'Kylie Belling'),
	(1279,'Wayne Blair'),
	(1280,'Greg O\'Toole'),
	(1281,'Martha Shane'),
	(1282,'Lana Wilson'),
	(1283,'George Tiller'),
	(1284,'Warren Hern'),
	(1285,'Leroy Carhart'),
	(1286,'Susan Robinson'),
	(1287,'John \'FuzzFace\' McMahon'),
	(1288,'Julian Assange'),
	(1289,'Robert Manne'),
	(1290,'Dannis Hackney'),
	(1291,'Bobby Hackney'),
	(1292,'David Hackney'),
	(1293,'Robbie Duncan'),
	(1294,'Mark Christopher Covino'),
	(1295,'Jeff Howlett'),
	(1296,'Zhangke Jia'),
	(1297,'Wu Jiang'),
	(1298,'Baoqiang Wang'),
	(1299,'Tao Zhao'),
	(1300,'Lanshan Luo'),
	(1301,'Ka-Fai Wai'),
	(1302,'Nai-Hoi Yau'),
	(1303,'Ryker Chan'),
	(1304,'Xi Yu'),
	(1305,'Louis Koo'),
	(1306,'Ka Tung Lam'),
	(1307,'Honglei Sun'),
	(1308,'Suet Lam'),
	(1309,'Johnnie To'),
	(1310,'Paolo Sorrentino'),
	(1311,'Umberto Contarello'),
	(1312,'Toni Servillo'),
	(1313,'Carlo Verdone'),
	(1314,'Sabrina Ferilli'),
	(1315,'Carlo Buccirosso'),
	(1316,'Michael McGowan'),
	(1317,'James Cromwell'),
	(1318,'Chuck Shamata'),
	(1319,'Geneviève Bujold'),
	(1320,'Ronan Rees'),
	(1321,'Matthieu Reynaert'),
	(1322,'Thomas Bidegain'),
	(1323,'Joachim Lafosse'),
	(1324,'Émilie Dequenne'),
	(1325,'Claire Bodson'),
	(1326,'Niels Arestrup'),
	(1327,'Danai Gurira'),
	(1328,'Isaach De Bankolé'),
	(1329,'Anthony Okungbowa'),
	(1330,'Bukky Ajayi'),
	(1331,'Andrew Dosunmu'),
	(1332,'Adam Leon'),
	(1333,'Tashiana Washington'),
	(1334,'Ty Hickson'),
	(1335,'Meeko'),
	(1336,'Sam Soghor'),
	(1337,'Chad Hayes'),
	(1338,'Carey Hayes'),
	(1339,'Vera Farmiga'),
	(1340,'Patrick Wilson'),
	(1341,'Lili Taylor'),
	(1342,'Ron Livingston'),
	(1343,'James Wan'),
	(1344,'Cristian Mungiu'),
	(1345,'Tatiana Niculescu Bran'),
	(1346,'Cosmina Stratan'),
	(1347,'Cristina Flutur'),
	(1348,'Valeriu Andriuta'),
	(1349,'Dana Tapalaga'),
	(1350,'William Shakespeare'),
	(1351,'Paolo Taviani'),
	(1352,'Vittorio Taviani'),
	(1353,'Cosimo Rega'),
	(1354,'Salvatore Striano'),
	(1355,'Giovanni Arcuri'),
	(1356,'Antonio Frasca'),
	(1357,'Lily Tomlin'),
	(1358,'Mary Tyler Moore'),
	(1359,'Candice Bergen'),
	(1360,'Dolly Parton'),
	(1361,'Jacob Kornbluth'),
	(1362,'Adam Appelhanz'),
	(1363,'David Beckmann'),
	(1364,'Joel Berg'),
	(1365,'William Booker'),
	(1366,'Kristi Jacobson'),
	(1367,'Lori Silverbush'),
	(1368,'Juan Mayorga'),
	(1369,'François Ozon'),
	(1370,'Fabrice Luchini'),
	(1371,'Ernst Umhauer'),
	(1372,'Kristin Scott Thomas'),
	(1373,'Nat Faxon'),
	(1374,'Jim Rash'),
	(1375,'Toni Collette'),
	(1376,'Allison Janney'),
	(1377,'AnnaSophia Robb'),
	(1378,'Seth Rogen'),
	(1379,'Evan Goldberg'),
	(1380,'Jason Stone'),
	(1381,'James Franco'),
	(1382,'Nancy Doyne'),
	(1383,'Carroll Cartwright'),
	(1384,'Henry James'),
	(1385,'Joanna Vanderham'),
	(1386,'Scott McGehee'),
	(1387,'David Siegel'),
	(1388,'Scott Z. Burns'),
	(1389,'Rooney Mara'),
	(1390,'Carmen Pelaez'),
	(1391,'Marin Ireland'),
	(1392,'Sally El Hosaini'),
	(1393,'James Floyd'),
	(1394,'Fady Elsayed'),
	(1395,'Anthony Welsh'),
	(1396,'Amira Ghazalla'),
	(1397,'Rama Burshtein'),
	(1398,'Hadas Yaron'),
	(1399,'Yiftach Klein'),
	(1400,'Irit Sheleg'),
	(1401,'Chayim Sharir'),
	(1402,'Shane Black'),
	(1403,'Don Heck'),
	(1404,'Adi Granov'),
	(1405,'Gwyneth Paltrow'),
	(1406,'Don Cheadle'),
	(1407,'Pamela Katz'),
	(1408,'Margarethe von Trotta'),
	(1409,'Barbara Sukowa'),
	(1410,'Janet McTeer'),
	(1411,'Julia Jentsch'),
	(1412,'Axel Milberg'),
	(1413,'Kenneth Branagh'),
	(1414,'Richard Briers'),
	(1415,'Kate Beckinsale'),
	(1416,'Imelda Staunton'),
	(1417,'Jimmy Yuill'),
	(1418,'Aaron Guzikowski'),
	(1419,'Viola Davis'),
	(1420,'Maria Bello'),
	(1421,'Denis Villeneuve'),
	(1422,'Kathleen Hanna'),
	(1423,'Tammy Rae Carland'),
	(1424,'Kathryn Wilcox'),
	(1425,'Tobi Vail'),
	(1426,'Sini Anderson'),
	(1427,'Shane Carruth'),
	(1428,'Amy Seimetz'),
	(1429,'Andrew Sensenig'),
	(1430,'Thiago Martins'),
	(1431,'Joelle Touma'),
	(1432,'Ziad Doueiri'),
	(1433,'Yasmina Khadra'),
	(1434,'Ali Suliman'),
	(1435,'Reymonde Amsallem'),
	(1436,'Evgenia Dodena'),
	(1437,'Dvir Benedek'),
	(1438,'Kriss Schludermann'),
	(1439,'Tom Fletcher'),
	(1440,'Wiley Wiggins'),
	(1441,'Patrick Riester'),
	(1442,'Alice Lowe'),
	(1443,'Steve Oram'),
	(1444,'Eileen Davies'),
	(1445,'Roger Michael'),
	(1446,'Dmitry Vasyukov'),
	(1447,'Rudolph Herzog'),
	(1448,'Nikolay Nikiforovitch Siniaev'),
	(1449,'Gennady Soloviev'),
	(1450,'Anatoly Tarkovsky'),
	(1451,'Reed Albergotti'),
	(1452,'Betsy Andreu'),
	(1453,'Frankie Andreu'),
	(1454,'Lance Armstrong'),
	(1455,'Jonathan Levine'),
	(1456,'Isaac Marion'),
	(1457,'Teresa Palmer'),
	(1458,'Analeigh Tipton'),
	(1459,'Kelly Marcel'),
	(1460,'Sue Smith'),
	(1461,'Emma Thompson'),
	(1462,'Annie Rose Buckley'),
	(1463,'Colin Farrell'),
	(1464,'John Lee Hancock'),
	(1465,'Jean-Claude Carrière'),
	(1466,'Atiq Rahimi'),
	(1467,'Hamid Djavadan'),
	(1468,'Hassina Burgan'),
	(1469,'Massi Mrowat'),
	(1470,'Jorge Michel Grau'),
	(1471,'Kassie Wesley DePaiva'),
	(1472,'Laurent Rejto'),
	(1473,'Julia Garner'),
	(1474,'Ambyr Childers'),
	(1475,'Derek Cianfrance'),
	(1476,'Ben Coccio'),
	(1477,'Darius Marder'),
	(1478,'Ryan Gosling'),
	(1479,'Craig Van Hook'),
	(1480,'Eva Mendes'),
	(1481,'Olga Merediz'),
	(1482,'Frederick Wiseman'),
	(1483,'Petter Skavlan'),
	(1484,'Allan Scott'),
	(1485,'Pål Sverre Hagen'),
	(1486,'Anders Baasmo Christiansen'),
	(1487,'Tobias Santelmann'),
	(1488,'Gustaf Skarsgård'),
	(1489,'Joachim Rønning'),
	(1490,'Espen Sandberg'),
	(1491,'Itay Segal'),
	(1492,'Ohad Knoller'),
	(1493,'Oz Zehavi'),
	(1494,'Lior Ashkenazi'),
	(1495,'Orly Silbersatz Banai'),
	(1496,'Eytan Fox'),
	(1497,'David Riker'),
	(1498,'Jeremy Scahill'),
	(1499,'Nasser Al Aulaqi'),
	(1500,'Saleha Al Aulaqi'),
	(1501,'Muqbal Al Kazemi'),
	(1502,'Abdul Rahman Barman'),
	(1503,'Rick Rowley'),
	(1504,'Joe Swanberg'),
	(1505,'Jake Johnson'),
	(1506,'Anna Kendrick'),
	(1507,'Hafsteinn Gunnar Sigurðsson'),
	(1508,'Sveinn Ólafur Gunnarsson'),
	(1509,'Emile Hirsch'),
	(1510,'Lance LeGault'),
	(1511,'Joyce Payne'),
	(1512,'Joseph Gordon-Levitt'),
	(1513,'Tony Danza'),
	(1514,'Terence Winter'),
	(1515,'Jordan Belfort'),
	(1516,'Leonardo DiCaprio'),
	(1517,'Robin Swicord'),
	(1518,'Arthur Golden'),
	(1519,'Suzuka Ohgo'),
	(1520,'Togo Igawa'),
	(1521,'Mako'),
	(1522,'Samantha Futerman'),
	(1523,'Rob Marshall'),
	(1524,'Michael V. Gazzo'),
	(1525,'Alfred Hayes'),
	(1526,'Carl Foreman'),
	(1527,'Don Murray'),
	(1528,'Eva Marie Saint'),
	(1529,'Lloyd Nolan'),
	(1530,'Fred Zinnemann'),
	(1531,'Chris Terrio'),
	(1532,'Tony Mendez'),
	(1533,'Joshuah Bearman'),
	(1534,'Bryan Cranston'),
	(1535,'Alan Arkin'),
	(1536,'John Goodman'),
	(1537,'Neal Purvis'),
	(1538,'Robert Wade'),
	(1539,'John Logan'),
	(1540,'Daniel Craig'),
	(1541,'Javier Bardem'),
	(1542,'Sam Mendes'),
	(1543,'Roman Coppola'),
	(1544,'Bruce Willis'),
	(1545,'Edward Norton'),
	(1546,'Bill Murray'),
	(1547,'Frances McDormand'),
	(1548,'Rian Johnson'),
	(1549,'Emily Blunt'),
	(1550,'Paul Dano'),
	(1551,'Evan Jones'),
	(1552,'Kenneth Cook'),
	(1553,'Donald Pleasence'),
	(1554,'Gary Bond'),
	(1555,'Chips Rafferty'),
	(1556,'Sylvia Kay'),
	(1557,'Ted Kotcheff'),
	(1558,'David France'),
	(1559,'Todd Woody Richman'),
	(1560,'Tyler H. Walk'),
	(1561,'Ed Koch'),
	(1562,'David Barr'),
	(1563,'Bob Rafsky'),
	(1564,'Jim Eigo'),
	(1565,'Thomas Doret'),
	(1566,'Cécile De France'),
	(1567,'Jérémie Renier'),
	(1568,'Jafar Panahi'),
	(1569,'Mojtaba Mirtahmasb'),
	(1570,'Philippe Falardeau'),
	(1571,'Evelyne de la Chenelière'),
	(1572,'Mohamed Fellag'),
	(1573,'Sophie Nélisse'),
	(1574,'Émilien Néron'),
	(1575,'Marie-Ève Beauregard'),
	(1576,'Matthew Quick'),
	(1577,'Jacki Weaver'),
	(1578,'Michael Haneke'),
	(1579,'Jean-Louis Trintignant'),
	(1580,'Emmanuelle Riva'),
	(1581,'Alexandre Tharaud'),
	(1582,'Douglas Blush'),
	(1583,'Kori Cioca'),
	(1584,'Jessica Hinves'),
	(1585,'Drew Goddard'),
	(1586,'Kristen Connolly'),
	(1587,'Anna Hutchison'),
	(1588,'Fran Kranz'),
	(1589,'Mary Norton'),
	(1590,'Bridgit Mendler'),
	(1591,'David Henrie'),
	(1592,'Pierre Drieu La Rochelle'),
	(1593,'Joachim Trier'),
	(1594,'Eskil Vogt'),
	(1595,'Anders Danielsen Lie'),
	(1596,'Malin Crépin'),
	(1597,'Aksel Thanke'),
	(1598,'Hans Olav Brenner'),
	(1599,'Ben Lewin'),
	(1600,'Mark O\'Brien'),
	(1601,'John Hawkes'),
	(1602,'Helen Hunt'),
	(1603,'William H. Macy'),
	(1604,'Moon Bloodgood'),
	(1605,'Alison Klayman'),
	(1606,'Weiwei Ai'),
	(1607,'Dan Ai'),
	(1608,'Lao Ai'),
	(1609,'Lee Ambrozy'),
	(1610,'Jay Bulger'),
	(1611,'Bob Adcock'),
	(1612,'Tony Allen'),
	(1613,'Carmine Appice'),
	(1614,'Brian Auger'),
	(1615,'Terry Kohut'),
	(1616,'Gary Smith'),
	(1617,'Pat Kuehn'),
	(1618,'Jonathan Nolan'),
	(1619,'Christopher Nolan'),
	(1620,'David S. Goyer'),
	(1621,'Bob Kane'),
	(1622,'Tony Kushner'),
	(1623,'Doris Kearns Goodwin'),
	(1624,'Daniel Day-Lewis'),
	(1625,'Sally Field'),
	(1626,'David Strathairn'),
	(1627,'Mohamed Nasheed'),
	(1628,'Jon Shenk'),
	(1629,'Sean Byrne'),
	(1630,'Xavier Samuel'),
	(1631,'Robin McLeavy'),
	(1632,'Victoria Thaine'),
	(1633,'Jessica McNamee'),
	(1634,'Montrail \'Money\' Brown'),
	(1635,'O.C. Brown'),
	(1636,'Bill Courtney'),
	(1637,'Chavis Daniels'),
	(1638,'Daniel Lindsay'),
	(1639,'T.J. Martin'),
	(1640,'Amy Berg'),
	(1641,'Billy McMillin'),
	(1642,'Michael Baden'),
	(1643,'Jason Baldwin'),
	(1644,'Holly Ballard'),
	(1645,'Jamie Clark Ballard'),
	(1646,'Adam O\'Brian'),
	(1647,'Anna Ruben'),
	(1648,'Cathy Dresbach'),
	(1649,'Alan Teichman'),
	(1650,'Bart Layton'),
	(1651,'Bob Marley'),
	(1652,'Ziggy Marley'),
	(1653,'Jimmy Cliff'),
	(1654,'Lee \'Scratch\' Perry'),
	(1655,'James Balog'),
	(1656,'Svavar Jónatansson'),
	(1657,'Louie Psihoyos'),
	(1658,'Kitty Boone'),
	(1659,'Jeff Orlowski'),
	(1660,'Malik Bendjelloul'),
	(1661,'Stephen \'Sugar\' Segerman'),
	(1662,'Craig Bartholomew Strydom'),
	(1663,'Dennis Coffey'),
	(1664,'Mike Theodore'),
	(1665,'Dan DiMaggio'),
	(1666,'Lorraine Barrett'),
	(1667,'June Downs'),
	(1668,'Phillip Froehlich'),
	(1669,'Marissa Gaspay'),
	(1670,'Lauren Greenfield'),
	(1671,'Alexis'),
	(1672,'Rochelle Ballantyne'),
	(1673,'Pobo Efekoro'),
	(1674,'John Galvin'),
	(1675,'Katie Dellamaggiore'),
	(1676,'Quentin Tarantino'),
	(1677,'Jamie Foxx'),
	(1678,'Christoph Waltz'),
	(1679,'Kerry Washington'),
	(1680,'Antoine Jaccoud'),
	(1681,'Ursula Meier'),
	(1682,'Gilles Taurand'),
	(1683,'Kacey Mottet Klein'),
	(1684,'Martin Compston'),
	(1685,'Gillian Anderson'),
	(1686,'Linda Woolverton'),
	(1687,'Roger Allers'),
	(1688,'Brenda Chapman'),
	(1689,'Burny Mattinson'),
	(1690,'Brian Pimental'),
	(1691,'Joe Ranft'),
	(1692,'Kelly Asbury'),
	(1693,'Chris Sanders'),
	(1694,'Kevin Harkey'),
	(1695,'Bruce Woodside'),
	(1696,'Robert Lence'),
	(1697,'Robby Benson'),
	(1698,'Jesse Corti'),
	(1699,'Rex Everhart'),
	(1700,'Angela Lansbury'),
	(1701,'Gary Trousdale'),
	(1702,'Kirk Wise'),
	(1703,'Marina Abramovic'),
	(1704,'Ulay'),
	(1705,'Klaus Biesenbach'),
	(1706,'David Balliano'),
	(1707,'Matthew Akers'),
	(1708,'Jeff Dupre'),
	(1709,'Hirokazu Koreeda'),
	(1710,'Hiroshi Abe'),
	(1711,'Masami Nagasawa'),
	(1712,'Jô Odagiri'),
	(1713,'Yoshio Harada'),
	(1714,'Lisa Immordino Vreeland'),
	(1715,'Bent-Jorgen Perlmutt'),
	(1716,'Diana Vreeland'),
	(1717,'Richard Avedon'),
	(1718,'David Bailey'),
	(1719,'Lauren Bacall'),
	(1720,'Leos Carax'),
	(1721,'Denis Lavant'),
	(1722,'Edith Scob'),
	(1723,'Kylie Minogue'),
	(1724,'Eugene Jarecki'),
	(1725,'Christopher St. John'),
	(1726,'Nannie Jeter'),
	(1727,'Betty Chism'),
	(1728,'Dennis Whidbee'),
	(1729,'Yann Martel'),
	(1730,'David Magee'),
	(1731,'Suraj Sharma'),
	(1732,'Ayush Tandon'),
	(1733,'Gautam Belur'),
	(1734,'Ang Lee'),
	(1735,'Christian Petzold'),
	(1736,'Harun Farocki'),
	(1737,'Nina Hoss'),
	(1738,'Ronald Zehrfeld'),
	(1739,'Rainer Bock'),
	(1740,'Christina Hecke'),
	(1741,'Skip Hollandsworth'),
	(1742,'Jack Black'),
	(1743,'Shirley MacLaine'),
	(1744,'Brady Coleman'),
	(1745,'Ebru Ceylan'),
	(1746,'Nuri Bilge Ceylan'),
	(1747,'Ercan Kesal'),
	(1748,'Muhammet Uzuner'),
	(1749,'Yilmaz Erdogan'),
	(1750,'Taner Birsel'),
	(1751,'Ahmet Mümtaz Taylan'),
	(1752,'Aran Bell'),
	(1753,'Rebecca Houseknecht'),
	(1754,'Joan Sebastian Zamora'),
	(1755,'Miko Fogarty'),
	(1756,'Bess Kargman'),
	(1757,'Ken Burns'),
	(1758,'Sarah Burns'),
	(1759,'David McMahon'),
	(1760,'Antron McCray'),
	(1761,'Kevin Richardson'),
	(1762,'Yusef Salaam'),
	(1763,'Raymond Santana'),
	(1764,'Ulf Ryberg'),
	(1765,'Lars Gudmestad'),
	(1766,'Jo Nesbø'),
	(1767,'Aksel Hennie'),
	(1768,'Synnøve Macody Lund'),
	(1769,'Nikolaj Coster-Waldau'),
	(1770,'Eivind Sander'),
	(1771,'Aubrey Plaza'),
	(1772,'Lauren Carlos'),
	(1773,'Basil Harris'),
	(1774,'Mary Lynn Rajskub'),
	(1775,'Nadezhda Markina'),
	(1776,'Andrey Smirnov'),
	(1777,'Aleksey Rozin'),
	(1778,'Benoît Jacquot'),
	(1779,'Chantal Thomas'),
	(1780,'Diane Kruger'),
	(1781,'Virginie Ledoyen'),
	(1782,'Noémie Lvovsky'),
	(1783,'Gary Ross'),
	(1784,'Stanley Tucci'),
	(1785,'Wes Bentley'),
	(1786,'Willow Shields'),
	(1787,'Leonard Ripps'),
	(1788,'Tim Burton'),
	(1789,'John August'),
	(1790,'Catherine O\'Hara'),
	(1791,'Martin Short'),
	(1792,'Martin Landau'),
	(1793,'Charlie Tahan'),
	(1794,'Jannicke Systad Jacobsen'),
	(1795,'Olaug Nilssen'),
	(1796,'Helene Bergsholm'),
	(1797,'Malin Bjørhovde'),
	(1798,'Beate Støfring'),
	(1799,'Matias Myren'),
	(1800,'Christopher Kenneally'),
	(1801,'Derek Ambrosi'),
	(1802,'Michael Ballhaus'),
	(1803,'Andrzej Bartkowiak'),
	(1804,'Dion Beebe'),
	(1805,'Ann Dowd'),
	(1806,'Matt Servitto'),
	(1807,'Dreama Walker'),
	(1808,'Pat Healy'),
	(1809,'Price Carson'),
	(1810,'Mike Howard'),
	(1811,'Sarah Shoshana David'),
	(1812,'Chris Butler'),
	(1813,'Tucker Albrizzi'),
	(1814,'Casey Affleck'),
	(1815,'Sam Fell'),
	(1816,'Joseph Cedar'),
	(1817,'Shlomo Bar-Aba'),
	(1818,'Aliza Rosen'),
	(1819,'Alma Zack'),
	(1820,'Lucy Alibar'),
	(1821,'Benh Zeitlin'),
	(1822,'Quvenzhané Wallis'),
	(1823,'Levy Easterly'),
	(1824,'Lowell Landes'),
	(1825,'Dave Franco'),
	(1826,'Nicholas Jarecki'),
	(1827,'Richard Gere'),
	(1828,'Susan Sarandon'),
	(1829,'Tim Roth'),
	(1830,'Brit Marling'),
	(1831,'Bodil Steensen-Leth'),
	(1832,'Rasmus Heisterberg'),
	(1833,'Nikolaj Arcel'),
	(1834,'Mikkel Boe Følsgaard'),
	(1835,'Trine Dyrholm'),
	(1836,'Rich Moore'),
	(1837,'Phil Johnston'),
	(1838,'Jim Reardon'),
	(1839,'John C. Reilly'),
	(1840,'Sam Levine'),
	(1841,'Jared Stern'),
	(1842,'Sarah Silverman'),
	(1843,'Jack McBrayer'),
	(1844,'Jane Lynch'),
	(1845,'Thure Lindhardt'),
	(1846,'Zachary Booth'),
	(1847,'Marilyn Neimark'),
	(1848,'Paprika Steen'),
	(1849,'Robert Marshall'),
	(1850,'David F. Shamoon'),
	(1851,'Robert Wieckiewicz'),
	(1852,'Benno Fürmann'),
	(1853,'Agnieszka Grochowska'),
	(1854,'Maria Schrader'),
	(1855,'Agnieszka Holland'),
	(1856,'Gideon Defoe'),
	(1857,'Hugh Grant'),
	(1858,'Martin Freeman'),
	(1859,'David Tennant'),
	(1860,'Peter Lord'),
	(1861,'Jeff Newitt'),
	(1862,'David Ayer'),
	(1863,'Michael Peña'),
	(1864,'Natalie Martinez'),
	(1865,'Max Landis'),
	(1866,'Josh Trank'),
	(1867,'Dane DeHaan'),
	(1868,'Alex Russell'),
	(1869,'Michael Kelly'),
	(1870,'Stephen Chbosky'),
	(1871,'Logan Lerman'),
	(1872,'Dylan McDermott'),
	(1873,'Kate Walsh'),
	(1874,'Patrick de Ledebur'),
	(1875,'Frank Langella'),
	(1876,'James Marsden'),
	(1877,'Liv Tyler'),
	(1878,'Jake Schreier'),
	(1879,'Martin McDonagh'),
	(1880,'Michael Pitt'),
	(1881,'Michael Stuhlbarg'),
	(1882,'Sam Rockwell'),
	(1883,'Gareth Evans'),
	(1884,'Iko Uwais'),
	(1885,'Joe Taslim'),
	(1886,'Donny Alamsyah'),
	(1887,'Yayan Ruhian'),
	(1888,'Neil Young'),
	(1889,'Jonathan Demme'),
	(1890,'Maïwenn'),
	(1891,'Emmanuelle Bercot'),
	(1892,'Karin Viard'),
	(1893,'Joey Starr'),
	(1894,'Marina Foïs'),
	(1895,'Nicolas Duvauchelle'),
	(1896,'László Krasznahorkai'),
	(1897,'Béla Tarr'),
	(1898,'János Derzsi'),
	(1899,'Erika Bók'),
	(1900,'Mihály Kormos'),
	(1901,'Lajos Kovács'),
	(1902,'Ágnes Hranitzky'),
	(1903,'Dree Hemingway'),
	(1904,'Boonee'),
	(1905,'Stella Maeve'),
	(1906,'Sheri Vecchio'),
	(1907,'Michael Varhol'),
	(1908,'Christopher Guest'),
	(1909,'Michael McKean'),
	(1910,'Emily Longstreth'),
	(1911,'J.T. Walsh'),
	(1912,'Jennifer Jason Leigh'),
	(1913,'Gerardo Naranjo'),
	(1914,'Mauricio Katz'),
	(1915,'Stephanie Sigman'),
	(1916,'Juan Carlos Galván'),
	(1917,'Noé Hernández'),
	(1918,'Irene Azuela'),
	(1919,'Miguel Gomes'),
	(1920,'Mariana Ricardo'),
	(1921,'Telmo Churro'),
	(1922,'Hortêncílio Aquina'),
	(1923,'Américo Mota'),
	(1924,'Jim Schutze'),
	(1925,'David McKenna'),
	(1926,'Roger Pullis'),
	(1927,'Brad Renfro'),
	(1928,'Bijou Phillips'),
	(1929,'Rachel Miner'),
	(1930,'Nick Stahl'),
	(1931,'Larry Clark'),
	(1932,'Michelle Morgan'),
	(1933,'Eva Amurri Martino'),
	(1934,'Willa Holland'),
	(1935,'John Stockwell'),
	(1936,'James Rolleston'),
	(1937,'Te Aho Eketone-Whitu'),
	(1938,'Moerangi Tihore'),
	(1939,'Ibolya Fekete'),
	(1940,'Sasa Anocic'),
	(1941,'Gyula Bodrogi'),
	(1942,'András Fésös'),
	(1943,'Sergio Hernández'),
	(1944,'Susan Burke'),
	(1945,'Mary Elizabeth Winstead'),
	(1946,'Aaron Paul'),
	(1947,'Megan Mullally'),
	(1948,'Valérie Donzelli'),
	(1949,'Jérémie Elkaïm'),
	(1950,'César Desseix'),
	(1951,'Gabriel Elkaïm'),
	(1952,'Daniel Espinosa'),
	(1953,'Jens Lapidus'),
	(1954,'Fredrik Wikström'),
	(1955,'Maria Karlsson'),
	(1956,'Hassan Loo Sattarvandi'),
	(1957,'Joel Kinnaman'),
	(1958,'Matias Varela'),
	(1959,'Dragomir Mrsic'),
	(1960,'Lisa Henni'),
	(1961,'Reid Carolin'),
	(1962,'Olivia Munn'),
	(1963,'Alex Pettyfer'),
	(1964,'Mike Birbiglia'),
	(1965,'Ira Glass'),
	(1966,'Joe Birbiglia'),
	(1967,'Lauren Ambrose'),
	(1968,'James Rebhorn'),
	(1969,'Carol Kane'),
	(1970,'Lem Dobbs'),
	(1971,'Gina Carano'),
	(1972,'Debby Lynn Ross'),
	(1973,'Mark Andrews'),
	(1974,'Steve Purcell'),
	(1975,'Irene Mecchi'),
	(1976,'Kelly Macdonald'),
	(1977,'Billy Connolly'),
	(1978,'Julie Walters'),
	(1979,'Joshua Marston'),
	(1980,'Andamion Murataj'),
	(1981,'Tristan Halilaj'),
	(1982,'Refet Abazi'),
	(1983,'Zana Hasaj'),
	(1984,'Erjon Mani'),
	(1985,'Kay Cannon'),
	(1986,'Mickey Rapkin'),
	(1987,'Skylar Astin'),
	(1988,'Ben Platt'),
	(1989,'Brittany Snow'),
	(1990,'Jason Moore'),
	(1991,'Joe Carnahan'),
	(1992,'Ian Mackenzie Jeffers'),
	(1993,'Frank Grillo'),
	(1994,'Dermot Mulroney'),
	(1995,'Dallas Roberts'),
	(1996,'Steve Kloves'),
	(1997,'J.K. Rowling'),
	(1998,'Michael Gambon'),
	(1999,'Alan Rickman'),
	(2000,'Daniel Radcliffe'),
	(2001,'David Yates'),
	(2002,'Michel Hazanavicius'),
	(2003,'Jean Dujardin'),
	(2004,'Peyman Moaadi'),
	(2005,'Leila Hatami'),
	(2006,'Sareh Bayat'),
	(2007,'Nicholas Stoller'),
	(2008,'Chris Cooper'),
	(2009,'Rashida Jones'),
	(2010,'James Bobin'),
	(2011,'Aaron Sorkin'),
	(2012,'Stan Chervin'),
	(2013,'Michael Lewis'),
	(2014,'Brad Pitt'),
	(2015,'Robin Wright'),
	(2016,'Elizabeth Hess'),
	(2017,'Nim Chimpsky'),
	(2018,'Stephanie LaFarge'),
	(2019,'Herbert Terrace'),
	(2020,'Wer LaFarge'),
	(2021,'Chang-dong Lee'),
	(2022,'Jeong-hie Yun'),
	(2023,'Da-wit Lee'),
	(2024,'Hira Kim'),
	(2025,'Nae-sang Ahn'),
	(2026,'Alex Kotlowitz'),
	(2027,'Tio Hardiman'),
	(2028,'Ameena Matthews'),
	(2029,'Toya Batey'),
	(2030,'Cobe Williams'),
	(2031,'Aki Kaurismäki'),
	(2032,'André Wilms'),
	(2033,'Kati Outinen'),
	(2034,'Jean-Pierre Darroussin'),
	(2035,'Blondin Miguel'),
	(2036,'Lev Anderson'),
	(2037,'Chris Metzler'),
	(2038,'Norwood Fisher'),
	(2039,'Angelo Moore'),
	(2040,'Chris Dowd'),
	(2041,'Walter A. Kibby II'),
	(2042,'Patricio Guzmán'),
	(2043,'Gaspar Galaz'),
	(2044,'Lautaro Núñez'),
	(2045,'Luís Henríquez'),
	(2046,'Miguel Lawner'),
	(2047,'Ed Wolf'),
	(2048,'Daniel Goldstein'),
	(2049,'Guy Clark'),
	(2050,'Eileen Glutzer'),
	(2051,'David Weissman'),
	(2052,'Bill Weber'),
	(2053,'Bill Cunningham'),
	(2054,'Editta Sherman'),
	(2055,'Patrick McDonald'),
	(2056,'Howard Koda'),
	(2057,'Richard Press'),
	(2058,'Hossein Amini'),
	(2059,'James Sallis'),
	(2060,'Albert Brooks'),
	(2061,'Nicolas Winding Refn'),
	(2062,'Brian Selznick'),
	(2063,'Sacha Baron Cohen'),
	(2064,'Asa Butterfield'),
	(2065,'Brad Bird'),
	(2066,'Paula Patton'),
	(2067,'Anthony Giacchino'),
	(2068,'Jean Clottes'),
	(2069,'Julien Monney'),
	(2070,'Jean-Michel Geneste');

/*!40000 ALTER TABLE `movies_person` ENABLE KEYS */;
UNLOCK TABLES;


# Dump of table movies_writer
# ------------------------------------------------------------

DROP TABLE IF EXISTS `movies_writer`;

CREATE TABLE `movies_writer` (
  `id` int(11) NOT NULL AUTO_INCREMENT,
  `person_id` int(11) NOT NULL,
  PRIMARY KEY (`id`),
  KEY `movies_writer_a8452ca7` (`person_id`),
  CONSTRAINT `movies_writer_person_id_7e78d85c3b26e695_fk_movies_person_id` FOREIGN KEY (`person_id`) REFERENCES `movies_person` (`id`)
) ENGINE=InnoDB DEFAULT CHARSET=utf8;

LOCK TABLES `movies_writer` WRITE;
/*!40000 ALTER TABLE `movies_writer` DISABLE KEYS */;

INSERT INTO `movies_writer` (`id`, `person_id`)
VALUES
	(1,1),
	(2,6),
	(46,11),
	(3,12),
	(4,13),
	(5,14),
	(6,15),
	(7,16),
	(8,17),
	(47,22),
	(48,23),
	(9,24),
	(10,29),
	(487,32),
	(11,35),
	(12,40),
	(13,45),
	(14,50),
	(15,51),
	(16,61),
	(17,67),
	(18,68),
	(19,73),
	(20,74),
	(21,75),
	(22,76),
	(52,81),
	(250,82),
	(23,87),
	(24,88),
	(25,89),
	(26,90),
	(27,95),
	(28,96),
	(29,97),
	(30,98),
	(31,104),
	(32,105),
	(33,110),
	(34,111),
	(228,116),
	(35,117),
	(36,122),
	(37,123),
	(38,124),
	(39,125),
	(40,126),
	(41,127),
	(42,133),
	(43,134),
	(44,139),
	(45,140),
	(49,146),
	(50,147),
	(51,148),
	(53,149),
	(54,150),
	(55,151),
	(56,152),
	(57,153),
	(58,154),
	(59,155),
	(60,156),
	(61,157),
	(62,158),
	(63,163),
	(64,164),
	(65,165),
	(66,166),
	(67,167),
	(68,168),
	(69,171),
	(70,176),
	(71,186),
	(72,187),
	(73,188),
	(74,193),
	(75,194),
	(76,195),
	(77,200),
	(78,201),
	(79,206),
	(80,211),
	(81,212),
	(82,215),
	(83,221),
	(84,226),
	(85,227),
	(86,228),
	(87,233),
	(88,234),
	(89,239),
	(90,240),
	(91,241),
	(92,244),
	(93,249),
	(94,250),
	(95,252),
	(96,253),
	(97,259),
	(98,260),
	(99,265),
	(100,269),
	(101,270),
	(102,274),
	(103,279),
	(104,280),
	(105,285),
	(106,286),
	(107,287),
	(108,288),
	(109,294),
	(110,295),
	(669,299),
	(643,300),
	(111,301),
	(112,302),
	(113,303),
	(114,308),
	(115,316),
	(116,317),
	(117,321),
	(118,322),
	(119,328),
	(120,339),
	(121,340),
	(122,341),
	(123,346),
	(124,347),
	(125,352),
	(535,353),
	(126,356),
	(127,361),
	(128,366),
	(129,367),
	(130,368),
	(131,373),
	(132,378),
	(133,379),
	(134,380),
	(135,381),
	(136,382),
	(137,383),
	(138,384),
	(139,385),
	(140,386),
	(141,394),
	(142,399),
	(143,400),
	(144,406),
	(145,407),
	(146,412),
	(147,417),
	(148,421),
	(149,426),
	(150,427),
	(151,431),
	(152,432),
	(153,433),
	(154,434),
	(155,435),
	(156,440),
	(157,446),
	(158,451),
	(159,452),
	(411,457),
	(160,464),
	(161,470),
	(162,471),
	(163,472),
	(164,473),
	(165,474),
	(166,475),
	(167,476),
	(168,486),
	(169,487),
	(170,488),
	(171,489),
	(172,494),
	(173,495),
	(174,496),
	(362,497),
	(175,501),
	(176,502),
	(177,503),
	(178,508),
	(179,513),
	(180,519),
	(181,520),
	(655,521),
	(182,525),
	(671,528),
	(183,531),
	(184,536),
	(185,541),
	(186,542),
	(187,547),
	(188,548),
	(189,549),
	(190,554),
	(191,559),
	(192,563),
	(193,568),
	(194,571),
	(195,572),
	(196,577),
	(197,578),
	(198,579),
	(199,585),
	(200,589),
	(201,590),
	(202,591),
	(203,592),
	(204,597),
	(205,598),
	(206,603),
	(207,604),
	(208,605),
	(209,606),
	(210,612),
	(211,613),
	(212,618),
	(213,619),
	(214,620),
	(215,624),
	(216,625),
	(217,626),
	(218,627),
	(219,632),
	(220,637),
	(221,638),
	(602,642),
	(222,643),
	(223,644),
	(224,649),
	(225,653),
	(226,657),
	(227,662),
	(229,666),
	(230,667),
	(231,668),
	(232,669),
	(233,670),
	(234,676),
	(235,677),
	(236,678),
	(237,683),
	(238,684),
	(239,690),
	(240,695),
	(241,696),
	(242,700),
	(243,701),
	(244,702),
	(475,704),
	(245,706),
	(246,707),
	(247,712),
	(248,713),
	(249,719),
	(251,726),
	(252,732),
	(253,733),
	(254,734),
	(255,735),
	(256,736),
	(257,737),
	(258,738),
	(259,750),
	(260,751),
	(261,756),
	(262,761),
	(263,765),
	(264,766),
	(265,770),
	(266,774),
	(267,775),
	(268,780),
	(269,781),
	(270,782),
	(271,788),
	(272,793),
	(273,794),
	(274,795),
	(275,796),
	(276,801),
	(277,806),
	(278,807),
	(279,808),
	(280,809),
	(281,810),
	(282,817),
	(283,818),
	(284,819),
	(285,821),
	(286,822),
	(287,827),
	(288,832),
	(289,833),
	(290,837),
	(291,838),
	(292,839),
	(293,843),
	(294,844),
	(295,845),
	(296,846),
	(297,847),
	(298,848),
	(299,851),
	(300,854),
	(301,855),
	(302,858),
	(303,859),
	(304,866),
	(305,870),
	(306,876),
	(307,877),
	(308,879),
	(309,880),
	(310,884),
	(311,885),
	(312,891),
	(313,892),
	(507,897),
	(314,898),
	(315,899),
	(316,900),
	(317,901),
	(318,902),
	(319,903),
	(320,908),
	(321,909),
	(322,910),
	(323,911),
	(324,916),
	(325,922),
	(326,926),
	(327,927),
	(328,933),
	(329,934),
	(330,935),
	(331,936),
	(332,937),
	(333,942),
	(334,943),
	(335,944),
	(336,945),
	(337,951),
	(338,952),
	(339,957),
	(340,962),
	(341,968),
	(342,969),
	(343,970),
	(344,975),
	(345,979),
	(346,980),
	(347,981),
	(348,986),
	(349,989),
	(350,994),
	(351,999),
	(352,1005),
	(353,1006),
	(354,1007),
	(355,1008),
	(356,1009),
	(357,1014),
	(358,1015),
	(359,1020),
	(360,1021),
	(361,1026),
	(363,1027),
	(364,1030),
	(365,1035),
	(366,1038),
	(367,1039),
	(368,1042),
	(369,1046),
	(370,1047),
	(371,1050),
	(372,1054),
	(373,1055),
	(374,1058),
	(375,1063),
	(376,1064),
	(377,1065),
	(378,1070),
	(379,1075),
	(380,1076),
	(381,1077),
	(382,1078),
	(383,1079),
	(384,1090),
	(385,1096),
	(386,1112),
	(387,1113),
	(388,1118),
	(389,1124),
	(390,1125),
	(391,1136),
	(392,1146),
	(393,1147),
	(394,1151),
	(395,1152),
	(396,1153),
	(397,1158),
	(398,1162),
	(399,1163),
	(400,1164),
	(401,1167),
	(402,1168),
	(403,1172),
	(404,1177),
	(405,1178),
	(406,1179),
	(407,1189),
	(408,1190),
	(409,1191),
	(410,1196),
	(412,1211),
	(413,1212),
	(414,1217),
	(415,1218),
	(416,1219),
	(417,1220),
	(418,1221),
	(419,1226),
	(420,1227),
	(421,1233),
	(422,1238),
	(423,1239),
	(424,1240),
	(425,1241),
	(426,1246),
	(427,1256),
	(428,1257),
	(429,1258),
	(430,1259),
	(431,1263),
	(432,1267),
	(433,1268),
	(434,1269),
	(435,1270),
	(436,1273),
	(437,1274),
	(438,1280),
	(439,1281),
	(440,1282),
	(441,1296),
	(442,1301),
	(443,1302),
	(444,1303),
	(445,1304),
	(446,1310),
	(447,1311),
	(448,1316),
	(449,1321),
	(450,1322),
	(451,1323),
	(452,1332),
	(453,1337),
	(454,1338),
	(455,1344),
	(456,1345),
	(457,1350),
	(458,1351),
	(459,1352),
	(460,1368),
	(461,1369),
	(462,1373),
	(463,1374),
	(464,1378),
	(465,1379),
	(466,1380),
	(467,1382),
	(468,1383),
	(469,1384),
	(470,1388),
	(471,1392),
	(472,1397),
	(473,1402),
	(474,1403),
	(476,1404),
	(477,1407),
	(478,1408),
	(479,1413),
	(480,1418),
	(481,1427),
	(482,1431),
	(483,1432),
	(484,1433),
	(485,1442),
	(486,1443),
	(488,1446),
	(489,1447),
	(490,1455),
	(491,1456),
	(492,1459),
	(493,1460),
	(494,1465),
	(495,1466),
	(496,1470),
	(497,1475),
	(498,1476),
	(499,1477),
	(500,1483),
	(501,1484),
	(502,1491),
	(503,1497),
	(504,1498),
	(505,1504),
	(506,1507),
	(508,1508),
	(509,1512),
	(510,1514),
	(511,1515),
	(512,1517),
	(513,1518),
	(514,1524),
	(515,1525),
	(516,1526),
	(517,1531),
	(518,1532),
	(519,1533),
	(520,1537),
	(521,1538),
	(522,1539),
	(523,1543),
	(524,1548),
	(525,1551),
	(526,1552),
	(527,1558),
	(528,1559),
	(529,1560),
	(530,1568),
	(531,1570),
	(532,1571),
	(533,1576),
	(534,1578),
	(536,1582),
	(537,1585),
	(538,1589),
	(539,1592),
	(540,1593),
	(541,1594),
	(542,1599),
	(543,1600),
	(544,1605),
	(545,1610),
	(546,1618),
	(547,1619),
	(548,1620),
	(549,1621),
	(550,1622),
	(551,1623),
	(552,1629),
	(553,1640),
	(554,1641),
	(555,1660),
	(556,1661),
	(557,1662),
	(558,1676),
	(559,1680),
	(560,1681),
	(561,1682),
	(562,1686),
	(563,1687),
	(564,1688),
	(565,1689),
	(566,1690),
	(567,1691),
	(568,1692),
	(569,1693),
	(570,1694),
	(571,1695),
	(572,1696),
	(573,1709),
	(574,1714),
	(575,1715),
	(576,1720),
	(577,1724),
	(578,1725),
	(579,1729),
	(580,1730),
	(581,1735),
	(582,1736),
	(583,1741),
	(584,1745),
	(585,1746),
	(586,1747),
	(587,1757),
	(588,1758),
	(589,1759),
	(590,1764),
	(591,1765),
	(592,1766),
	(593,1778),
	(594,1779),
	(595,1783),
	(596,1787),
	(597,1788),
	(598,1789),
	(599,1794),
	(600,1795),
	(601,1800),
	(603,1812),
	(604,1816),
	(605,1820),
	(606,1821),
	(607,1826),
	(608,1831),
	(609,1832),
	(610,1833),
	(611,1836),
	(612,1837),
	(613,1838),
	(614,1839),
	(615,1840),
	(616,1841),
	(617,1849),
	(618,1850),
	(619,1856),
	(620,1862),
	(621,1865),
	(622,1866),
	(623,1870),
	(624,1879),
	(625,1883),
	(626,1890),
	(627,1891),
	(628,1896),
	(629,1897),
	(630,1907),
	(631,1908),
	(632,1909),
	(633,1913),
	(634,1914),
	(635,1919),
	(636,1920),
	(637,1924),
	(638,1925),
	(639,1926),
	(640,1932),
	(641,1939),
	(642,1944),
	(644,1948),
	(645,1949),
	(646,1952),
	(647,1953),
	(648,1954),
	(649,1955),
	(650,1956),
	(651,1961),
	(652,1964),
	(653,1965),
	(654,1966),
	(656,1970),
	(657,1973),
	(658,1974),
	(659,1975),
	(660,1979),
	(661,1980),
	(662,1985),
	(663,1986),
	(664,1991),
	(665,1992),
	(666,1996),
	(667,1997),
	(668,2002),
	(670,2007),
	(672,2011),
	(673,2012),
	(674,2013),
	(675,2016),
	(676,2021),
	(677,2026),
	(678,2031),
	(679,2036),
	(680,2037),
	(681,2042),
	(682,2058),
	(683,2059),
	(684,2062);

/*!40000 ALTER TABLE `movies_writer` ENABLE KEYS */;
UNLOCK TABLES;


# Dump of table pages_adcarouselitem
# ------------------------------------------------------------

DROP TABLE IF EXISTS `pages_adcarouselitem`;

CREATE TABLE `pages_adcarouselitem` (
  `id` int(11) NOT NULL AUTO_INCREMENT,
  `start_date` datetime(6) DEFAULT NULL,
  `end_date` datetime(6) DEFAULT NULL,
  `link_id` int(10) unsigned DEFAULT NULL,
  `image` varchar(100) NOT NULL,
  `link_type_id` int(11) DEFAULT NULL,
  `carousel_id` int(11) NOT NULL,
  PRIMARY KEY (`id`),
  KEY `pages_ad_link_type_id_75e8af6a1be73ae5_fk_django_content_type_id` (`link_type_id`),
  KEY `pages_adcarouselitem_22e591b6` (`carousel_id`),
  CONSTRAINT `D2d79a14e438516ca4303a8d4abe1f84` FOREIGN KEY (`carousel_id`) REFERENCES `pages_adcarouselwidget` (`widget_ptr_id`),
  CONSTRAINT `pages_ad_link_type_id_75e8af6a1be73ae5_fk_django_content_type_id` FOREIGN KEY (`link_type_id`) REFERENCES `django_content_type` (`id`)
) ENGINE=InnoDB DEFAULT CHARSET=utf8;



# Dump of table pages_adcarouselwidget
# ------------------------------------------------------------

DROP TABLE IF EXISTS `pages_adcarouselwidget`;

CREATE TABLE `pages_adcarouselwidget` (
  `widget_ptr_id` int(11) NOT NULL,
  PRIMARY KEY (`widget_ptr_id`),
  CONSTRAINT `pages_adcarous_widget_ptr_id_5a21441ff8e6561d_fk_pages_widget_id` FOREIGN KEY (`widget_ptr_id`) REFERENCES `pages_widget` (`id`)
) ENGINE=InnoDB DEFAULT CHARSET=utf8;



# Dump of table pages_adgroupitem
# ------------------------------------------------------------

DROP TABLE IF EXISTS `pages_adgroupitem`;

CREATE TABLE `pages_adgroupitem` (
  `id` int(11) NOT NULL AUTO_INCREMENT,
  `start_date` datetime(6) DEFAULT NULL,
  `end_date` datetime(6) DEFAULT NULL,
  `link_id` int(10) unsigned DEFAULT NULL,
  `image` varchar(100) NOT NULL,
  `link_type_id` int(11) DEFAULT NULL,
  `group_widget_id` int(11) NOT NULL,
  PRIMARY KEY (`id`),
  KEY `pages_ad_link_type_id_52cc1ab0178be34d_fk_django_content_type_id` (`link_type_id`),
  KEY `pages_adgroupitem_f89fc714` (`group_widget_id`),
  CONSTRAINT `ac682473d22adcf27630c2758facea2b` FOREIGN KEY (`group_widget_id`) REFERENCES `pages_adgroupwidget` (`widget_ptr_id`),
  CONSTRAINT `pages_ad_link_type_id_52cc1ab0178be34d_fk_django_content_type_id` FOREIGN KEY (`link_type_id`) REFERENCES `django_content_type` (`id`)
) ENGINE=InnoDB DEFAULT CHARSET=utf8;



# Dump of table pages_adgroupwidget
# ------------------------------------------------------------

DROP TABLE IF EXISTS `pages_adgroupwidget`;

CREATE TABLE `pages_adgroupwidget` (
  `widget_ptr_id` int(11) NOT NULL,
  PRIMARY KEY (`widget_ptr_id`),
  CONSTRAINT `pages_adgroupw_widget_ptr_id_266c128d90e8dba5_fk_pages_widget_id` FOREIGN KEY (`widget_ptr_id`) REFERENCES `pages_widget` (`id`)
) ENGINE=InnoDB DEFAULT CHARSET=utf8;



# Dump of table pages_bannerwidget
# ------------------------------------------------------------

DROP TABLE IF EXISTS `pages_bannerwidget`;

CREATE TABLE `pages_bannerwidget` (
  `widget_ptr_id` int(11) NOT NULL,
  `link_id` int(10) unsigned DEFAULT NULL,
  `image` varchar(100) NOT NULL,
  `link_type_id` int(11) DEFAULT NULL,
  PRIMARY KEY (`widget_ptr_id`),
  KEY `pages_ba_link_type_id_3d2e4e62adc26a53_fk_django_content_type_id` (`link_type_id`),
  CONSTRAINT `pages_ba_link_type_id_3d2e4e62adc26a53_fk_django_content_type_id` FOREIGN KEY (`link_type_id`) REFERENCES `django_content_type` (`id`),
  CONSTRAINT `pages_bannerwi_widget_ptr_id_513a3975ac35a6a8_fk_pages_widget_id` FOREIGN KEY (`widget_ptr_id`) REFERENCES `pages_widget` (`id`)
) ENGINE=InnoDB DEFAULT CHARSET=utf8;



# Dump of table pages_moviefocuswidget
# ------------------------------------------------------------

DROP TABLE IF EXISTS `pages_moviefocuswidget`;

CREATE TABLE `pages_moviefocuswidget` (
  `widget_ptr_id` int(11) NOT NULL,
  `movie_id` int(11) DEFAULT NULL,
  PRIMARY KEY (`widget_ptr_id`),
  KEY `pages_moviefocuswid_movie_id_4637df341526833e_fk_movies_movie_id` (`movie_id`),
  CONSTRAINT `pages_moviefoc_widget_ptr_id_72db715e961e7d7e_fk_pages_widget_id` FOREIGN KEY (`widget_ptr_id`) REFERENCES `pages_widget` (`id`),
  CONSTRAINT `pages_moviefocuswid_movie_id_4637df341526833e_fk_movies_movie_id` FOREIGN KEY (`movie_id`) REFERENCES `movies_movie` (`id`)
) ENGINE=InnoDB DEFAULT CHARSET=utf8;



# Dump of table pages_movieswidget
# ------------------------------------------------------------

DROP TABLE IF EXISTS `pages_movieswidget`;

CREATE TABLE `pages_movieswidget` (
  `widget_ptr_id` int(11) NOT NULL,
  `limit` int(10) unsigned DEFAULT NULL,
  `display_type` varchar(100) DEFAULT NULL,
  `new_releases` tinyint(1) NOT NULL,
  `new_releases_window` int(11) DEFAULT NULL,
  `source_actor_id` int(11) DEFAULT NULL,
  `source_director_id` int(11) DEFAULT NULL,
  `source_genre_id` int(11) DEFAULT NULL,
  `source_writer_id` int(11) DEFAULT NULL,
  `source_year` varchar(4),
  PRIMARY KEY (`widget_ptr_id`),
  KEY `pages_moviesw_source_actor_id_263314398f65471_fk_movies_actor_id` (`source_actor_id`),
  KEY `pages__source_director_id_12acea4ef50b7ac1_fk_movies_director_id` (`source_director_id`),
  KEY `pages_movies_source_genre_id_2664d60a885130d5_fk_movies_genre_id` (`source_genre_id`),
  KEY `pages_movi_source_writer_id_63a9d7b4fbf0cbc6_fk_movies_writer_id` (`source_writer_id`),
  CONSTRAINT `pages__source_director_id_12acea4ef50b7ac1_fk_movies_director_id` FOREIGN KEY (`source_director_id`) REFERENCES `movies_director` (`id`),
  CONSTRAINT `pages_movi_source_writer_id_63a9d7b4fbf0cbc6_fk_movies_writer_id` FOREIGN KEY (`source_writer_id`) REFERENCES `movies_writer` (`id`),
  CONSTRAINT `pages_movies_source_genre_id_2664d60a885130d5_fk_movies_genre_id` FOREIGN KEY (`source_genre_id`) REFERENCES `movies_genre` (`id`),
  CONSTRAINT `pages_moviesw_source_actor_id_263314398f65471_fk_movies_actor_id` FOREIGN KEY (`source_actor_id`) REFERENCES `movies_actor` (`id`),
  CONSTRAINT `pages_movieswid_widget_ptr_id_6ea54f9924865d5_fk_pages_widget_id` FOREIGN KEY (`widget_ptr_id`) REFERENCES `pages_widget` (`id`)
) ENGINE=InnoDB DEFAULT CHARSET=utf8;

LOCK TABLES `pages_movieswidget` WRITE;
/*!40000 ALTER TABLE `pages_movieswidget` DISABLE KEYS */;

INSERT INTO `pages_movieswidget` (`widget_ptr_id`, `limit`, `display_type`, `new_releases`, `new_releases_window`, `source_actor_id`, `source_director_id`, `source_genre_id`, `source_writer_id`, `source_year`)
VALUES
	(1,10,'row_focus',1,NULL,NULL,NULL,NULL,NULL,''),
	(2,10,'gallery',0,NULL,NULL,NULL,6,NULL,''),
	(3,NULL,'gallery',1,NULL,NULL,NULL,NULL,NULL,''),
	(4,12,'gallery',1,NULL,NULL,NULL,1,NULL,''),
	(5,NULL,'row_focus',0,NULL,NULL,NULL,NULL,NULL,'2011');

/*!40000 ALTER TABLE `pages_movieswidget` ENABLE KEYS */;
UNLOCK TABLES;


# Dump of table pages_page
# ------------------------------------------------------------

DROP TABLE IF EXISTS `pages_page`;

CREATE TABLE `pages_page` (
  `id` int(11) NOT NULL AUTO_INCREMENT,
  `name` varchar(255) NOT NULL,
  `slug` varchar(50) DEFAULT NULL,
  `created` datetime(6) NOT NULL,
  `last_modified` datetime(6) NOT NULL,
  `draft` tinyint(1) NOT NULL,
  PRIMARY KEY (`id`),
  KEY `pages_page_2dbcba41` (`slug`)
) ENGINE=InnoDB DEFAULT CHARSET=utf8;

LOCK TABLES `pages_page` WRITE;
/*!40000 ALTER TABLE `pages_page` DISABLE KEYS */;

INSERT INTO `pages_page` (`id`, `name`, `slug`, `created`, `last_modified`, `draft`)
VALUES
	(1,'Featured','featured','2015-09-03 19:33:04.088971','2015-09-06 19:11:44.101739',0),
	(2,'All','all','2015-09-04 04:03:46.822195','2015-09-04 04:27:33.101930',0);

/*!40000 ALTER TABLE `pages_page` ENABLE KEYS */;
UNLOCK TABLES;


# Dump of table pages_pagetowidget
# ------------------------------------------------------------

DROP TABLE IF EXISTS `pages_pagetowidget`;

CREATE TABLE `pages_pagetowidget` (
  `id` int(11) NOT NULL AUTO_INCREMENT,
  `page_id` int(11) NOT NULL,
  `widget_id` int(11) NOT NULL,
  PRIMARY KEY (`id`),
  UNIQUE KEY `pages_pagetowidget_page_id_14155e13d4a0c216_uniq` (`page_id`,`widget_id`),
  KEY `pages_pagetowidget_ecb198b3` (`widget_id`),
  CONSTRAINT `pages_pagetowidget_page_id_6bc3539b5fba9054_fk_pages_page_id` FOREIGN KEY (`page_id`) REFERENCES `pages_page` (`id`),
  CONSTRAINT `pages_pagetowidget_widget_id_20ced6e8e03347d1_fk_pages_widget_id` FOREIGN KEY (`widget_id`) REFERENCES `pages_widget` (`id`)
) ENGINE=InnoDB DEFAULT CHARSET=utf8;

LOCK TABLES `pages_pagetowidget` WRITE;
/*!40000 ALTER TABLE `pages_pagetowidget` DISABLE KEYS */;

INSERT INTO `pages_pagetowidget` (`id`, `page_id`, `widget_id`)
VALUES
	(1,1,1),
	(5,1,2),
	(6,1,4),
	(7,1,5),
	(4,2,2),
	(3,2,3);

/*!40000 ALTER TABLE `pages_pagetowidget` ENABLE KEYS */;
UNLOCK TABLES;


# Dump of table pages_textwidget
# ------------------------------------------------------------

DROP TABLE IF EXISTS `pages_textwidget`;

CREATE TABLE `pages_textwidget` (
  `widget_ptr_id` int(11) NOT NULL,
  `content` longtext NOT NULL,
  PRIMARY KEY (`widget_ptr_id`),
  CONSTRAINT `pages_textwidg_widget_ptr_id_7407edaa84ad32f1_fk_pages_widget_id` FOREIGN KEY (`widget_ptr_id`) REFERENCES `pages_widget` (`id`)
) ENGINE=InnoDB DEFAULT CHARSET=utf8;



# Dump of table pages_widget
# ------------------------------------------------------------

DROP TABLE IF EXISTS `pages_widget`;

CREATE TABLE `pages_widget` (
  `id` int(11) NOT NULL AUTO_INCREMENT,
  `name` varchar(255) NOT NULL,
  `created` datetime(6) NOT NULL,
  `last_modified` datetime(6) NOT NULL,
  `start_date` datetime(6) DEFAULT NULL,
  `end_date` datetime(6) DEFAULT NULL,
  PRIMARY KEY (`id`)
) ENGINE=InnoDB DEFAULT CHARSET=utf8;

LOCK TABLES `pages_widget` WRITE;
/*!40000 ALTER TABLE `pages_widget` DISABLE KEYS */;

INSERT INTO `pages_widget` (`id`, `name`, `created`, `last_modified`, `start_date`, `end_date`)
VALUES
	(1,'All New Releases','2015-09-03 19:32:20.684525','2015-09-04 17:51:25.417931',NULL,NULL),
	(2,'Comedies','2015-09-03 19:32:36.254236','2015-09-03 19:32:36.254269',NULL,NULL),
	(3,'All Movies','2015-09-04 04:04:17.674618','2015-09-04 04:04:17.674650',NULL,NULL),
	(4,'Dramas','2015-09-06 19:11:00.626876','2015-09-06 19:11:00.626910',NULL,NULL),
	(5,'Movies from 2011','2015-09-06 19:11:24.786072','2015-09-06 19:13:14.988901',NULL,NULL);

/*!40000 ALTER TABLE `pages_widget` ENABLE KEYS */;
UNLOCK TABLES;


# Dump of table viewing
# ------------------------------------------------------------

DROP TABLE IF EXISTS `viewing`;

CREATE TABLE `viewing` (
  `id` int(11) NOT NULL AUTO_INCREMENT,
  `movie_id` int(11) NOT NULL,
  `user_id` int(11) DEFAULT NULL,
  `timestamp` datetime(6) NOT NULL,
  `rating` decimal(2,1) DEFAULT NULL,
  PRIMARY KEY (`id`),
  UNIQUE KEY `viewing_user_id_d2d7d15b1a31316_uniq` (`user_id`,`movie_id`),
  KEY `viewing_movie_id_3532cf82528be273_fk_movies_movie_id` (`movie_id`),
  CONSTRAINT `viewing_movie_id_3532cf82528be273_fk_movies_movie_id` FOREIGN KEY (`movie_id`) REFERENCES `movies_movie` (`id`),
  CONSTRAINT `viewing_user_id_1c0806295efb57d3_fk_auth_user_id` FOREIGN KEY (`user_id`) REFERENCES `auth_user` (`id`)
) ENGINE=InnoDB DEFAULT CHARSET=utf8;

LOCK TABLES `viewing` WRITE;
/*!40000 ALTER TABLE `viewing` DISABLE KEYS */;

INSERT INTO `viewing` (`id`, `movie_id`, `user_id`, `timestamp`, `rating`)
VALUES
	(3,189,1,'2015-09-04 17:56:02.141937',5.0),
	(4,213,1,'2015-09-04 18:03:14.588249',1.0),
	(5,209,1,'2015-09-04 18:05:45.021073',4.0),
	(6,131,1,'2015-09-04 18:27:45.303280',3.0),
	(7,299,1,'2015-09-04 18:28:35.036927',4.0),
	(9,49,1,'2015-09-04 18:34:00.234811',3.0),
	(10,50,1,'2015-09-04 18:34:33.756429',4.5),
	(11,53,1,'2015-09-04 22:07:06.421376',3.5),
	(12,55,1,'2015-09-04 22:12:57.976200',2.0),
	(13,68,1,'2015-09-04 22:13:00.338366',NULL),
	(14,66,1,'2015-09-04 22:13:01.122900',NULL),
	(15,61,1,'2015-09-04 22:13:01.879536',NULL),
	(16,57,1,'2015-09-04 22:13:02.471417',2.5),
	(17,70,1,'2015-09-04 22:13:03.991550',NULL),
	(18,72,1,'2015-09-04 22:13:04.518761',NULL),
	(19,73,1,'2015-09-04 22:13:04.969090',NULL),
	(20,74,1,'2015-09-04 22:13:05.411621',NULL),
	(21,91,1,'2015-09-04 22:13:08.399291',NULL),
	(22,101,1,'2015-09-04 22:13:10.604588',NULL),
	(23,103,1,'2015-09-04 22:13:11.370270',NULL),
	(24,123,1,'2015-09-04 22:13:14.993299',3.5),
	(25,115,1,'2015-09-04 22:13:15.565017',NULL),
	(26,114,1,'2015-09-04 22:13:16.251677',NULL),
	(27,129,1,'2015-09-04 22:13:18.040485',NULL),
	(28,60,1,'2015-09-04 22:13:26.156125',NULL),
	(29,64,1,'2015-09-04 22:13:26.758218',NULL),
	(30,65,1,'2015-09-04 22:13:27.342754',NULL),
	(31,83,1,'2015-09-04 22:13:30.073800',NULL),
	(32,69,1,'2015-09-04 22:13:30.941287',NULL),
	(33,87,1,'2015-09-04 22:13:32.301354',NULL),
	(34,97,1,'2015-09-04 22:13:33.954117',NULL),
	(35,95,1,'2015-09-04 22:13:34.674831',NULL),
	(36,96,1,'2015-09-04 22:13:35.125483',NULL),
	(37,110,1,'2015-09-04 22:13:36.756575',NULL),
	(38,109,1,'2015-09-04 22:13:37.351316',NULL),
	(39,218,1,'2015-09-04 22:27:13.641636',NULL),
	(40,190,1,'2015-09-04 22:28:21.780612',NULL),
	(41,77,1,'2015-09-04 22:28:42.983309',NULL),
	(42,80,1,'2015-09-04 22:30:22.958418',4.0),
	(43,216,1,'2015-09-04 23:00:25.492266',4.0),
	(44,359,1,'2015-09-06 18:48:31.944503',3.0),
	(45,200,1,'2015-09-06 18:49:03.583711',2.0),
	(46,376,1,'2015-09-06 18:52:14.148787',NULL),
	(47,398,1,'2015-09-06 18:54:19.690512',NULL),
	(48,208,1,'2015-09-06 18:57:02.706019',NULL);

/*!40000 ALTER TABLE `viewing` ENABLE KEYS */;
UNLOCK TABLES;



/*!40111 SET SQL_NOTES=@OLD_SQL_NOTES */;
/*!40101 SET SQL_MODE=@OLD_SQL_MODE */;
/*!40014 SET FOREIGN_KEY_CHECKS=@OLD_FOREIGN_KEY_CHECKS */;
/*!40101 SET CHARACTER_SET_CLIENT=@OLD_CHARACTER_SET_CLIENT */;
/*!40101 SET CHARACTER_SET_RESULTS=@OLD_CHARACTER_SET_RESULTS */;
/*!40101 SET COLLATION_CONNECTION=@OLD_COLLATION_CONNECTION */;
